
-- dumping data 


USE `hello_happy`;

insert into entry_activities (entryId, activityId) values (1, 1000001);
insert into entry_activities (entryId, activityId) values (2, 1000002);
insert into entry_activities (entryId, activityId) values (3, 1000003);
insert into entry_activities (entryId, activityId) values (4, 1000004);
insert into entry_activities (entryId, activityId) values (5, 1000005);
insert into entry_activities (entryId, activityId) values (6, 1000006);
insert into entry_activities (entryId, activityId) values (7, 1000007);
insert into entry_activities (entryId, activityId) values (8, 1000008);
insert into entry_activities (entryId, activityId) values (9, 1000009);
insert into entry_activities (entryId, activityId) values (10, 1000010);
insert into entry_activities (entryId, activityId) values (11, 1000011);
insert into entry_activities (entryId, activityId) values (12, 1000012);
insert into entry_activities (entryId, activityId) values (13, 1000013);
insert into entry_activities (entryId, activityId) values (14, 1000014);
insert into entry_activities (entryId, activityId) values (15, 1000015);
insert into entry_activities (entryId, activityId) values (16, 1000016);
insert into entry_activities (entryId, activityId) values (17, 1000017);
insert into entry_activities (entryId, activityId) values (18, 1000018);
insert into entry_activities (entryId, activityId) values (19, 1000019);
insert into entry_activities (entryId, activityId) values (20, 1000020);
insert into entry_activities (entryId, activityId) values (21, 1000021);
insert into entry_activities (entryId, activityId) values (22, 1000022);
insert into entry_activities (entryId, activityId) values (23, 1000023);
insert into entry_activities (entryId, activityId) values (24, 1000024);
insert into entry_activities (entryId, activityId) values (25, 1000025);
insert into entry_activities (entryId, activityId) values (26, 1000026);
insert into entry_activities (entryId, activityId) values (27, 1000027);
insert into entry_activities (entryId, activityId) values (28, 1000028);
insert into entry_activities (entryId, activityId) values (29, 1000029);
insert into entry_activities (entryId, activityId) values (30, 1000030);
insert into entry_activities (entryId, activityId) values (31, 1000031);
insert into entry_activities (entryId, activityId) values (32, 1000032);
insert into entry_activities (entryId, activityId) values (33, 1000033);
insert into entry_activities (entryId, activityId) values (34, 1000034);
insert into entry_activities (entryId, activityId) values (35, 1000035);
insert into entry_activities (entryId, activityId) values (36, 1000036);
insert into entry_activities (entryId, activityId) values (37, 1000037);
insert into entry_activities (entryId, activityId) values (38, 1000038);
insert into entry_activities (entryId, activityId) values (39, 1000039);
insert into entry_activities (entryId, activityId) values (40, 1000040);
insert into entry_activities (entryId, activityId) values (41, 1000041);
insert into entry_activities (entryId, activityId) values (42, 1000042);
insert into entry_activities (entryId, activityId) values (43, 1000043);
insert into entry_activities (entryId, activityId) values (44, 1000044);
insert into entry_activities (entryId, activityId) values (45, 1000045);
insert into entry_activities (entryId, activityId) values (46, 1000046);
insert into entry_activities (entryId, activityId) values (47, 1000047);
insert into entry_activities (entryId, activityId) values (48, 1000048);
insert into entry_activities (entryId, activityId) values (49, 1000049);
insert into entry_activities (entryId, activityId) values (50, 1000050);
insert into entry_activities (entryId, activityId) values (51, 1000051);
insert into entry_activities (entryId, activityId) values (52, 1000052);
insert into entry_activities (entryId, activityId) values (53, 1000053);
insert into entry_activities (entryId, activityId) values (54, 1000054);
insert into entry_activities (entryId, activityId) values (55, 1000055);
insert into entry_activities (entryId, activityId) values (56, 1000056);
insert into entry_activities (entryId, activityId) values (57, 1000057);
insert into entry_activities (entryId, activityId) values (58, 1000058);
insert into entry_activities (entryId, activityId) values (59, 1000059);
insert into entry_activities (entryId, activityId) values (60, 1000060);





insert into entry (entryId, dayRating, goodDay, gender, moodRating, peopleSeen, meals, ozWater, hoursExercise, exerciseIntensity, hoursSleep, people, wakeUpTime, sleepTime, weather, primaryLocation, visibility, userId) values (1, 19, false, 'Bigender', 6, 32, 'posuere nonummy integer non velit donec diam neque vestibulum eget vulputate ut ultrices vel augue vestibulum ante ipsum primis', 20.8, 6, 7, 12, 'euismod scelerisque quam turpis adipiscing lorem vitae mattis nibh ligula nec sem duis aliquam convallis nunc', '2022-04-10 00:29:24', '2022-10-25 22:05:05', 9, 'ultrices aliquet maecenas', true, 1);
insert into entry (entryId, dayRating, goodDay, gender, moodRating, peopleSeen, meals, ozWater, hoursExercise, exerciseIntensity, hoursSleep, people, wakeUpTime, sleepTime, weather, primaryLocation, visibility, userId) values (2, 14, false, 'Male', 5, 32, 'vitae nisl aenean lectus pellentesque eget nunc donec', 83.7, 2, 70, 10, 'parturient montes nascetur ridiculus mus vivamus', '2023-06-12 10:39:54', '2022-06-08 16:53:09', 9, 'rutrum neque aenean auctor gravida sem praesent', true, 2);
insert into entry (entryId, dayRating, goodDay, gender, moodRating, peopleSeen, meals, ozWater, hoursExercise, exerciseIntensity, hoursSleep, people, wakeUpTime, sleepTime, weather, primaryLocation, visibility, userId) values (3, 5, false, 'Male', 9, 61, 'viverra diam vitae quam suspendisse potenti nullam porttitor lacus at turpis', 77.4, 2, 23, 5, 'faucibus orci luctus et ultrices posuere cubilia curae mauris viverra diam vitae quam', '2023-06-04 03:14:42', '2022-06-15 01:41:28', 6, 'odio consequat varius integer ac leo pellentesque', true, 3);
insert into entry (entryId, dayRating, goodDay, gender, moodRating, peopleSeen, meals, ozWater, hoursExercise, exerciseIntensity, hoursSleep, people, wakeUpTime, sleepTime, weather, primaryLocation, visibility, userId) values (4, 2, true, 'Female', 3, 90, 'sed ante vivamus tortor duis mattis egestas metus aenean fermentum donec ut mauris eget massa', 54.7, 19, 71, 11, 'nam ultrices libero non mattis pulvinar', '2022-11-22 13:53:03', '2023-11-19 20:39:36', 8, 'erat tortor sollicitudin mi sit amet lobortis sapien sapien non mi', false, 4);
insert into entry (entryId, dayRating, goodDay, gender, moodRating, peopleSeen, meals, ozWater, hoursExercise, exerciseIntensity, hoursSleep, people, wakeUpTime, sleepTime, weather, primaryLocation, visibility, userId) values (5, 14, true, 'Female', 4, 25, 'tempus semper est quam pharetra magna ac consequat metus sapien', 1.1, 13, 60, 4, 'vivamus tortor duis mattis egestas metus aenean fermentum donec ut mauris eget massa tempor convallis', '2022-12-25 12:44:58', '2023-07-21 06:04:15', 2, '', false, 5);
insert into entry (entryId, dayRating, goodDay, gender, moodRating, peopleSeen, meals, ozWater, hoursExercise, exerciseIntensity, hoursSleep, people, wakeUpTime, sleepTime, weather, primaryLocation, visibility, userId) values (6, 17, true, 'Male', 1, 43, 'velit donec diam neque', 92.3, 3, 39, 2, 'in felis eu sapien cursus vestibulum proin eu mi', '2023-12-20 01:56:21', '2023-11-04 09:00:17', 5, 'nisl aenean lectus pellentesque eget nunc donec quis orci eget orci vehicula', false, 6);
insert into entry (entryId, dayRating, goodDay, gender, moodRating, peopleSeen, meals, ozWater, hoursExercise, exerciseIntensity, hoursSleep, people, wakeUpTime, sleepTime, weather, primaryLocation, visibility, userId) values (7, 11, true, 'Female', 9, 73, 'morbi ut odio cras mi pede malesuada in imperdiet et commodo vulputate justo in blandit ultrices enim', 38.4, 7, 40, 8, 'luctus nec molestie sed', '2022-12-31 16:32:50', '2023-04-23 07:21:59', 6, 'congue diam id ornare imperdiet sapien', false, 7);
insert into entry (entryId, dayRating, goodDay, gender, moodRating, peopleSeen, meals, ozWater, hoursExercise, exerciseIntensity, hoursSleep, people, wakeUpTime, sleepTime, weather, primaryLocation, visibility, userId) values (8, 13, true, 'Female', 2, 72, 'lacus morbi quis tortor id nulla ultrices aliquet maecenas leo odio condimentum id luctus nec molestie sed justo', 51.2, 0, 10, 6, 'faucibus accumsan odio curabitur convallis duis consequat dui nec nisi volutpat eleifend donec ut dolor morbi vel lectus', '2022-11-20 20:15:40', '2023-10-21 23:59:50', 3, 'pede venenatis non sodales sed tincidunt eu felis fusce posuere felis sed lacus morbi sem', false, 8);
insert into entry (entryId, dayRating, goodDay, gender, moodRating, peopleSeen, meals, ozWater, hoursExercise, exerciseIntensity, hoursSleep, people, wakeUpTime, sleepTime, weather, primaryLocation, visibility, userId) values (9, 16, true, 'Female', 1, 86, 'nulla ut erat id mauris vulputate elementum nullam varius nulla facilisi cras non', 35.3, 17, 71, 1, 'scelerisque quam turpis adipiscing lorem vitae mattis nibh ligula nec sem duis aliquam convallis nunc proin', '2022-11-03 03:32:24', '2022-12-27 07:23:14', 2, 'amet erat nulla tempus vivamus in felis eu sapien cursus vestibulum proin eu', true, 9);
insert into entry (entryId, dayRating, goodDay, gender, moodRating, peopleSeen, meals, ozWater, hoursExercise, exerciseIntensity, hoursSleep, people, wakeUpTime, sleepTime, weather, primaryLocation, visibility, userId) values (10, 0, true, 'Male', 2, 77, 'maecenas tincidunt lacus at velit vivamus vel nulla eget eros elementum pellentesque quisque porta volutpat erat', 1.1, 3, 11, 8, 'tortor sollicitudin mi sit', '2023-12-15 20:18:55', '2024-02-22 20:30:59', 7, 'dis parturient montes nascetur ridiculus mus vivamus', true, 10);
insert into entry (entryId, dayRating, goodDay, gender, moodRating, peopleSeen, meals, ozWater, hoursExercise, exerciseIntensity, hoursSleep, people, wakeUpTime, sleepTime, weather, primaryLocation, visibility, userId) values (11, 7, true, 'Male', 4, 64, 'dapibus augue vel', 28.0, 22, 91, 6, 'nullam varius nulla facilisi cras non', '2023-04-04 15:34:35', '2023-11-05 14:18:44', 0, 'praesent blandit nam nulla integer pede justo lacinia eget tincidunt eget tempus vel pede morbi porttitor', false, 11);
insert into entry (entryId, dayRating, goodDay, gender, moodRating, peopleSeen, meals, ozWater, hoursExercise, exerciseIntensity, hoursSleep, people, wakeUpTime, sleepTime, weather, primaryLocation, visibility, userId) values (12, 1, false, 'Female', 8, 67, 'ultrices posuere cubilia curae mauris viverra diam vitae quam suspendisse potenti nullam porttitor lacus', 36.0, 4, 14, 1, 'orci luctus et ultrices posuere cubilia curae mauris viverra diam vitae quam suspendisse potenti nullam', '2024-02-06 07:03:16', '2023-11-04 01:57:27', 3, 'interdum mauris ullamcorper purus sit amet nulla quisque arcu libero rutrum ac lobortis', false, 12);
insert into entry (entryId, dayRating, goodDay, gender, moodRating, peopleSeen, meals, ozWater, hoursExercise, exerciseIntensity, hoursSleep, people, wakeUpTime, sleepTime, weather, primaryLocation, visibility, userId) values (13, 14, true, 'Male', 1, 96, 'adipiscing elit proin interdum mauris non ligula pellentesque ultrices phasellus id sapien', 89.1, 22, 10, 5, 'purus aliquet at feugiat non pretium quis lectus suspendisse potenti in eleifend quam a', '2022-04-11 01:08:40', '2023-02-23 20:53:09', 6, 'accumsan tellus nisi eu orci mauris', true, 13);
insert into entry (entryId, dayRating, goodDay, gender, moodRating, peopleSeen, meals, ozWater, hoursExercise, exerciseIntensity, hoursSleep, people, wakeUpTime, sleepTime, weather, primaryLocation, visibility, userId) values (14, 8, false, 'Non-binary', 3, 72, 'cubilia curae nulla dapibus dolor vel est donec odio justo sollicitudin ut suscipit a', 21.6, 17, 44, 11, 'nisi vulputate nonummy maecenas tincidunt lacus at velit vivamus vel nulla eget eros', '2022-07-30 10:06:00', '2023-04-29 20:13:44', 3, 'eget orci vehicula condimentum curabitur in libero ut massa volutpat convallis morbi odio odio elementum eu interdum eu tincidunt in', true, 14);
insert into entry (entryId, dayRating, goodDay, gender, moodRating, peopleSeen, meals, ozWater, hoursExercise, exerciseIntensity, hoursSleep, people, wakeUpTime, sleepTime, weather, primaryLocation, visibility, userId) values (15, 7, true, 'Male', 3, 87, 'eget tempus vel pede morbi porttitor lorem id ligula suspendisse ornare', 30.5, 2, 28, 12, 'ac tellus semper', '2023-08-19 17:28:01', '2022-10-06 15:53:23', 1, 'amet eleifend pede libero quis orci nullam molestie nibh in lectus pellentesque at nulla suspendisse potenti', true, 15);
insert into entry (entryId, dayRating, goodDay, gender, moodRating, peopleSeen, meals, ozWater, hoursExercise, exerciseIntensity, hoursSleep, people, wakeUpTime, sleepTime, weather, primaryLocation, visibility, userId) values (16, 0, false, 'Female', 2, 27, 'non quam nec', 35.7, 2, 37, 11, 'eu est congue', '2022-12-21 15:20:48', '2022-07-02 15:11:20', 3, 'sed justo pellentesque viverra pede ac diam cras pellentesque volutpat dui maecenas tristique est et tempus', false, 16);
insert into entry (entryId, dayRating, goodDay, gender, moodRating, peopleSeen, meals, ozWater, hoursExercise, exerciseIntensity, hoursSleep, people, wakeUpTime, sleepTime, weather, primaryLocation, visibility, userId) values (17, 2, true, 'Female', 10, 36, 'augue luctus tincidunt nulla mollis molestie lorem quisque ut erat curabitur gravida nisi', 66.0, 1, 15, 2, 'posuere metus vitae ipsum aliquam non mauris morbi non lectus aliquam sit amet diam in magna bibendum imperdiet nullam orci', '2022-08-25 18:15:04', '2023-11-19 04:49:09', 9, 'nunc commodo placerat praesent blandit nam nulla integer pede justo lacinia eget tincidunt eget tempus vel', false, 17);
insert into entry (entryId, dayRating, goodDay, gender, moodRating, peopleSeen, meals, ozWater, hoursExercise, exerciseIntensity, hoursSleep, people, wakeUpTime, sleepTime, weather, primaryLocation, visibility, userId) values (18, 3, false, 'Female', 5, 9, null, 78.0, 13, 39, 4, 'quis lectus suspendisse potenti in eleifend quam a odio in hac habitasse platea', '2023-03-22 11:53:39', '2023-12-15 14:33:12', 1, 'suspendisse ornare consequat lectus in est risus auctor sed tristique', true, 18);
insert into entry (entryId, dayRating, goodDay, gender, moodRating, peopleSeen, meals, ozWater, hoursExercise, exerciseIntensity, hoursSleep, people, wakeUpTime, sleepTime, weather, primaryLocation, visibility, userId) values (19, 4, true, 'Male', 2, 8, 'hendrerit at vulputate vitae nisl aenean lectus pellentesque eget nunc donec quis orci eget orci vehicula condimentum curabitur in libero', 87.9, 15, 48, 1, 'quisque erat eros viverra eget congue eget semper rutrum nulla nunc purus phasellus', '2022-10-03 13:17:55', '2022-10-30 08:40:55', 9, 'non pretium quis lectus suspendisse', true, 19);
insert into entry (entryId, dayRating, goodDay, gender, moodRating, peopleSeen, meals, ozWater, hoursExercise, exerciseIntensity, hoursSleep, people, wakeUpTime, sleepTime, weather, primaryLocation, visibility, userId) values (20, 2, false, 'Male', 8, 69, 'dolor vel est donec odio justo sollicitudin ut suscipit a feugiat et eros vestibulum ac est lacinia nisi venenatis', 85.7, 7, 0, 6, 'vel augue vestibulum rutrum rutrum neque aenean auctor gravida sem praesent id massa id', '2023-06-09 04:32:09', '2023-08-24 19:55:16', 6, 'tempus vivamus in felis eu sapien cursus vestibulum proin eu mi nulla ac enim in tempor turpis nec euismod scelerisque', false, 20);
insert into entry (entryId, dayRating, goodDay, gender, moodRating, peopleSeen, meals, ozWater, hoursExercise, exerciseIntensity, hoursSleep, people, wakeUpTime, sleepTime, weather, primaryLocation, visibility, userId) values (21, 20, true, 'Male', 4, 19, 'viverra dapibus nulla suscipit ligula in lacus curabitur at ipsum', 24.5, 8, 17, 0, 'curae nulla dapibus dolor vel', '2023-06-16 20:23:23', '2023-12-08 17:29:14', 4, 'nascetur ridiculus mus vivamus vestibulum sagittis sapien cum sociis natoque penatibus et magnis dis parturient', true, 21);
insert into entry (entryId, dayRating, goodDay, gender, moodRating, peopleSeen, meals, ozWater, hoursExercise, exerciseIntensity, hoursSleep, people, wakeUpTime, sleepTime, weather, primaryLocation, visibility, userId) values (22, 10, true, 'Male', 3, 88, 'suspendisse potenti nullam porttitor lacus at turpis donec posuere metus vitae', 93.1, 0, 7, 4, 'maecenas tristique est et tempus semper est quam pharetra magna ac consequat metus sapien ut nunc vestibulum ante', '2023-07-30 21:59:38', '2024-01-06 10:18:49', 10, 'non mauris morbi non lectus aliquam sit amet diam in magna bibendum imperdiet nullam orci pede venenatis non', false, 22);
insert into entry (entryId, dayRating, goodDay, gender, moodRating, peopleSeen, meals, ozWater, hoursExercise, exerciseIntensity, hoursSleep, people, wakeUpTime, sleepTime, weather, primaryLocation, visibility, userId) values (23, 11, true, 'Genderqueer', 1, 69, 'tellus nisi eu orci mauris lacinia sapien quis libero nullam sit', 63.9, 10, 51, 2, 'est phasellus sit amet erat nulla tempus vivamus in felis', '2022-07-20 11:24:38', '2023-11-13 19:18:25', 1, 'dui maecenas tristique est et tempus semper est', false, 23);
insert into entry (entryId, dayRating, goodDay, gender, moodRating, peopleSeen, meals, ozWater, hoursExercise, exerciseIntensity, hoursSleep, people, wakeUpTime, sleepTime, weather, primaryLocation, visibility, userId) values (24, 5, true, 'Female', 2, 47, 'odio consequat varius integer ac leo pellentesque ultrices mattis odio donec vitae nisi nam ultrices libero non mattis pulvinar nulla', 22.3, 8, 25, 9, 'in tempus sit amet sem fusce consequat nulla nisl', '2022-08-13 19:21:24', '2023-09-24 20:49:35', 8, 'in sagittis dui vel nisl duis ac nibh fusce lacus purus', true, 24);
insert into entry (entryId, dayRating, goodDay, gender, moodRating, peopleSeen, meals, ozWater, hoursExercise, exerciseIntensity, hoursSleep, people, wakeUpTime, sleepTime, weather, primaryLocation, visibility, userId) values (25, 6, true, 'Male', 3, 97, 'nunc commodo placerat praesent blandit nam nulla integer pede justo', 71.7, 15, 60, 4, 'amet', '2022-05-19 22:45:27', '2022-09-30 21:53:00', 2, 'venenatis tristique fusce congue diam id ornare imperdiet sapien urna pretium nisl ut volutpat', false, 25);
insert into entry (entryId, dayRating, goodDay, gender, moodRating, peopleSeen, meals, ozWater, hoursExercise, exerciseIntensity, hoursSleep, people, wakeUpTime, sleepTime, weather, primaryLocation, visibility, userId) values (26, 17, false, 'Female', 9, 4, 'morbi vel lectus in quam fringilla rhoncus mauris enim leo rhoncus sed', 62.5, 14, 32, 2, 'pulvinar nulla pede ullamcorper augue a suscipit nulla elit ac nulla sed vel', '2023-01-26 11:43:10', '2022-09-02 13:04:58', 7, 'non sodales sed tincidunt eu felis fusce posuere felis sed lacus morbi sem', false, 26);
insert into entry (entryId, dayRating, goodDay, gender, moodRating, peopleSeen, meals, ozWater, hoursExercise, exerciseIntensity, hoursSleep, people, wakeUpTime, sleepTime, weather, primaryLocation, visibility, userId) values (27, 8, true, 'Male', 3, 16, 'diam neque vestibulum eget vulputate ut ultrices vel augue vestibulum ante ipsum primis in faucibus orci luctus et ultrices posuere', 79.6, 19, 86, 0, 'lacus at turpis donec posuere metus vitae ipsum aliquam non', '2022-09-10 20:32:04', '2023-09-26 13:23:16', 6, 'in consequat ut nulla sed accumsan felis ut at dolor quis', true, 27);
insert into entry (entryId, dayRating, goodDay, gender, moodRating, peopleSeen, meals, ozWater, hoursExercise, exerciseIntensity, hoursSleep, people, wakeUpTime, sleepTime, weather, primaryLocation, visibility, userId) values (28, 13, true, 'Female', 7, 32, 'habitasse platea dictumst aliquam augue quam sollicitudin vitae consectetuer eget rutrum at lorem integer tincidunt ante vel ipsum', 13.7, 22, 66, 4, 'ante vivamus tortor duis mattis egestas metus aenean', '2023-10-15 19:38:45', '2022-11-11 23:36:18', 3, 'metus vitae ipsum aliquam non mauris morbi non lectus aliquam sit amet', false, 28);
insert into entry (entryId, dayRating, goodDay, gender, moodRating, peopleSeen, meals, ozWater, hoursExercise, exerciseIntensity, hoursSleep, people, wakeUpTime, sleepTime, weather, primaryLocation, visibility, userId) values (29, 0, false, 'Agender', 2, 61, 'sagittis', 62.0, 18, 97, 0, 'proin interdum mauris non ligula pellentesque ultrices phasellus id sapien in sapien', '2024-04-13 01:33:03', '2022-11-12 09:11:15', 1, 'sit amet sapien dignissim vestibulum vestibulum ante ipsum primis in faucibus orci luctus et ultrices posuere cubilia curae nulla', true, 29);
insert into entry (entryId, dayRating, goodDay, gender, moodRating, peopleSeen, meals, ozWater, hoursExercise, exerciseIntensity, hoursSleep, people, wakeUpTime, sleepTime, weather, primaryLocation, visibility, userId) values (30, 9, true, 'Genderfluid', 6, 16, 'ultrices erat tortor sollicitudin mi sit amet lobortis sapien sapien non mi integer ac', 56.9, 18, 78, 1, 'tristique fusce congue diam id ornare imperdiet sapien urna pretium nisl ut volutpat sapien', '2022-04-28 22:13:05', '2023-09-19 03:09:48', 10, 'pretium nisl ut volutpat sapien arcu sed', false, 30);
insert into entry (entryId, dayRating, goodDay, gender, moodRating, peopleSeen, meals, ozWater, hoursExercise, exerciseIntensity, hoursSleep, people, wakeUpTime, sleepTime, weather, primaryLocation, visibility, userId) values (31, 18, false, 'Male', 8, 69, 'purus eu', 44.1, 9, 0, 12, 'odio donec vitae', '2023-03-29 22:53:24', '2022-12-29 22:00:54', 3, 'odio in', false, 31);
insert into entry (entryId, dayRating, goodDay, gender, moodRating, peopleSeen, meals, ozWater, hoursExercise, exerciseIntensity, hoursSleep, people, wakeUpTime, sleepTime, weather, primaryLocation, visibility, userId) values (32, 9, false, 'Female', 4, 64, 'porttitor lorem id ligula', 17.9, 4, 84, 0, 'facilisi', '2023-04-03 09:49:31', '2023-01-15 01:55:15', 1, 'enim in tempor turpis nec euismod scelerisque quam turpis adipiscing lorem vitae mattis nibh ligula nec sem duis aliquam', false, 32);
insert into entry (entryId, dayRating, goodDay, gender, moodRating, peopleSeen, meals, ozWater, hoursExercise, exerciseIntensity, hoursSleep, people, wakeUpTime, sleepTime, weather, primaryLocation, visibility, userId) values (33, 16, true, 'Female', 5, 5, 'sollicitudin', 91.5, 1, 60, 4, 'luctus et ultrices posuere cubilia curae duis faucibus accumsan odio curabitur convallis', '2023-04-15 22:22:16', '2023-06-30 06:02:15', 3, 'pharetra magna', false, 33);
insert into entry (entryId, dayRating, goodDay, gender, moodRating, peopleSeen, meals, ozWater, hoursExercise, exerciseIntensity, hoursSleep, people, wakeUpTime, sleepTime, weather, primaryLocation, visibility, userId) values (34, 7, true, 'Male', 4, 33, 'fusce posuere felis sed lacus morbi sem mauris laoreet', 30.8, 22, 51, 7, 'bibendum morbi', '2023-09-30 22:23:32', '2023-02-09 09:08:35', 4, 'aenean fermentum donec ut mauris eget massa tempor convallis nulla neque libero convallis eget eleifend luctus ultricies', false, 34);
insert into entry (entryId, dayRating, goodDay, gender, moodRating, peopleSeen, meals, ozWater, hoursExercise, exerciseIntensity, hoursSleep, people, wakeUpTime, sleepTime, weather, primaryLocation, visibility, userId) values (35, 17, true, 'Female', 9, 93, 'bibendum imperdiet nullam orci pede', 94.8, 18, 91, 10, 'eu mi nulla ac enim in tempor turpis nec euismod scelerisque quam turpis adipiscing', '2023-08-06 13:21:16', '2023-11-11 08:30:49', 10, 'mus vivamus vestibulum sagittis sapien cum sociis', false, 35);
insert into entry (entryId, dayRating, goodDay, gender, moodRating, peopleSeen, meals, ozWater, hoursExercise, exerciseIntensity, hoursSleep, people, wakeUpTime, sleepTime, weather, primaryLocation, visibility, userId) values (36, 3, true, 'Non-binary', 8, 23, 'non', 29.0, 23, 17, 8, 'eget tincidunt eget tempus vel pede morbi porttitor lorem id ligula suspendisse ornare consequat lectus in est risus auctor', '2022-05-17 05:51:08', '2022-10-26 23:41:30', 9, 'a feugiat et eros vestibulum ac est lacinia nisi venenatis tristique fusce congue diam id', true, 36);
insert into entry (entryId, dayRating, goodDay, gender, moodRating, peopleSeen, meals, ozWater, hoursExercise, exerciseIntensity, hoursSleep, people, wakeUpTime, sleepTime, weather, primaryLocation, visibility, userId) values (37, 14, false, 'Male', 8, 87, 'lacus at turpis donec posuere metus vitae ipsum aliquam', 4.0, 1, 88, 8, 'interdum mauris non ligula', '2022-12-30 06:34:32', '2023-03-06 06:23:01', 0, 'ligula nec sem duis aliquam convallis nunc proin at turpis a pede posuere nonummy integer non', false, 37);
insert into entry (entryId, dayRating, goodDay, gender, moodRating, peopleSeen, meals, ozWater, hoursExercise, exerciseIntensity, hoursSleep, people, wakeUpTime, sleepTime, weather, primaryLocation, visibility, userId) values (38, 13, true, 'Female', 6, 93, 'non sodales sed tincidunt eu felis fusce posuere felis', 20.0, 3, 72, 5, 'magna', '2022-10-09 02:59:47', '2022-10-23 10:35:54', 6, 'vestibulum ante ipsum primis', false, 38);
insert into entry (entryId, dayRating, goodDay, gender, moodRating, peopleSeen, meals, ozWater, hoursExercise, exerciseIntensity, hoursSleep, people, wakeUpTime, sleepTime, weather, primaryLocation, visibility, userId) values (39, 7, true, 'Male', 10, 24, 'tellus nisi eu orci mauris', 7.4, 23, 56, 2, 'id ornare imperdiet sapien', '2023-10-09 01:05:30', '2023-03-12 04:32:40', 4, 'duis at velit eu est congue elementum in hac', false, 39);
insert into entry (entryId, dayRating, goodDay, gender, moodRating, peopleSeen, meals, ozWater, hoursExercise, exerciseIntensity, hoursSleep, people, wakeUpTime, sleepTime, weather, primaryLocation, visibility, userId) values (40, 10, true, 'Male', 9, 94, 'non mauris morbi non lectus aliquam sit amet diam in magna bibendum imperdiet nullam orci pede venenatis non sodales', 33.9, 9, 47, 0, 'mauris', '2023-02-20 13:21:56', '2024-02-07 23:28:59', 8, 'eros elementum pellentesque quisque porta volutpat erat quisque erat eros viverra eget congue eget semper rutrum nulla nunc purus', false, 40);
insert into entry (entryId, dayRating, goodDay, gender, moodRating, peopleSeen, meals, ozWater, hoursExercise, exerciseIntensity, hoursSleep, people, wakeUpTime, sleepTime, weather, primaryLocation, visibility, userId) values (41, 0, true, 'Female', 10, 73, 'vestibulum ante ipsum primis in faucibus orci luctus et ultrices posuere cubilia curae duis', 25.1, 11, 2, 0, 'malesuada in imperdiet et commodo vulputate justo in blandit', '2023-07-01 07:27:02', '2023-12-15 06:48:30', 5, 'posuere metus vitae ipsum aliquam non', false, 41);
insert into entry (entryId, dayRating, goodDay, gender, moodRating, peopleSeen, meals, ozWater, hoursExercise, exerciseIntensity, hoursSleep, people, wakeUpTime, sleepTime, weather, primaryLocation, visibility, userId) values (42, 17, false, 'Male', 5, 25, 'sem sed sagittis nam congue risus semper porta', 21.3, 7, 71, 9, 'tempus sit amet sem fusce consequat nulla nisl', '2023-04-28 03:46:42', '2023-10-18 23:36:12', 7, 'id mauris vulputate elementum nullam varius nulla', false, 42);
insert into entry (entryId, dayRating, goodDay, gender, moodRating, peopleSeen, meals, ozWater, hoursExercise, exerciseIntensity, hoursSleep, people, wakeUpTime, sleepTime, weather, primaryLocation, visibility, userId) values (43, 5, false, 'Male', 1, 9, 'vitae ipsum aliquam', 23.6, 7, 77, 14, 'duis aliquam convallis nunc proin at turpis a pede posuere nonummy integer', '2023-12-31 08:12:08', '2023-04-07 04:55:54', 10, 'mi in porttitor pede justo eu massa donec dapibus duis at velit eu', false, 43);
insert into entry (entryId, dayRating, goodDay, gender, moodRating, peopleSeen, meals, ozWater, hoursExercise, exerciseIntensity, hoursSleep, people, wakeUpTime, sleepTime, weather, primaryLocation, visibility, userId) values (44, 1, true, 'Male', 8, 43, 'accumsan felis ut at dolor quis odio consequat varius integer', 74.2, 0, 22, 6, 'id consequat in consequat ut nulla sed', '2022-07-29 15:13:04', '2024-03-11 05:43:45', 7, 'leo pellentesque ultrices', true, 44);
insert into entry (entryId, dayRating, goodDay, gender, moodRating, peopleSeen, meals, ozWater, hoursExercise, exerciseIntensity, hoursSleep, people, wakeUpTime, sleepTime, weather, primaryLocation, visibility, userId) values (45, 10, true, 'Female', 4, 97, 'cubilia curae mauris', 17.1, 20, 8, 4, 'augue aliquam', '2023-12-17 06:55:14', '2023-07-27 15:58:05', 8, 'mauris non ligula pellentesque ultrices phasellus id sapien in sapien iaculis congue', false, 45);
insert into entry (entryId, dayRating, goodDay, gender, moodRating, peopleSeen, meals, ozWater, hoursExercise, exerciseIntensity, hoursSleep, people, wakeUpTime, sleepTime, weather, primaryLocation, visibility, userId) values (46, 0, false, 'Female', 9, 24, 'iaculis justo in hac habitasse platea dictumst', 66.3, 0, 84, 12, 'ut tellus nulla', '2022-07-18 13:48:26', '2022-12-01 05:04:26', 9, 'felis eu sapien cursus vestibulum proin eu mi nulla ac enim in tempor turpis nec euismod scelerisque quam', false, 46);
insert into entry (entryId, dayRating, goodDay, gender, moodRating, peopleSeen, meals, ozWater, hoursExercise, exerciseIntensity, hoursSleep, people, wakeUpTime, sleepTime, weather, primaryLocation, visibility, userId) values (47, 5, true, 'Female', 6, 80, 'nisi eu orci mauris lacinia sapien quis libero nullam sit amet', 47.0, 4, 1, 12, 'in felis donec', '2023-05-15 11:03:58', '2022-05-22 01:44:03', 9, 'id turpis integer aliquet massa id lobortis convallis tortor risus dapibus augue vel accumsan', true, 47);
insert into entry (entryId, dayRating, goodDay, gender, moodRating, peopleSeen, meals, ozWater, hoursExercise, exerciseIntensity, hoursSleep, people, wakeUpTime, sleepTime, weather, primaryLocation, visibility, userId) values (48, 10, false, 'Male', 6, 8, 'vel accumsan tellus nisi eu', 87.0, 21, 47, 7, 'id turpis integer aliquet massa id lobortis convallis tortor risus dapibus', '2023-04-26 20:18:19', '2023-12-01 10:26:58', 8, 'at vulputate vitae nisl aenean lectus pellentesque eget nunc donec quis orci eget', true, 48);
insert into entry (entryId, dayRating, goodDay, gender, moodRating, peopleSeen, meals, ozWater, hoursExercise, exerciseIntensity, hoursSleep, people, wakeUpTime, sleepTime, weather, primaryLocation, visibility, userId) values (49, 13, false, 'Male', 5, 68, 'morbi ut odio cras mi pede malesuada', 96.7, 11, 37, 14, 'lorem quisque ut erat', '2023-10-12 21:27:53', '2024-04-11 03:07:11', 7, 'est lacinia nisi venenatis tristique fusce congue diam id ornare imperdiet sapien urna pretium nisl ut volutpat', true, 49);
insert into entry (entryId, dayRating, goodDay, gender, moodRating, peopleSeen, meals, ozWater, hoursExercise, exerciseIntensity, hoursSleep, people, wakeUpTime, sleepTime, weather, primaryLocation, visibility, userId) values (50, 15, false, 'Male', 2, 68, 'cras in purus eu magna vulputate luctus cum sociis natoque', 46.9, 16, 9, 5, 'etiam justo etiam pretium iaculis justo', '2023-09-30 12:40:53', '2022-10-27 03:18:13', 1, 'at velit vivamus vel nulla eget eros elementum pellentesque quisque porta volutpat erat', true, 50);
insert into entry (entryId, dayRating, goodDay, gender, moodRating, peopleSeen, meals, ozWater, hoursExercise, exerciseIntensity, hoursSleep, people, wakeUpTime, sleepTime, weather, primaryLocation, visibility, userId) values (51, 8, true, 'Female', 10, 72, 'duis aliquam convallis nunc proin at turpis', 27.0, 4, 82, 3, 'ante vestibulum ante ipsum primis in faucibus orci luctus et ultrices posuere', '2023-08-08 00:36:22', '2022-12-27 01:34:27', 2, 'est congue elementum in hac habitasse platea dictumst morbi vestibulum velit id pretium iaculis', false, 51);
insert into entry (entryId, dayRating, goodDay, gender, moodRating, peopleSeen, meals, ozWater, hoursExercise, exerciseIntensity, hoursSleep, people, wakeUpTime, sleepTime, weather, primaryLocation, visibility, userId) values (52, 13, true, 'Female', 9, 64, 'nisl ut volutpat sapien arcu', 91.8, 9, 30, 2, 'etiam vel augue vestibulum rutrum rutrum neque aenean auctor gravida sem praesent', '2022-06-09 12:00:31', '2023-04-16 04:01:55', 7, 'hac habitasse platea', false, 52);
insert into entry (entryId, dayRating, goodDay, gender, moodRating, peopleSeen, meals, ozWater, hoursExercise, exerciseIntensity, hoursSleep, people, wakeUpTime, sleepTime, weather, primaryLocation, visibility, userId) values (53, 1, true, 'Male', 2, 70, 'a ipsum integer a nibh in quis justo maecenas rhoncus aliquam lacus morbi quis tortor id', 47.0, 3, 83, 6, 'duis ac nibh fusce lacus purus aliquet at feugiat non pretium quis lectus suspendisse potenti', '2023-03-10 07:24:20', '2022-06-28 15:12:00', 9, 'mauris laoreet', true, 53);
insert into entry (entryId, dayRating, goodDay, gender, moodRating, peopleSeen, meals, ozWater, hoursExercise, exerciseIntensity, hoursSleep, people, wakeUpTime, sleepTime, weather, primaryLocation, visibility, userId) values (54, 12, false, 'Male', 5, 26, 'orci nullam molestie nibh in lectus pellentesque at nulla suspendisse potenti cras in purus eu magna vulputate luctus cum', 79.5, 16, 95, 10, 'est quam pharetra magna ac consequat metus sapien ut nunc', '2023-06-30 02:17:58', '2023-09-05 04:19:33', 6, 'odio odio elementum eu interdum eu', true, 54);
insert into entry (entryId, dayRating, goodDay, gender, moodRating, peopleSeen, meals, ozWater, hoursExercise, exerciseIntensity, hoursSleep, people, wakeUpTime, sleepTime, weather, primaryLocation, visibility, userId) values (55, 19, true, 'Male', 5, 52, 'rhoncus sed vestibulum sit amet cursus id turpis integer aliquet massa id lobortis convallis tortor risus dapibus augue vel accumsan', 19.7, 7, 98, 8, 'sit amet diam in magna bibendum imperdiet nullam orci pede venenatis non sodales sed', '2022-05-17 22:38:19', '2022-06-24 11:35:44', 4, 'augue a suscipit nulla elit ac nulla sed vel enim sit amet nunc viverra dapibus nulla', false, 55);
insert into entry (entryId, dayRating, goodDay, gender, moodRating, peopleSeen, meals, ozWater, hoursExercise, exerciseIntensity, hoursSleep, people, wakeUpTime, sleepTime, weather, primaryLocation, visibility, userId) values (56, 19, false, 'Female', 9, 45, 'auctor gravida sem praesent id massa id nisl venenatis lacinia aenean sit amet justo morbi ut odio cras mi', 33.7, 11, 7, 13, 'dictumst aliquam augue quam sollicitudin vitae', '2023-06-21 06:35:07', '2023-05-15 10:26:35', 3, 'felis', true, 56);
insert into entry (entryId, dayRating, goodDay, gender, moodRating, peopleSeen, meals, ozWater, hoursExercise, exerciseIntensity, hoursSleep, people, wakeUpTime, sleepTime, weather, primaryLocation, visibility, userId) values (57, 15, false, 'Female', 7, 75, 'ac enim in tempor turpis', 49.1, 15, 36, 13, 'magna ac consequat metus sapien ut nunc vestibulum ante ipsum primis in faucibus', '2023-08-24 20:22:56', '2022-07-25 16:16:59', 10, 'duis consequat dui nec nisi volutpat eleifend donec ut dolor', true, 57);
insert into entry (entryId, dayRating, goodDay, gender, moodRating, peopleSeen, meals, ozWater, hoursExercise, exerciseIntensity, hoursSleep, people, wakeUpTime, sleepTime, weather, primaryLocation, visibility, userId) values (58, 5, false, 'Male', 3, 70, 'sem duis aliquam convallis nunc proin at turpis a pede posuere nonummy integer non velit donec diam neque', 54.5, 23, 92, 7, 'pede morbi porttitor lorem id', '2023-05-01 22:28:54', '2022-06-14 10:59:31', 0, 'vehicula condimentum curabitur in libero ut massa', true, 58);
insert into entry (entryId, dayRating, goodDay, gender, moodRating, peopleSeen, meals, ozWater, hoursExercise, exerciseIntensity, hoursSleep, people, wakeUpTime, sleepTime, weather, primaryLocation, visibility, userId) values (59, 12, false, 'Polygender', 8, 37, 'ut massa volutpat convallis morbi odio odio elementum eu interdum eu tincidunt in leo maecenas pulvinar lobortis est phasellus sit', 88.7, 17, 8, 4, 'convallis tortor risus dapibus augue vel accumsan tellus nisi eu orci mauris', '2023-08-30 07:16:27', '2024-01-25 19:22:33', 5, '', false, 59);
insert into entry (entryId, dayRating, goodDay, gender, moodRating, peopleSeen, meals, ozWater, hoursExercise, exerciseIntensity, hoursSleep, people, wakeUpTime, sleepTime, weather, primaryLocation, visibility, userId) values (60, 4, true, 'Female', 5, 76, null, 19.4, 11, 24, 3, 'odio condimentum id luctus nec molestie sed justo pellentesque viverra pede ac diam cras pellentesque volutpat', '2022-11-21 01:46:53', '2023-07-19 18:23:20', 2, 'nulla tellus in sagittis dui vel nisl duis ac nibh fusce lacus purus aliquet at feugiat', false, 60);
insert into entry (entryId, dayRating, goodDay, gender, moodRating, peopleSeen, meals, ozWater, hoursExercise, exerciseIntensity, hoursSleep, people, wakeUpTime, sleepTime, weather, primaryLocation, visibility, userId) values (61, 17, false, 'Female', 6, 58, 'ipsum ac tellus semper interdum mauris ullamcorper purus', 62.7, 10, 93, 5, 'aliquam sit amet diam in magna', '2024-04-12 15:32:53', '2022-11-16 07:43:22', 0, 'molestie nibh in lectus pellentesque at nulla suspendisse potenti', false, 61);
insert into entry (entryId, dayRating, goodDay, gender, moodRating, peopleSeen, meals, ozWater, hoursExercise, exerciseIntensity, hoursSleep, people, wakeUpTime, sleepTime, weather, primaryLocation, visibility, userId) values (62, 6, false, 'Male', 2, 4, 'mauris eget massa tempor convallis nulla neque libero convallis eget eleifend luctus ultricies eu nibh quisque id', 34.9, 18, 17, 4, 'mauris laoreet ut rhoncus aliquet pulvinar sed nisl', '2023-10-26 06:41:14', '2022-04-21 23:31:32', 5, 'nullam sit', false, 62);
insert into entry (entryId, dayRating, goodDay, gender, moodRating, peopleSeen, meals, ozWater, hoursExercise, exerciseIntensity, hoursSleep, people, wakeUpTime, sleepTime, weather, primaryLocation, visibility, userId) values (63, 18, false, 'Male', 2, 15, 'condimentum id luctus nec molestie sed justo pellentesque viverra pede ac diam cras pellentesque volutpat dui maecenas tristique est', 76.7, 4, 37, 10, 'sapien cum sociis natoque penatibus et', '2023-01-27 15:59:07', '2022-05-26 03:40:30', 8, 'eget rutrum at lorem integer tincidunt ante vel ipsum praesent blandit lacinia erat', false, 63);
insert into entry (entryId, dayRating, goodDay, gender, moodRating, peopleSeen, meals, ozWater, hoursExercise, exerciseIntensity, hoursSleep, people, wakeUpTime, sleepTime, weather, primaryLocation, visibility, userId) values (64, 15, true, 'Female', 3, 1, 'nulla facilisi cras', 50.9, 5, 54, 8, 'in imperdiet et commodo vulputate justo in blandit ultrices enim', '2023-11-08 07:17:12', '2023-09-28 08:21:27', 5, 'eget vulputate ut ultrices vel augue vestibulum ante ipsum primis in', false, 64);
insert into entry (entryId, dayRating, goodDay, gender, moodRating, peopleSeen, meals, ozWater, hoursExercise, exerciseIntensity, hoursSleep, people, wakeUpTime, sleepTime, weather, primaryLocation, visibility, userId) values (65, 1, true, 'Male', 8, 64, 'massa volutpat convallis morbi odio odio', 98.5, 20, 78, 7, 'nisl venenatis lacinia aenean sit amet justo morbi ut odio cras mi pede malesuada in imperdiet et', '2022-06-24 09:01:11', '2022-12-10 21:55:15', 7, 'in eleifend quam a odio in', true, 65);
insert into entry (entryId, dayRating, goodDay, gender, moodRating, peopleSeen, meals, ozWater, hoursExercise, exerciseIntensity, hoursSleep, people, wakeUpTime, sleepTime, weather, primaryLocation, visibility, userId) values (66, 11, true, 'Male', 4, 9, 'turpis adipiscing lorem vitae mattis nibh ligula', 25.9, 11, 30, 9, 'ut blandit non interdum in ante vestibulum ante ipsum primis in faucibus', '2022-04-26 13:08:05', '2024-02-19 14:44:15', 0, 'eros suspendisse accumsan tortor quis turpis sed ante vivamus tortor duis', true, 66);
insert into entry (entryId, dayRating, goodDay, gender, moodRating, peopleSeen, meals, ozWater, hoursExercise, exerciseIntensity, hoursSleep, people, wakeUpTime, sleepTime, weather, primaryLocation, visibility, userId) values (67, 1, false, 'Female', 4, 1, 'penatibus et magnis dis parturient montes nascetur ridiculus mus etiam vel augue vestibulum', 27.5, 1, 100, 5, 'consequat varius integer ac leo pellentesque ultrices mattis odio donec vitae', '2022-07-06 18:59:57', '2023-08-26 14:17:54', 9, 'leo', false, 67);
insert into entry (entryId, dayRating, goodDay, gender, moodRating, peopleSeen, meals, ozWater, hoursExercise, exerciseIntensity, hoursSleep, people, wakeUpTime, sleepTime, weather, primaryLocation, visibility, userId) values (68, 14, false, 'Female', 2, 84, 'suspendisse potenti in eleifend quam a odio in hac habitasse platea', 53.9, 13, 70, 11, 'auctor gravida sem praesent id massa id nisl venenatis lacinia aenean', '2022-06-24 13:43:08', '2023-09-26 01:01:06', 0, 'vel dapibus', false, 68);
insert into entry (entryId, dayRating, goodDay, gender, moodRating, peopleSeen, meals, ozWater, hoursExercise, exerciseIntensity, hoursSleep, people, wakeUpTime, sleepTime, weather, primaryLocation, visibility, userId) values (69, 0, true, 'Male', 7, 23, 'duis bibendum morbi non quam nec dui luctus rutrum nulla tellus', 48.6, 14, 82, 12, 'aliquam sit amet diam in magna bibendum', '2023-04-12 04:08:10', '2024-02-27 09:52:11', 6, 'tempor turpis nec euismod scelerisque quam turpis adipiscing lorem vitae mattis nibh ligula nec sem duis', true, 69);
insert into entry (entryId, dayRating, goodDay, gender, moodRating, peopleSeen, meals, ozWater, hoursExercise, exerciseIntensity, hoursSleep, people, wakeUpTime, sleepTime, weather, primaryLocation, visibility, userId) values (70, 18, true, 'Male', 5, 55, 'mauris vulputate', 88.2, 11, 72, 1, 'bibendum imperdiet nullam orci pede venenatis non sodales', '2023-09-04 13:43:41', '2024-04-09 05:41:50', 9, 'velit id pretium iaculis diam erat fermentum justo nec condimentum neque sapien placerat ante nulla', false, 70);
insert into entry (entryId, dayRating, goodDay, gender, moodRating, peopleSeen, meals, ozWater, hoursExercise, exerciseIntensity, hoursSleep, people, wakeUpTime, sleepTime, weather, primaryLocation, visibility, userId) values (71, 5, true, 'Male', 4, 8, 'sit amet nunc viverra dapibus', 97.7, 8, 76, 14, 'suspendisse potenti cras in purus eu magna vulputate luctus cum sociis', '2022-09-16 06:29:53', '2023-05-27 20:58:01', 0, 'duis faucibus accumsan odio curabitur convallis duis consequat dui nec nisi volutpat eleifend donec ut', true, 71);
insert into entry (entryId, dayRating, goodDay, gender, moodRating, peopleSeen, meals, ozWater, hoursExercise, exerciseIntensity, hoursSleep, people, wakeUpTime, sleepTime, weather, primaryLocation, visibility, userId) values (72, 7, true, 'Male', 10, 51, 'a ipsum integer a nibh in quis justo maecenas rhoncus aliquam lacus morbi quis tortor id nulla', 9.9, 0, 25, 0, 'vel augue vestibulum ante ipsum primis in faucibus orci luctus et ultrices posuere', '2023-12-22 07:32:15', '2022-09-07 03:26:42', 8, 'id pretium iaculis diam erat', true, 72);
insert into entry (entryId, dayRating, goodDay, gender, moodRating, peopleSeen, meals, ozWater, hoursExercise, exerciseIntensity, hoursSleep, people, wakeUpTime, sleepTime, weather, primaryLocation, visibility, userId) values (73, 1, false, 'Male', 4, 87, 'neque vestibulum eget', 87.5, 8, 20, 3, 'vivamus vestibulum sagittis sapien', '2023-03-12 14:18:21', '2022-06-20 06:42:42', 8, 'mus etiam vel augue vestibulum rutrum rutrum neque aenean auctor', true, 73);
insert into entry (entryId, dayRating, goodDay, gender, moodRating, peopleSeen, meals, ozWater, hoursExercise, exerciseIntensity, hoursSleep, people, wakeUpTime, sleepTime, weather, primaryLocation, visibility, userId) values (74, 13, true, 'Female', 2, 3, 'non mattis pulvinar nulla pede ullamcorper', 98.3, 19, 99, 13, 'vestibulum quam sapien varius ut blandit non interdum in ante vestibulum ante ipsum primis in faucibus orci', '2022-09-17 22:47:02', '2022-08-19 19:06:11', 7, 'venenatis lacinia aenean sit amet justo morbi', false, 74);
insert into entry (entryId, dayRating, goodDay, gender, moodRating, peopleSeen, meals, ozWater, hoursExercise, exerciseIntensity, hoursSleep, people, wakeUpTime, sleepTime, weather, primaryLocation, visibility, userId) values (75, 10, false, 'Male', 4, 12, 'pede malesuada in imperdiet et commodo vulputate justo in blandit', 20.4, 11, 83, 7, 'eros vestibulum ac est lacinia nisi venenatis tristique fusce congue diam id', '2022-12-21 17:48:07', '2023-07-24 02:58:01', 7, 'nisl ut volutpat sapien arcu sed', true, 75);
insert into entry (entryId, dayRating, goodDay, gender, moodRating, peopleSeen, meals, ozWater, hoursExercise, exerciseIntensity, hoursSleep, people, wakeUpTime, sleepTime, weather, primaryLocation, visibility, userId) values (76, 11, true, 'Male', 4, 59, 'vel lectus in quam fringilla rhoncus mauris', 86.9, 19, 25, 4, 'ipsum primis in', '2023-04-22 18:19:44', '2023-03-10 10:03:06', 5, 'dui vel nisl duis ac nibh fusce', false, 76);
insert into entry (entryId, dayRating, goodDay, gender, moodRating, peopleSeen, meals, ozWater, hoursExercise, exerciseIntensity, hoursSleep, people, wakeUpTime, sleepTime, weather, primaryLocation, visibility, userId) values (77, 19, false, 'Female', 9, 11, 'tristique fusce congue diam id ornare imperdiet sapien urna pretium nisl ut volutpat', 56.6, 9, 56, 14, 'aenean fermentum donec ut mauris eget massa tempor convallis nulla neque', '2023-12-28 11:33:09', '2024-03-03 18:22:45', 9, 'varius ut blandit', false, 77);
insert into entry (entryId, dayRating, goodDay, gender, moodRating, peopleSeen, meals, ozWater, hoursExercise, exerciseIntensity, hoursSleep, people, wakeUpTime, sleepTime, weather, primaryLocation, visibility, userId) values (78, 2, false, 'Male', 5, 6, 'proin eu mi nulla ac enim in tempor turpis nec euismod scelerisque quam turpis', 76.6, 20, 80, 11, 'primis in faucibus orci luctus et ultrices posuere cubilia curae duis faucibus accumsan odio curabitur convallis duis consequat dui', '2022-12-09 08:27:13', '2022-10-07 14:32:36', 10, 'habitasse platea dictumst etiam faucibus cursus urna ut tellus nulla ut erat id mauris vulputate', false, 78);
insert into entry (entryId, dayRating, goodDay, gender, moodRating, peopleSeen, meals, ozWater, hoursExercise, exerciseIntensity, hoursSleep, people, wakeUpTime, sleepTime, weather, primaryLocation, visibility, userId) values (79, 16, true, 'Male', 4, 25, 'tellus in sagittis dui vel nisl duis ac nibh fusce lacus purus aliquet at feugiat non pretium', 99.7, 6, 51, 2, 'in purus eu magna vulputate luctus cum', '2023-06-16 06:23:04', '2022-12-02 08:48:53', 6, 'eu nibh quisque id justo sit amet', true, 79);
insert into entry (entryId, dayRating, goodDay, gender, moodRating, peopleSeen, meals, ozWater, hoursExercise, exerciseIntensity, hoursSleep, people, wakeUpTime, sleepTime, weather, primaryLocation, visibility, userId) values (80, 7, true, 'Female', 8, 87, 'vel nulla eget eros elementum pellentesque quisque porta volutpat erat quisque erat', 13.5, 3, 75, 13, 'ipsum ac tellus semper interdum mauris ullamcorper purus sit amet nulla quisque arcu libero rutrum ac', '2022-09-25 19:44:44', '2022-06-12 08:59:36', 5, 'diam cras pellentesque volutpat dui maecenas tristique est et tempus semper est quam pharetra magna ac', false, 80);
insert into entry (entryId, dayRating, goodDay, gender, moodRating, peopleSeen, meals, ozWater, hoursExercise, exerciseIntensity, hoursSleep, people, wakeUpTime, sleepTime, weather, primaryLocation, visibility, userId) values (81, 6, false, 'Female', 10, 78, 'sed magna at nunc commodo placerat praesent blandit nam nulla integer pede justo lacinia eget tincidunt eget tempus vel', 58.1, 4, 87, 1, 'aliquet massa id lobortis convallis tortor risus dapibus augue vel accumsan tellus nisi', '2023-05-20 04:25:42', '2023-04-06 14:04:13', 3, 'tincidunt nulla mollis molestie lorem quisque ut erat curabitur gravida nisi at nibh in hac habitasse platea dictumst', true, 81);
insert into entry (entryId, dayRating, goodDay, gender, moodRating, peopleSeen, meals, ozWater, hoursExercise, exerciseIntensity, hoursSleep, people, wakeUpTime, sleepTime, weather, primaryLocation, visibility, userId) values (82, 12, true, 'Female', 9, 90, 'etiam faucibus cursus urna ut tellus nulla ut erat id mauris vulputate elementum nullam varius nulla facilisi cras non velit', 50.6, 17, 36, 1, 'in ante vestibulum ante ipsum primis in faucibus orci luctus et', '2024-04-01 09:54:11', '2023-03-01 16:39:33', 0, 'id nisl venenatis lacinia aenean', true, 82);
insert into entry (entryId, dayRating, goodDay, gender, moodRating, peopleSeen, meals, ozWater, hoursExercise, exerciseIntensity, hoursSleep, people, wakeUpTime, sleepTime, weather, primaryLocation, visibility, userId) values (83, 14, false, 'Male', 4, 14, 'in magna bibendum imperdiet nullam orci pede venenatis non sodales sed tincidunt eu felis fusce posuere felis sed lacus', 8.7, 7, 66, 3, 'pellentesque viverra pede ac diam cras pellentesque volutpat dui maecenas tristique est et tempus semper est quam pharetra magna ac', '2023-01-19 04:22:35', '2023-04-15 18:56:42', 1, 'ultrices aliquet maecenas leo odio condimentum id luctus nec', false, 83);
insert into entry (entryId, dayRating, goodDay, gender, moodRating, peopleSeen, meals, ozWater, hoursExercise, exerciseIntensity, hoursSleep, people, wakeUpTime, sleepTime, weather, primaryLocation, visibility, userId) values (84, 4, true, 'Female', 5, 76, 'non pretium quis lectus suspendisse potenti in eleifend quam a odio in hac habitasse platea dictumst maecenas ut massa', 36.8, 8, 92, 3, 'viverra diam vitae quam suspendisse potenti nullam porttitor lacus at', '2023-12-24 18:06:44', '2023-10-03 04:44:53', 1, 'lobortis sapien sapien non mi integer ac', false, 84);
insert into entry (entryId, dayRating, goodDay, gender, moodRating, peopleSeen, meals, ozWater, hoursExercise, exerciseIntensity, hoursSleep, people, wakeUpTime, sleepTime, weather, primaryLocation, visibility, userId) values (85, 17, true, 'Female', 2, 21, 'massa volutpat convallis morbi odio odio elementum eu interdum eu tincidunt in leo maecenas pulvinar lobortis est', 58.3, 16, 63, 8, 'eget rutrum at lorem integer tincidunt ante', '2022-12-09 21:55:23', '2022-04-23 21:05:23', 1, 'pretium iaculis', false, 85);
insert into entry (entryId, dayRating, goodDay, gender, moodRating, peopleSeen, meals, ozWater, hoursExercise, exerciseIntensity, hoursSleep, people, wakeUpTime, sleepTime, weather, primaryLocation, visibility, userId) values (86, 16, false, 'Female', 9, 34, 'sem fusce consequat nulla nisl nunc', 77.4, 0, 10, 5, 'pede venenatis non sodales sed tincidunt eu felis fusce posuere felis sed lacus morbi sem mauris laoreet ut rhoncus', '2024-01-14 14:21:43', '2023-08-03 21:04:08', 10, 'sodales sed tincidunt eu felis fusce posuere felis sed lacus morbi sem mauris laoreet ut rhoncus aliquet pulvinar sed', false, 86);
insert into entry (entryId, dayRating, goodDay, gender, moodRating, peopleSeen, meals, ozWater, hoursExercise, exerciseIntensity, hoursSleep, people, wakeUpTime, sleepTime, weather, primaryLocation, visibility, userId) values (87, 18, false, 'Female', 5, 72, 'quis libero nullam sit amet turpis elementum ligula vehicula consequat morbi a ipsum integer', 19.5, 19, 89, 12, 'varius nulla', '2022-11-28 12:12:54', '2022-07-28 01:25:13', 2, 'eget tincidunt eget tempus vel pede morbi porttitor lorem id ligula suspendisse ornare consequat lectus in', true, 87);
insert into entry (entryId, dayRating, goodDay, gender, moodRating, peopleSeen, meals, ozWater, hoursExercise, exerciseIntensity, hoursSleep, people, wakeUpTime, sleepTime, weather, primaryLocation, visibility, userId) values (88, 16, true, 'Female', 7, 33, 'vestibulum vestibulum ante ipsum primis in faucibus orci luctus et ultrices posuere cubilia curae nulla', 22.1, 5, 18, 4, 'aliquam erat volutpat', '2023-12-12 05:27:43', '2022-09-08 01:43:39', 1, '', true, 88);
insert into entry (entryId, dayRating, goodDay, gender, moodRating, peopleSeen, meals, ozWater, hoursExercise, exerciseIntensity, hoursSleep, people, wakeUpTime, sleepTime, weather, primaryLocation, visibility, userId) values (89, 15, false, 'Female', 1, 70, 'quam nec dui', 44.8, 10, 1, 12, 'in quam fringilla', '2023-07-27 11:05:44', '2023-06-13 03:12:14', 4, '', false, 89);
insert into entry (entryId, dayRating, goodDay, gender, moodRating, peopleSeen, meals, ozWater, hoursExercise, exerciseIntensity, hoursSleep, people, wakeUpTime, sleepTime, weather, primaryLocation, visibility, userId) values (90, 8, false, 'Female', 5, 60, 'est risus auctor sed tristique in tempus', 71.7, 21, 97, 0, 'aliquet pulvinar sed nisl', '2023-01-09 16:14:31', '2023-03-15 18:32:32', 0, 'rhoncus aliquam lacus morbi quis tortor id nulla ultrices aliquet', true, 90);
insert into entry (entryId, dayRating, goodDay, gender, moodRating, peopleSeen, meals, ozWater, hoursExercise, exerciseIntensity, hoursSleep, people, wakeUpTime, sleepTime, weather, primaryLocation, visibility, userId) values (91, 16, true, 'Female', 9, 56, 'aliquet massa id', 54.0, 13, 40, 8, 'venenatis lacinia aenean sit amet justo morbi ut odio cras mi pede malesuada in imperdiet et commodo', '2023-01-27 23:05:32', '2023-06-30 21:52:07', 2, 'lectus in quam fringilla rhoncus mauris enim leo rhoncus sed vestibulum', true, 91);
insert into entry (entryId, dayRating, goodDay, gender, moodRating, peopleSeen, meals, ozWater, hoursExercise, exerciseIntensity, hoursSleep, people, wakeUpTime, sleepTime, weather, primaryLocation, visibility, userId) values (92, 1, true, 'Agender', 10, 26, 'volutpat erat quisque erat eros viverra eget congue', 47.0, 21, 85, 0, 'urna pretium', '2023-06-20 23:49:38', '2023-04-27 05:41:10', 6, 'consectetuer adipiscing elit proin risus praesent lectus vestibulum', true, 92);
insert into entry (entryId, dayRating, goodDay, gender, moodRating, peopleSeen, meals, ozWater, hoursExercise, exerciseIntensity, hoursSleep, people, wakeUpTime, sleepTime, weather, primaryLocation, visibility, userId) values (93, 14, true, 'Female', 4, 2, 'vel nulla eget eros elementum pellentesque quisque porta volutpat erat quisque erat eros viverra eget congue', 11.4, 12, 63, 3, 'magna vestibulum aliquet ultrices erat tortor sollicitudin mi sit amet lobortis sapien sapien non mi integer ac neque duis', '2022-10-17 08:39:38', '2023-12-12 01:47:00', 5, '', false, 93);
insert into entry (entryId, dayRating, goodDay, gender, moodRating, peopleSeen, meals, ozWater, hoursExercise, exerciseIntensity, hoursSleep, people, wakeUpTime, sleepTime, weather, primaryLocation, visibility, userId) values (94, 13, true, 'Female', 2, 71, 'iaculis congue vivamus metus arcu adipiscing molestie hendrerit at vulputate vitae nisl aenean lectus pellentesque eget nunc', 60.7, 10, 27, 10, 'erat tortor sollicitudin mi sit amet lobortis sapien sapien non mi integer ac neque duis bibendum', '2023-02-26 07:15:34', '2023-06-14 10:45:46', 3, 'magnis dis parturient montes nascetur ridiculus mus vivamus vestibulum sagittis sapien cum sociis natoque', true, 94);
insert into entry (entryId, dayRating, goodDay, gender, moodRating, peopleSeen, meals, ozWater, hoursExercise, exerciseIntensity, hoursSleep, people, wakeUpTime, sleepTime, weather, primaryLocation, visibility, userId) values (95, 8, true, 'Male', 5, 63, 'purus phasellus in felis donec semper sapien a libero nam dui proin leo', 0.2, 14, 5, 8, 'convallis eget eleifend luctus', '2022-11-17 14:29:06', '2023-08-11 05:22:11', 5, 'parturient montes nascetur ridiculus mus etiam vel', false, 95);
insert into entry (entryId, dayRating, goodDay, gender, moodRating, peopleSeen, meals, ozWater, hoursExercise, exerciseIntensity, hoursSleep, people, wakeUpTime, sleepTime, weather, primaryLocation, visibility, userId) values (96, 12, true, 'Male', 5, 22, 'tortor duis mattis egestas metus aenean fermentum donec ut mauris eget massa tempor convallis nulla neque', 10.0, 8, 77, 10, 'magnis dis parturient', '2023-09-24 14:47:00', '2023-03-31 03:51:12', 0, 'vestibulum eget vulputate ut ultrices vel augue vestibulum ante ipsum primis in', true, 96);
insert into entry (entryId, dayRating, goodDay, gender, moodRating, peopleSeen, meals, ozWater, hoursExercise, exerciseIntensity, hoursSleep, people, wakeUpTime, sleepTime, weather, primaryLocation, visibility, userId) values (97, 11, false, 'Genderqueer', 6, 20, 'hac habitasse platea dictumst morbi vestibulum', 23.6, 16, 25, 2, 'vel ipsum praesent blandit lacinia erat vestibulum sed', '2022-07-06 17:02:13', '2023-11-02 11:26:28', 1, 'congue diam id ornare imperdiet sapien urna pretium nisl ut volutpat sapien arcu sed augue aliquam erat volutpat in congue', true, 97);
insert into entry (entryId, dayRating, goodDay, gender, moodRating, peopleSeen, meals, ozWater, hoursExercise, exerciseIntensity, hoursSleep, people, wakeUpTime, sleepTime, weather, primaryLocation, visibility, userId) values (98, 12, false, 'Female', 6, 5, 'tellus semper interdum mauris ullamcorper purus sit', 37.6, 16, 26, 11, 'viverra diam vitae quam suspendisse', '2022-09-08 12:07:25', '2024-04-05 03:18:46', 9, 'aliquet at feugiat non pretium quis lectus suspendisse potenti in eleifend', false, 98);
insert into entry (entryId, dayRating, goodDay, gender, moodRating, peopleSeen, meals, ozWater, hoursExercise, exerciseIntensity, hoursSleep, people, wakeUpTime, sleepTime, weather, primaryLocation, visibility, userId) values (99, 15, false, 'Female', 9, 60, 'volutpat in congue etiam justo etiam pretium iaculis justo in hac habitasse platea dictumst etiam faucibus cursus urna', 56.1, 8, 28, 7, 'libero ut massa volutpat convallis morbi odio odio elementum eu interdum eu tincidunt in leo maecenas pulvinar', '2023-01-24 07:38:28', '2023-02-05 20:31:13', 5, 'sed justo pellentesque viverra pede ac diam cras pellentesque volutpat dui maecenas', true, 99);
insert into entry (entryId, dayRating, goodDay, gender, moodRating, peopleSeen, meals, ozWater, hoursExercise, exerciseIntensity, hoursSleep, people, wakeUpTime, sleepTime, weather, primaryLocation, visibility, userId) values (100, 9, true, 'Male', 5, 62, 'curabitur gravida nisi at nibh in hac habitasse platea', 85.0, 22, 42, 9, 'donec posuere metus vitae ipsum aliquam non mauris morbi non lectus aliquam sit amet diam in magna', '2023-05-17 00:57:30', '2024-02-26 04:51:54', 7, 'pellentesque at nulla', false, 100);
insert into entry (entryId, dayRating, goodDay, gender, moodRating, peopleSeen, meals, ozWater, hoursExercise, exerciseIntensity, hoursSleep, people, wakeUpTime, sleepTime, weather, primaryLocation, visibility, userId) values (101, 9, true, 'Female', 1, 31, 'ultrices enim lorem ipsum dolor', 23.6, 22, 95, 6, 'venenatis tristique fusce congue diam id ornare imperdiet sapien urna pretium nisl ut volutpat sapien arcu', '2023-04-07 02:37:40', '2022-04-07 05:23:25', 6, 'eleifend luctus ultricies eu nibh quisque id justo', true, 101);
insert into entry (entryId, dayRating, goodDay, gender, moodRating, peopleSeen, meals, ozWater, hoursExercise, exerciseIntensity, hoursSleep, people, wakeUpTime, sleepTime, weather, primaryLocation, visibility, userId) values (102, 15, true, 'Male', 2, 12, 'eu tincidunt in leo maecenas pulvinar lobortis est phasellus', 62.1, 8, 77, 0, 'ut odio cras mi pede malesuada in imperdiet et commodo vulputate', '2024-02-13 11:21:57', '2024-01-12 11:43:47', 8, 'in faucibus orci luctus et ultrices posuere cubilia curae mauris viverra diam vitae', false, 102);
insert into entry (entryId, dayRating, goodDay, gender, moodRating, peopleSeen, meals, ozWater, hoursExercise, exerciseIntensity, hoursSleep, people, wakeUpTime, sleepTime, weather, primaryLocation, visibility, userId) values (103, 8, false, 'Male', 5, 42, 'ultrices vel augue vestibulum ante ipsum primis in faucibus orci luctus et ultrices', 59.2, 14, 86, 7, 'vel pede morbi porttitor lorem', '2022-09-30 15:12:16', '2023-05-18 22:31:44', 3, 'felis ut at dolor', false, 103);
insert into entry (entryId, dayRating, goodDay, gender, moodRating, peopleSeen, meals, ozWater, hoursExercise, exerciseIntensity, hoursSleep, people, wakeUpTime, sleepTime, weather, primaryLocation, visibility, userId) values (104, 15, true, 'Male', 3, 30, 'erat vestibulum', 62.2, 11, 28, 9, 'neque libero convallis eget eleifend luctus ultricies eu nibh quisque id justo sit amet sapien', '2022-09-10 11:45:26', '2023-04-11 07:21:53', 4, 'rutrum rutrum neque aenean auctor gravida sem praesent id', true, 104);
insert into entry (entryId, dayRating, goodDay, gender, moodRating, peopleSeen, meals, ozWater, hoursExercise, exerciseIntensity, hoursSleep, people, wakeUpTime, sleepTime, weather, primaryLocation, visibility, userId) values (105, 6, false, 'Female', 1, 57, 'venenatis tristique fusce congue diam id ornare imperdiet sapien urna pretium nisl ut volutpat sapien arcu', 77.1, 3, 2, 10, 'bibendum felis sed interdum venenatis turpis', '2022-12-15 04:09:45', '2024-03-05 11:20:35', 8, 'fermentum justo nec condimentum neque sapien placerat ante nulla justo', false, 105);
insert into entry (entryId, dayRating, goodDay, gender, moodRating, peopleSeen, meals, ozWater, hoursExercise, exerciseIntensity, hoursSleep, people, wakeUpTime, sleepTime, weather, primaryLocation, visibility, userId) values (106, 14, false, 'Female', 4, 70, 'libero nullam sit amet turpis elementum ligula vehicula consequat morbi a ipsum integer a nibh', 28.0, 11, 18, 7, 'facilisi cras non velit nec nisi vulputate nonummy maecenas tincidunt lacus at velit', '2023-01-24 04:51:39', '2024-01-11 09:00:26', 2, 'erat tortor sollicitudin', false, 106);
insert into entry (entryId, dayRating, goodDay, gender, moodRating, peopleSeen, meals, ozWater, hoursExercise, exerciseIntensity, hoursSleep, people, wakeUpTime, sleepTime, weather, primaryLocation, visibility, userId) values (107, 4, false, 'Genderqueer', 4, 79, 'pede venenatis non sodales sed tincidunt', 0.3, 9, 5, 11, 'lacinia erat vestibulum sed magna at nunc commodo', '2023-11-30 14:51:51', '2022-08-09 13:47:26', 0, 'nulla', true, 107);
insert into entry (entryId, dayRating, goodDay, gender, moodRating, peopleSeen, meals, ozWater, hoursExercise, exerciseIntensity, hoursSleep, people, wakeUpTime, sleepTime, weather, primaryLocation, visibility, userId) values (108, 10, false, 'Female', 3, 80, 'vestibulum ante ipsum primis in faucibus orci luctus et ultrices posuere cubilia curae nulla dapibus dolor vel est donec odio', 83.6, 17, 12, 1, 'lorem integer tincidunt ante vel ipsum praesent blandit lacinia erat vestibulum sed magna at nunc commodo placerat praesent blandit', '2023-05-17 11:18:22', '2024-03-05 16:20:49', 4, 'egestas metus aenean fermentum donec ut mauris eget massa tempor convallis nulla neque libero convallis', true, 108);
insert into entry (entryId, dayRating, goodDay, gender, moodRating, peopleSeen, meals, ozWater, hoursExercise, exerciseIntensity, hoursSleep, people, wakeUpTime, sleepTime, weather, primaryLocation, visibility, userId) values (109, 3, false, 'Male', 8, 38, 'imperdiet sapien urna pretium nisl ut volutpat sapien arcu sed augue', 77.3, 21, 52, 13, 'eget', '2023-02-04 18:26:06', '2023-11-20 12:01:23', 6, 'eu sapien cursus vestibulum proin eu mi', false, 109);
insert into entry (entryId, dayRating, goodDay, gender, moodRating, peopleSeen, meals, ozWater, hoursExercise, exerciseIntensity, hoursSleep, people, wakeUpTime, sleepTime, weather, primaryLocation, visibility, userId) values (110, 12, false, 'Female', 7, 47, 'enim in tempor turpis', 26.3, 23, 96, 14, 'est', '2022-11-13 00:23:15', '2023-05-25 21:41:42', 4, 'at lorem integer tincidunt ante vel ipsum praesent blandit lacinia erat vestibulum sed magna at nunc', false, 110);
insert into entry (entryId, dayRating, goodDay, gender, moodRating, peopleSeen, meals, ozWater, hoursExercise, exerciseIntensity, hoursSleep, people, wakeUpTime, sleepTime, weather, primaryLocation, visibility, userId) values (111, 15, true, 'Male', 9, 62, 'curae nulla dapibus dolor vel est donec odio justo sollicitudin ut', 27.0, 1, 94, 1, 'lacus at turpis', '2023-12-19 13:49:03', '2024-01-22 19:23:49', 8, 'justo in hac habitasse platea dictumst etiam faucibus cursus urna ut tellus nulla ut erat id mauris vulputate elementum nullam', false, 111);
insert into entry (entryId, dayRating, goodDay, gender, moodRating, peopleSeen, meals, ozWater, hoursExercise, exerciseIntensity, hoursSleep, people, wakeUpTime, sleepTime, weather, primaryLocation, visibility, userId) values (112, 5, true, 'Female', 7, 22, 'nunc viverra dapibus nulla suscipit ligula in lacus curabitur at ipsum ac', 5.8, 6, 74, 5, 'lobortis sapien sapien non mi integer ac neque duis bibendum', '2024-03-13 07:58:52', '2023-08-14 20:13:37', 9, 'arcu libero', false, 112);
insert into entry (entryId, dayRating, goodDay, gender, moodRating, peopleSeen, meals, ozWater, hoursExercise, exerciseIntensity, hoursSleep, people, wakeUpTime, sleepTime, weather, primaryLocation, visibility, userId) values (113, 11, true, 'Male', 7, 2, 'sapien in sapien iaculis congue vivamus metus arcu adipiscing molestie hendrerit at vulputate vitae nisl aenean lectus pellentesque', 63.6, 9, 84, 0, 'tristique fusce congue diam id ornare imperdiet sapien urna pretium nisl', '2023-06-25 07:34:57', '2023-08-08 12:33:59', 2, 'lectus pellentesque at nulla suspendisse potenti cras', true, 113);
insert into entry (entryId, dayRating, goodDay, gender, moodRating, peopleSeen, meals, ozWater, hoursExercise, exerciseIntensity, hoursSleep, people, wakeUpTime, sleepTime, weather, primaryLocation, visibility, userId) values (114, 14, false, 'Polygender', 4, 70, 'enim blandit mi in porttitor pede justo eu massa donec dapibus duis at velit eu est congue elementum in', 77.6, 9, 67, 14, 'non quam', '2023-03-17 08:55:17', '2022-08-18 19:05:54', 0, 'odio donec vitae nisi nam ultrices libero non mattis pulvinar nulla', true, 114);
insert into entry (entryId, dayRating, goodDay, gender, moodRating, peopleSeen, meals, ozWater, hoursExercise, exerciseIntensity, hoursSleep, people, wakeUpTime, sleepTime, weather, primaryLocation, visibility, userId) values (115, 5, true, 'Male', 10, 80, 'sagittis sapien cum sociis natoque penatibus', 47.4, 12, 75, 2, 'lectus in', '2023-11-13 00:47:20', '2024-03-07 07:58:26', 6, 'praesent blandit', true, 115);
insert into entry (entryId, dayRating, goodDay, gender, moodRating, peopleSeen, meals, ozWater, hoursExercise, exerciseIntensity, hoursSleep, people, wakeUpTime, sleepTime, weather, primaryLocation, visibility, userId) values (116, 18, true, 'Female', 7, 50, 'eros vestibulum ac est lacinia nisi venenatis tristique fusce congue diam', 85.0, 14, 39, 9, 'ac diam cras pellentesque volutpat dui maecenas tristique est et tempus semper est', '2023-04-24 19:19:47', '2022-09-06 03:35:21', 7, 'in quis justo', false, 116);
insert into entry (entryId, dayRating, goodDay, gender, moodRating, peopleSeen, meals, ozWater, hoursExercise, exerciseIntensity, hoursSleep, people, wakeUpTime, sleepTime, weather, primaryLocation, visibility, userId) values (117, 10, true, 'Bigender', 7, 23, 'porttitor lorem id ligula suspendisse ornare consequat lectus in est risus auctor sed tristique', 18.1, 15, 86, 5, 'vestibulum ante ipsum primis in faucibus orci luctus et ultrices posuere cubilia curae mauris viverra diam vitae quam suspendisse', '2023-06-19 21:07:03', '2022-09-05 19:17:19', 6, 'suscipit nulla elit ac nulla sed vel enim sit amet', true, 117);
insert into entry (entryId, dayRating, goodDay, gender, moodRating, peopleSeen, meals, ozWater, hoursExercise, exerciseIntensity, hoursSleep, people, wakeUpTime, sleepTime, weather, primaryLocation, visibility, userId) values (118, 8, false, 'Male', 10, 48, 'justo aliquam quis turpis eget elit sodales scelerisque mauris sit amet eros suspendisse accumsan tortor', 34.7, 10, 94, 14, 'sapien urna pretium nisl ut volutpat sapien arcu sed augue aliquam erat volutpat in', '2022-10-21 17:05:43', '2022-08-16 10:19:47', 5, 'nullam orci pede venenatis non sodales sed tincidunt eu felis fusce posuere felis', true, 118);
insert into entry (entryId, dayRating, goodDay, gender, moodRating, peopleSeen, meals, ozWater, hoursExercise, exerciseIntensity, hoursSleep, people, wakeUpTime, sleepTime, weather, primaryLocation, visibility, userId) values (119, 15, false, 'Female', 2, 84, 'non', 0.6, 14, 70, 8, 'aliquet pulvinar sed nisl nunc rhoncus dui vel sem sed sagittis nam', '2023-06-21 12:12:39', '2023-09-05 18:46:59', 7, 'nullam molestie nibh in lectus pellentesque at nulla suspendisse potenti cras in purus eu magna vulputate', true, 119);
insert into entry (entryId, dayRating, goodDay, gender, moodRating, peopleSeen, meals, ozWater, hoursExercise, exerciseIntensity, hoursSleep, people, wakeUpTime, sleepTime, weather, primaryLocation, visibility, userId) values (120, 17, false, 'Female', 10, 33, 'ornare imperdiet sapien urna pretium nisl ut volutpat sapien arcu sed augue aliquam erat', 47.4, 1, 59, 7, 'nulla tellus in sagittis dui vel nisl duis', '2022-07-10 23:14:20', '2023-06-11 22:32:09', 1, 'blandit mi in porttitor pede justo eu massa donec dapibus duis at velit eu est', false, 120);
insert into entry (entryId, dayRating, goodDay, gender, moodRating, peopleSeen, meals, ozWater, hoursExercise, exerciseIntensity, hoursSleep, people, wakeUpTime, sleepTime, weather, primaryLocation, visibility, userId) values (121, 10, false, 'Male', 3, 95, 'massa tempor convallis nulla', 54.6, 23, 63, 0, 'mauris ullamcorper purus sit', '2022-06-23 21:59:39', '2023-10-13 17:49:23', 5, 'est risus auctor sed tristique in tempus sit', false, 121);
insert into entry (entryId, dayRating, goodDay, gender, moodRating, peopleSeen, meals, ozWater, hoursExercise, exerciseIntensity, hoursSleep, people, wakeUpTime, sleepTime, weather, primaryLocation, visibility, userId) values (122, 9, false, 'Male', 9, 82, 'maecenas ut massa quis augue luctus tincidunt nulla mollis molestie lorem quisque', 88.6, 9, 17, 3, 'viverra eget congue eget semper rutrum nulla nunc purus phasellus in felis donec semper sapien', '2022-07-16 12:49:32', '2023-04-27 20:46:00', 7, 'suscipit ligula in lacus curabitur', false, 122);
insert into entry (entryId, dayRating, goodDay, gender, moodRating, peopleSeen, meals, ozWater, hoursExercise, exerciseIntensity, hoursSleep, people, wakeUpTime, sleepTime, weather, primaryLocation, visibility, userId) values (123, 20, false, 'Female', 10, 17, 'consequat varius integer ac leo', 4.0, 6, 44, 7, 'rutrum rutrum neque aenean auctor gravida sem praesent id massa', '2024-04-10 14:58:32', '2023-09-10 20:37:15', 4, 'nulla ac enim in tempor turpis nec euismod scelerisque quam', false, 123);
insert into entry (entryId, dayRating, goodDay, gender, moodRating, peopleSeen, meals, ozWater, hoursExercise, exerciseIntensity, hoursSleep, people, wakeUpTime, sleepTime, weather, primaryLocation, visibility, userId) values (124, 2, true, 'Male', 9, 45, 'quis tortor id nulla ultrices', 15.5, 23, 90, 5, 'morbi vestibulum velit id pretium iaculis diam erat fermentum justo nec condimentum neque sapien placerat ante nulla', '2024-04-10 21:30:20', '2022-09-14 07:13:44', 5, 'sem praesent id massa id nisl venenatis lacinia aenean sit amet justo morbi ut odio', false, 124);
insert into entry (entryId, dayRating, goodDay, gender, moodRating, peopleSeen, meals, ozWater, hoursExercise, exerciseIntensity, hoursSleep, people, wakeUpTime, sleepTime, weather, primaryLocation, visibility, userId) values (125, 17, true, 'Female', 2, 9, 'in magna bibendum imperdiet nullam orci pede venenatis', 31.5, 6, 93, 4, 'id consequat in consequat ut nulla sed accumsan felis ut at dolor quis odio', '2023-07-04 13:13:04', '2023-04-16 01:37:48', 9, 'mi integer ac neque duis bibendum', true, 125);
insert into entry (entryId, dayRating, goodDay, gender, moodRating, peopleSeen, meals, ozWater, hoursExercise, exerciseIntensity, hoursSleep, people, wakeUpTime, sleepTime, weather, primaryLocation, visibility, userId) values (126, 3, false, 'Female', 3, 96, 'iaculis congue vivamus metus arcu adipiscing molestie hendrerit', 29.1, 9, 68, 2, 'in lectus pellentesque at nulla suspendisse potenti cras in purus eu magna vulputate luctus cum sociis', '2022-08-23 09:14:03', '2022-06-07 01:07:27', 8, 'sapien iaculis congue vivamus metus arcu', false, 126);
insert into entry (entryId, dayRating, goodDay, gender, moodRating, peopleSeen, meals, ozWater, hoursExercise, exerciseIntensity, hoursSleep, people, wakeUpTime, sleepTime, weather, primaryLocation, visibility, userId) values (127, 4, false, 'Female', 2, 47, null, 44.3, 13, 49, 13, 'habitasse platea dictumst', '2022-06-03 03:42:39', '2023-03-17 12:57:11', 4, '', true, 127);
insert into entry (entryId, dayRating, goodDay, gender, moodRating, peopleSeen, meals, ozWater, hoursExercise, exerciseIntensity, hoursSleep, people, wakeUpTime, sleepTime, weather, primaryLocation, visibility, userId) values (128, 12, true, 'Agender', 10, 46, 'varius ut blandit non interdum in ante vestibulum ante ipsum primis in faucibus orci luctus et ultrices posuere cubilia', 83.8, 21, 17, 11, 'dictumst maecenas ut massa quis augue luctus tincidunt nulla mollis molestie lorem quisque ut erat curabitur gravida nisi', '2022-11-04 19:46:21', '2022-10-14 18:28:28', 3, 'in consequat ut nulla sed accumsan felis ut at dolor quis odio consequat', true, 128);
insert into entry (entryId, dayRating, goodDay, gender, moodRating, peopleSeen, meals, ozWater, hoursExercise, exerciseIntensity, hoursSleep, people, wakeUpTime, sleepTime, weather, primaryLocation, visibility, userId) values (129, 9, false, 'Male', 2, 74, 'vestibulum sed magna at nunc commodo', 81.8, 6, 98, 2, 'ac consequat', '2022-04-05 01:53:46', '2023-10-12 11:46:44', 0, 'nulla ultrices aliquet maecenas leo odio condimentum id luctus nec molestie', true, 129);
insert into entry (entryId, dayRating, goodDay, gender, moodRating, peopleSeen, meals, ozWater, hoursExercise, exerciseIntensity, hoursSleep, people, wakeUpTime, sleepTime, weather, primaryLocation, visibility, userId) values (130, 20, false, 'Female', 9, 37, 'dolor quis odio consequat varius integer ac leo pellentesque ultrices', 47.9, 22, 27, 11, 'quis turpis sed ante vivamus tortor duis mattis egestas metus', '2023-01-26 00:45:03', '2023-02-21 20:21:54', 3, 'odio justo sollicitudin ut suscipit a feugiat et eros vestibulum ac est lacinia nisi venenatis tristique fusce congue diam', false, 130);
insert into entry (entryId, dayRating, goodDay, gender, moodRating, peopleSeen, meals, ozWater, hoursExercise, exerciseIntensity, hoursSleep, people, wakeUpTime, sleepTime, weather, primaryLocation, visibility, userId) values (131, 3, false, 'Male', 2, 30, 'nunc proin at turpis a pede posuere nonummy integer non velit donec diam neque vestibulum eget vulputate ut ultrices', 11.6, 20, 11, 10, 'massa id lobortis convallis tortor risus dapibus augue vel accumsan tellus nisi eu orci mauris lacinia sapien quis', '2023-02-10 22:23:06', '2022-04-28 22:21:53', 2, 'nulla pede ullamcorper augue a suscipit', false, 131);
insert into entry (entryId, dayRating, goodDay, gender, moodRating, peopleSeen, meals, ozWater, hoursExercise, exerciseIntensity, hoursSleep, people, wakeUpTime, sleepTime, weather, primaryLocation, visibility, userId) values (132, 1, false, 'Male', 10, 78, 'nonummy maecenas tincidunt lacus at velit vivamus vel nulla eget', 73.5, 22, 82, 3, 'nibh in quis justo maecenas rhoncus aliquam lacus morbi quis', '2022-04-09 14:59:36', '2023-08-02 10:43:45', 7, 'primis in faucibus orci luctus et ultrices posuere cubilia curae mauris viverra diam', false, 132);
insert into entry (entryId, dayRating, goodDay, gender, moodRating, peopleSeen, meals, ozWater, hoursExercise, exerciseIntensity, hoursSleep, people, wakeUpTime, sleepTime, weather, primaryLocation, visibility, userId) values (133, 15, true, 'Female', 5, 28, 'nunc commodo placerat praesent blandit nam nulla integer pede justo lacinia eget', 38.9, 20, 49, 1, 'scelerisque mauris sit amet eros suspendisse accumsan tortor', '2022-05-20 05:37:17', '2023-06-16 04:35:04', 9, 'vulputate ut ultrices vel augue vestibulum ante ipsum primis in faucibus orci luctus et ultrices posuere cubilia curae donec', false, 133);
insert into entry (entryId, dayRating, goodDay, gender, moodRating, peopleSeen, meals, ozWater, hoursExercise, exerciseIntensity, hoursSleep, people, wakeUpTime, sleepTime, weather, primaryLocation, visibility, userId) values (134, 5, false, 'Female', 5, 46, 'libero nullam sit amet turpis elementum ligula vehicula consequat morbi a ipsum', 36.8, 12, 73, 7, 'nulla tellus in sagittis dui vel nisl duis ac nibh fusce lacus purus aliquet', '2022-06-21 21:35:08', '2022-10-16 18:38:38', 4, 'quam nec dui luctus rutrum nulla tellus in sagittis dui vel nisl duis ac nibh fusce lacus purus aliquet at', false, 134);
insert into entry (entryId, dayRating, goodDay, gender, moodRating, peopleSeen, meals, ozWater, hoursExercise, exerciseIntensity, hoursSleep, people, wakeUpTime, sleepTime, weather, primaryLocation, visibility, userId) values (135, 5, false, 'Female', 4, 44, 'consectetuer adipiscing elit proin interdum mauris non ligula pellentesque', 86.4, 3, 65, 11, 'interdum eu tincidunt in leo maecenas pulvinar lobortis est phasellus sit amet erat nulla tempus', '2022-09-27 19:39:09', '2023-09-09 04:13:38', 9, 'placerat ante nulla justo', false, 135);
insert into entry (entryId, dayRating, goodDay, gender, moodRating, peopleSeen, meals, ozWater, hoursExercise, exerciseIntensity, hoursSleep, people, wakeUpTime, sleepTime, weather, primaryLocation, visibility, userId) values (136, 11, false, 'Female', 5, 29, 'in hac habitasse platea dictumst etiam faucibus cursus urna ut tellus nulla ut erat id', 69.9, 17, 69, 7, 'cras in', '2022-10-02 02:35:18', '2024-02-14 18:37:30', 5, 'massa donec dapibus duis at velit eu est congue elementum in hac habitasse platea dictumst morbi vestibulum velit id', true, 136);
insert into entry (entryId, dayRating, goodDay, gender, moodRating, peopleSeen, meals, ozWater, hoursExercise, exerciseIntensity, hoursSleep, people, wakeUpTime, sleepTime, weather, primaryLocation, visibility, userId) values (137, 20, true, 'Male', 7, 32, 'integer a nibh in quis justo maecenas rhoncus', 47.1, 7, 9, 2, 'consequat metus sapien ut nunc vestibulum ante ipsum', '2023-11-18 16:45:09', '2022-04-27 02:50:57', 3, 'in lacus', true, 137);
insert into entry (entryId, dayRating, goodDay, gender, moodRating, peopleSeen, meals, ozWater, hoursExercise, exerciseIntensity, hoursSleep, people, wakeUpTime, sleepTime, weather, primaryLocation, visibility, userId) values (138, 16, true, 'Female', 7, 62, 'nec nisi volutpat eleifend donec ut dolor morbi vel lectus in quam fringilla rhoncus', 99.6, 13, 41, 14, 'tempor convallis nulla neque libero convallis eget eleifend luctus ultricies eu nibh quisque id justo sit', '2023-12-13 14:38:37', '2023-01-16 05:30:29', 10, 'purus phasellus in felis', true, 138);
insert into entry (entryId, dayRating, goodDay, gender, moodRating, peopleSeen, meals, ozWater, hoursExercise, exerciseIntensity, hoursSleep, people, wakeUpTime, sleepTime, weather, primaryLocation, visibility, userId) values (139, 6, false, 'Non-binary', 6, 81, 'nam ultrices libero non mattis', 88.7, 0, 70, 9, 'diam in magna bibendum imperdiet nullam orci pede venenatis non sodales sed tincidunt eu felis fusce posuere felis sed', '2022-07-25 21:56:20', '2024-03-28 11:49:31', 6, 'hac habitasse platea dictumst morbi vestibulum velit id pretium iaculis diam erat fermentum justo nec', true, 139);
insert into entry (entryId, dayRating, goodDay, gender, moodRating, peopleSeen, meals, ozWater, hoursExercise, exerciseIntensity, hoursSleep, people, wakeUpTime, sleepTime, weather, primaryLocation, visibility, userId) values (140, 13, false, 'Female', 5, 48, 'nulla sed accumsan felis ut at dolor quis odio consequat varius', 45.1, 13, 49, 12, 'nisl', '2023-08-24 06:41:42', '2022-04-21 10:41:26', 1, 'est risus auctor sed tristique in tempus sit amet sem fusce consequat', false, 140);
insert into entry (entryId, dayRating, goodDay, gender, moodRating, peopleSeen, meals, ozWater, hoursExercise, exerciseIntensity, hoursSleep, people, wakeUpTime, sleepTime, weather, primaryLocation, visibility, userId) values (141, 17, true, 'Female', 6, 29, 'non mattis pulvinar nulla pede ullamcorper augue a suscipit nulla elit ac nulla sed vel', 20.4, 13, 88, 2, 'sapien urna pretium nisl ut volutpat sapien arcu sed augue aliquam erat volutpat', '2023-03-01 18:49:44', '2022-10-01 02:58:12', 0, 'sapien sapien non mi integer ac neque duis bibendum morbi non quam nec dui luctus rutrum nulla tellus', false, 141);
insert into entry (entryId, dayRating, goodDay, gender, moodRating, peopleSeen, meals, ozWater, hoursExercise, exerciseIntensity, hoursSleep, people, wakeUpTime, sleepTime, weather, primaryLocation, visibility, userId) values (142, 19, true, 'Male', 8, 35, 'lobortis est phasellus sit amet erat nulla tempus vivamus in felis eu sapien cursus vestibulum proin eu mi nulla ac', 13.6, 21, 80, 4, 'turpis enim blandit mi in porttitor pede justo', '2024-02-06 14:55:12', '2022-08-02 14:23:27', 2, 'in faucibus orci luctus et ultrices posuere cubilia', false, 142);
insert into entry (entryId, dayRating, goodDay, gender, moodRating, peopleSeen, meals, ozWater, hoursExercise, exerciseIntensity, hoursSleep, people, wakeUpTime, sleepTime, weather, primaryLocation, visibility, userId) values (143, 5, false, 'Male', 5, 40, 'ac enim in tempor turpis nec euismod', 17.6, 0, 88, 9, 'fermentum donec ut mauris eget massa tempor convallis', '2022-05-03 10:40:20', '2023-07-23 00:04:20', 4, 'pretium quis lectus suspendisse potenti in eleifend quam a odio in hac habitasse platea dictumst maecenas', false, 143);
insert into entry (entryId, dayRating, goodDay, gender, moodRating, peopleSeen, meals, ozWater, hoursExercise, exerciseIntensity, hoursSleep, people, wakeUpTime, sleepTime, weather, primaryLocation, visibility, userId) values (144, 8, true, 'Female', 5, 2, 'nulla nisl nunc nisl duis bibendum felis', 6.1, 9, 51, 5, 'nulla elit ac nulla sed vel enim sit amet nunc', '2022-08-24 04:41:35', '2022-08-08 03:35:37', 6, 'bibendum felis sed interdum venenatis turpis enim blandit mi in', true, 144);
insert into entry (entryId, dayRating, goodDay, gender, moodRating, peopleSeen, meals, ozWater, hoursExercise, exerciseIntensity, hoursSleep, people, wakeUpTime, sleepTime, weather, primaryLocation, visibility, userId) values (145, 19, false, 'Male', 5, 71, null, 72.9, 6, 97, 5, 'vulputate vitae nisl aenean lectus pellentesque eget nunc donec quis orci eget orci vehicula', '2024-01-25 05:14:04', '2024-01-06 21:42:21', 9, 'leo', true, 145);
insert into entry (entryId, dayRating, goodDay, gender, moodRating, peopleSeen, meals, ozWater, hoursExercise, exerciseIntensity, hoursSleep, people, wakeUpTime, sleepTime, weather, primaryLocation, visibility, userId) values (146, 14, true, 'Female', 5, 43, 'sagittis sapien cum sociis natoque penatibus et magnis dis parturient montes', 91.6, 5, 25, 14, 'justo morbi ut odio cras mi pede malesuada in imperdiet et commodo', '2022-05-15 19:04:18', '2024-03-29 22:16:40', 4, 'quam turpis adipiscing lorem vitae mattis', true, 146);
insert into entry (entryId, dayRating, goodDay, gender, moodRating, peopleSeen, meals, ozWater, hoursExercise, exerciseIntensity, hoursSleep, people, wakeUpTime, sleepTime, weather, primaryLocation, visibility, userId) values (147, 15, true, 'Male', 6, 52, 'pellentesque', 68.7, 22, 84, 2, 'sed justo pellentesque viverra pede ac diam cras pellentesque', '2023-10-22 13:30:42', '2024-02-06 23:41:57', 10, 'suspendisse potenti nullam porttitor lacus at turpis donec posuere metus vitae', true, 147);
insert into entry (entryId, dayRating, goodDay, gender, moodRating, peopleSeen, meals, ozWater, hoursExercise, exerciseIntensity, hoursSleep, people, wakeUpTime, sleepTime, weather, primaryLocation, visibility, userId) values (148, 7, true, 'Female', 5, 88, 'nulla elit ac nulla sed vel enim sit amet nunc viverra dapibus nulla suscipit', 1.3, 3, 46, 2, 'quis odio consequat varius integer ac leo pellentesque ultrices mattis odio donec vitae nisi nam', '2022-06-07 00:16:02', '2024-03-29 15:46:51', 9, 'rutrum at', true, 148);
insert into entry (entryId, dayRating, goodDay, gender, moodRating, peopleSeen, meals, ozWater, hoursExercise, exerciseIntensity, hoursSleep, people, wakeUpTime, sleepTime, weather, primaryLocation, visibility, userId) values (149, 2, false, 'Male', 10, 79, 'sagittis nam congue risus semper porta volutpat quam pede lobortis ligula sit amet eleifend pede libero quis orci nullam', 72.6, 14, 52, 1, 'sit amet diam in magna', '2024-01-28 18:15:34', '2023-12-18 02:18:50', 6, 'luctus et ultrices posuere cubilia curae mauris viverra diam vitae quam suspendisse potenti nullam porttitor lacus at turpis donec', true, 149);
insert into entry (entryId, dayRating, goodDay, gender, moodRating, peopleSeen, meals, ozWater, hoursExercise, exerciseIntensity, hoursSleep, people, wakeUpTime, sleepTime, weather, primaryLocation, visibility, userId) values (150, 2, false, 'Male', 8, 85, 'sit amet diam in magna bibendum imperdiet nullam orci pede venenatis non sodales sed tincidunt eu felis', 88.3, 15, 80, 9, 'penatibus et magnis dis parturient montes nascetur ridiculus mus etiam vel augue vestibulum rutrum rutrum neque aenean auctor gravida sem', '2022-05-19 07:51:56', '2022-04-12 16:27:03', 4, 'porta volutpat erat quisque erat eros viverra eget', true, 150);
insert into entry (entryId, dayRating, goodDay, gender, moodRating, peopleSeen, meals, ozWater, hoursExercise, exerciseIntensity, hoursSleep, people, wakeUpTime, sleepTime, weather, primaryLocation, visibility, userId) values (151, 8, true, 'Female', 5, 76, 'suscipit nulla elit ac nulla sed vel enim sit amet nunc viverra dapibus', 50.2, 6, 89, 0, 'nisl duis', '2022-11-07 23:37:40', '2022-11-14 18:11:04', 8, 'maecenas tristique est et tempus semper', false, 151);
insert into entry (entryId, dayRating, goodDay, gender, moodRating, peopleSeen, meals, ozWater, hoursExercise, exerciseIntensity, hoursSleep, people, wakeUpTime, sleepTime, weather, primaryLocation, visibility, userId) values (152, 0, false, 'Agender', 7, 54, 'odio in hac habitasse platea dictumst maecenas ut massa quis augue luctus tincidunt', 35.8, 21, 95, 12, 'integer non velit donec diam neque vestibulum eget vulputate ut ultrices vel augue vestibulum ante', '2024-02-06 06:16:17', '2022-06-14 16:09:23', 3, 'augue vestibulum rutrum rutrum neque aenean auctor gravida sem praesent id', true, 152);
insert into entry (entryId, dayRating, goodDay, gender, moodRating, peopleSeen, meals, ozWater, hoursExercise, exerciseIntensity, hoursSleep, people, wakeUpTime, sleepTime, weather, primaryLocation, visibility, userId) values (153, 7, true, 'Male', 7, 58, 'purus eu magna vulputate luctus cum sociis natoque penatibus et magnis', 19.8, 17, 18, 9, 'in congue etiam justo etiam pretium iaculis justo in hac habitasse platea dictumst etiam faucibus', '2023-04-23 19:44:49', '2024-01-19 08:32:06', 10, 'quam turpis adipiscing lorem vitae mattis nibh ligula nec sem duis aliquam', false, 153);
insert into entry (entryId, dayRating, goodDay, gender, moodRating, peopleSeen, meals, ozWater, hoursExercise, exerciseIntensity, hoursSleep, people, wakeUpTime, sleepTime, weather, primaryLocation, visibility, userId) values (154, 2, true, 'Female', 5, 25, 'primis in faucibus orci luctus et ultrices posuere cubilia curae nulla dapibus dolor vel est donec odio justo sollicitudin ut', 78.3, 4, 19, 13, 'ridiculus mus etiam vel augue vestibulum rutrum rutrum neque aenean auctor gravida sem', '2023-11-18 23:29:26', '2023-07-24 09:43:04', 0, '', true, 154);
insert into entry (entryId, dayRating, goodDay, gender, moodRating, peopleSeen, meals, ozWater, hoursExercise, exerciseIntensity, hoursSleep, people, wakeUpTime, sleepTime, weather, primaryLocation, visibility, userId) values (155, 20, true, 'Male', 10, 80, 'cras mi pede malesuada in imperdiet et commodo vulputate justo in blandit ultrices enim lorem ipsum dolor sit amet consectetuer', 84.0, 18, 44, 12, 'proin at turpis a pede', '2023-12-04 15:14:38', '2023-07-24 13:08:45', 4, 'viverra pede ac diam cras pellentesque volutpat', false, 155);
insert into entry (entryId, dayRating, goodDay, gender, moodRating, peopleSeen, meals, ozWater, hoursExercise, exerciseIntensity, hoursSleep, people, wakeUpTime, sleepTime, weather, primaryLocation, visibility, userId) values (156, 12, true, 'Male', 5, 9, 'nibh ligula nec sem duis aliquam', 61.4, 5, 44, 7, 'ultrices vel augue vestibulum ante ipsum primis in faucibus orci luctus et ultrices posuere cubilia', '2022-10-14 01:30:23', '2023-12-30 17:53:53', 10, 'ornare imperdiet', true, 156);
insert into entry (entryId, dayRating, goodDay, gender, moodRating, peopleSeen, meals, ozWater, hoursExercise, exerciseIntensity, hoursSleep, people, wakeUpTime, sleepTime, weather, primaryLocation, visibility, userId) values (157, 18, true, 'Female', 7, 22, 'ante nulla justo aliquam quis turpis', 53.5, 1, 45, 1, 'est donec odio justo sollicitudin ut suscipit a feugiat et eros vestibulum ac est', '2022-06-10 16:09:45', '2023-01-03 17:55:54', 7, 'non mattis pulvinar nulla pede ullamcorper augue a suscipit nulla elit', true, 157);
insert into entry (entryId, dayRating, goodDay, gender, moodRating, peopleSeen, meals, ozWater, hoursExercise, exerciseIntensity, hoursSleep, people, wakeUpTime, sleepTime, weather, primaryLocation, visibility, userId) values (158, 0, false, 'Male', 6, 76, 'vestibulum velit id pretium iaculis', 77.8, 2, 72, 6, 'magna at nunc commodo placerat praesent blandit nam nulla integer pede justo lacinia eget tincidunt eget tempus', '2022-06-28 18:55:55', '2022-05-17 21:19:41', 9, 'luctus cum sociis natoque', true, 158);
insert into entry (entryId, dayRating, goodDay, gender, moodRating, peopleSeen, meals, ozWater, hoursExercise, exerciseIntensity, hoursSleep, people, wakeUpTime, sleepTime, weather, primaryLocation, visibility, userId) values (159, 8, false, 'Female', 7, 84, 'consequat lectus in est risus auctor sed tristique', 95.6, 2, 53, 4, 'sed augue aliquam erat volutpat in congue etiam justo etiam pretium iaculis justo in', '2022-05-01 11:57:46', '2022-04-29 23:42:42', 1, 'vel', false, 159);
insert into entry (entryId, dayRating, goodDay, gender, moodRating, peopleSeen, meals, ozWater, hoursExercise, exerciseIntensity, hoursSleep, people, wakeUpTime, sleepTime, weather, primaryLocation, visibility, userId) values (160, 14, false, 'Female', 6, 98, 'non mi', 10.6, 20, 27, 3, 'lacus morbi sem', '2024-03-09 19:27:23', '2023-04-01 16:13:58', 1, 'bibendum morbi non quam nec dui luctus rutrum nulla tellus', true, 160);
insert into entry (entryId, dayRating, goodDay, gender, moodRating, peopleSeen, meals, ozWater, hoursExercise, exerciseIntensity, hoursSleep, people, wakeUpTime, sleepTime, weather, primaryLocation, visibility, userId) values (161, 17, true, 'Male', 3, 99, 'nisl nunc rhoncus dui vel sem sed', 13.6, 16, 6, 2, 'eu sapien cursus vestibulum proin eu mi nulla ac', '2023-05-20 16:08:18', '2022-10-08 14:13:30', 4, 'nam ultrices libero non mattis pulvinar nulla pede ullamcorper augue a suscipit nulla', false, 161);
insert into entry (entryId, dayRating, goodDay, gender, moodRating, peopleSeen, meals, ozWater, hoursExercise, exerciseIntensity, hoursSleep, people, wakeUpTime, sleepTime, weather, primaryLocation, visibility, userId) values (162, 12, false, 'Bigender', 6, 1, 'id massa id nisl venenatis lacinia aenean sit amet justo morbi ut odio cras mi pede malesuada in imperdiet et', 59.0, 3, 47, 11, 'eu felis fusce posuere felis', '2023-10-26 02:33:17', '2024-01-28 13:33:49', 3, 'luctus et ultrices posuere cubilia curae mauris viverra', false, 162);
insert into entry (entryId, dayRating, goodDay, gender, moodRating, peopleSeen, meals, ozWater, hoursExercise, exerciseIntensity, hoursSleep, people, wakeUpTime, sleepTime, weather, primaryLocation, visibility, userId) values (163, 13, true, 'Female', 4, 79, 'odio in hac habitasse platea dictumst maecenas ut massa quis augue luctus', 90.3, 4, 61, 6, 'duis mattis egestas metus aenean fermentum donec ut mauris eget massa tempor convallis nulla neque', '2023-03-20 04:46:45', '2022-10-20 02:42:25', 8, 'ante nulla justo aliquam quis turpis eget elit sodales scelerisque mauris sit amet eros suspendisse accumsan tortor quis', false, 163);
insert into entry (entryId, dayRating, goodDay, gender, moodRating, peopleSeen, meals, ozWater, hoursExercise, exerciseIntensity, hoursSleep, people, wakeUpTime, sleepTime, weather, primaryLocation, visibility, userId) values (164, 6, false, 'Female', 4, 62, 'curabitur in libero ut massa volutpat convallis morbi odio odio elementum', 37.4, 7, 1, 0, 'consequat varius integer ac leo pellentesque ultrices mattis odio donec', '2023-07-18 04:49:33', '2022-12-06 19:35:19', 6, 'lobortis ligula', true, 164);
insert into entry (entryId, dayRating, goodDay, gender, moodRating, peopleSeen, meals, ozWater, hoursExercise, exerciseIntensity, hoursSleep, people, wakeUpTime, sleepTime, weather, primaryLocation, visibility, userId) values (165, 3, true, 'Male', 10, 54, 'sed nisl nunc rhoncus dui vel sem sed', 90.5, 19, 47, 1, 'a nibh in quis justo maecenas rhoncus aliquam lacus morbi quis tortor', '2023-09-15 15:26:43', '2023-12-02 21:59:32', 0, 'lacus curabitur at', true, 165);
insert into entry (entryId, dayRating, goodDay, gender, moodRating, peopleSeen, meals, ozWater, hoursExercise, exerciseIntensity, hoursSleep, people, wakeUpTime, sleepTime, weather, primaryLocation, visibility, userId) values (166, 14, true, 'Male', 1, 94, 'purus phasellus in felis donec semper sapien a libero nam dui proin leo odio porttitor id consequat', 52.6, 6, 45, 14, 'luctus cum sociis natoque penatibus et magnis dis parturient', '2023-06-09 09:05:25', '2022-05-23 17:08:40', 5, 'tellus nulla ut erat id mauris vulputate elementum nullam varius nulla facilisi cras non velit nec nisi vulputate nonummy', true, 166);
insert into entry (entryId, dayRating, goodDay, gender, moodRating, peopleSeen, meals, ozWater, hoursExercise, exerciseIntensity, hoursSleep, people, wakeUpTime, sleepTime, weather, primaryLocation, visibility, userId) values (167, 17, false, 'Male', 6, 39, 'sed ante vivamus tortor duis mattis egestas metus aenean fermentum donec ut mauris eget', 19.2, 17, 87, 0, 'duis faucibus', '2022-05-11 12:57:17', '2023-06-11 18:58:17', 8, 'risus auctor', false, 167);
insert into entry (entryId, dayRating, goodDay, gender, moodRating, peopleSeen, meals, ozWater, hoursExercise, exerciseIntensity, hoursSleep, people, wakeUpTime, sleepTime, weather, primaryLocation, visibility, userId) values (168, 4, true, 'Female', 6, 36, 'in purus eu magna vulputate luctus cum sociis natoque penatibus et magnis dis parturient montes nascetur ridiculus mus vivamus vestibulum', 80.0, 18, 15, 8, 'at feugiat non pretium quis lectus suspendisse potenti in eleifend quam a odio in hac habitasse platea dictumst maecenas ut', '2022-06-07 02:40:20', '2023-05-25 01:20:46', 5, 'suspendisse potenti nullam porttitor lacus at turpis donec posuere metus vitae', false, 168);
insert into entry (entryId, dayRating, goodDay, gender, moodRating, peopleSeen, meals, ozWater, hoursExercise, exerciseIntensity, hoursSleep, people, wakeUpTime, sleepTime, weather, primaryLocation, visibility, userId) values (169, 14, true, 'Female', 4, 41, 'urna ut tellus nulla ut erat id mauris vulputate elementum nullam varius nulla facilisi cras', 98.0, 21, 48, 0, 'sed nisl nunc rhoncus dui vel sem sed sagittis nam congue risus semper porta volutpat quam pede lobortis ligula', '2023-02-18 00:10:25', '2022-07-23 22:41:51', 1, 'curae duis faucibus accumsan odio curabitur convallis duis consequat dui nec nisi volutpat eleifend donec ut dolor morbi vel', false, 169);
insert into entry (entryId, dayRating, goodDay, gender, moodRating, peopleSeen, meals, ozWater, hoursExercise, exerciseIntensity, hoursSleep, people, wakeUpTime, sleepTime, weather, primaryLocation, visibility, userId) values (170, 18, true, 'Male', 5, 20, 'sit amet consectetuer adipiscing elit proin risus praesent lectus vestibulum quam', 90.4, 3, 9, 13, 'pede venenatis non sodales sed tincidunt eu felis fusce posuere felis sed lacus morbi sem mauris laoreet ut rhoncus', '2023-05-16 13:02:49', '2022-09-24 09:37:20', 0, 'cubilia curae donec pharetra magna vestibulum aliquet ultrices erat tortor sollicitudin mi sit amet lobortis sapien sapien', true, 170);
insert into entry (entryId, dayRating, goodDay, gender, moodRating, peopleSeen, meals, ozWater, hoursExercise, exerciseIntensity, hoursSleep, people, wakeUpTime, sleepTime, weather, primaryLocation, visibility, userId) values (171, 19, false, 'Female', 2, 65, 'in hac habitasse platea dictumst etiam faucibus cursus urna ut tellus', 97.2, 0, 57, 11, 'non quam', '2024-01-28 17:08:46', '2022-04-29 14:25:25', 5, 'turpis eget elit sodales scelerisque mauris sit amet eros suspendisse accumsan tortor quis', true, 171);
insert into entry (entryId, dayRating, goodDay, gender, moodRating, peopleSeen, meals, ozWater, hoursExercise, exerciseIntensity, hoursSleep, people, wakeUpTime, sleepTime, weather, primaryLocation, visibility, userId) values (172, 4, true, 'Male', 9, 81, 'odio elementum eu interdum eu tincidunt in leo maecenas pulvinar lobortis est phasellus sit amet erat nulla tempus vivamus in', 53.6, 21, 17, 6, 'non quam nec dui luctus rutrum nulla tellus in sagittis dui vel nisl duis ac nibh fusce lacus', '2022-09-14 22:22:35', '2024-01-21 13:12:15', 6, 'sapien dignissim vestibulum vestibulum ante', true, 172);
insert into entry (entryId, dayRating, goodDay, gender, moodRating, peopleSeen, meals, ozWater, hoursExercise, exerciseIntensity, hoursSleep, people, wakeUpTime, sleepTime, weather, primaryLocation, visibility, userId) values (173, 18, true, 'Female', 2, 14, 'maecenas rhoncus aliquam lacus morbi quis tortor id nulla ultrices aliquet maecenas leo odio condimentum id luctus nec molestie sed', 43.3, 19, 22, 1, 'dapibus dolor vel est donec odio justo sollicitudin ut suscipit a feugiat et eros vestibulum', '2023-04-06 02:29:14', '2023-10-03 14:04:38', 6, 'ante ipsum primis in faucibus orci luctus et ultrices posuere', false, 173);
insert into entry (entryId, dayRating, goodDay, gender, moodRating, peopleSeen, meals, ozWater, hoursExercise, exerciseIntensity, hoursSleep, people, wakeUpTime, sleepTime, weather, primaryLocation, visibility, userId) values (174, 15, false, 'Female', 5, 24, 'sed tristique in tempus sit amet', 98.7, 9, 78, 0, 'ut mauris eget massa tempor convallis nulla neque libero convallis eget eleifend luctus ultricies eu', '2023-06-30 09:16:56', '2024-02-08 14:03:27', 9, 'non pretium quis lectus suspendisse potenti in', true, 174);
insert into entry (entryId, dayRating, goodDay, gender, moodRating, peopleSeen, meals, ozWater, hoursExercise, exerciseIntensity, hoursSleep, people, wakeUpTime, sleepTime, weather, primaryLocation, visibility, userId) values (175, 10, true, 'Female', 8, 55, 'elit proin risus', 97.8, 4, 56, 14, 'nulla pede ullamcorper augue a suscipit nulla elit ac nulla sed vel enim sit amet nunc viverra dapibus', '2022-12-29 17:27:02', '2022-09-17 15:51:35', 7, 'ligula pellentesque ultrices phasellus id sapien in sapien iaculis congue vivamus metus arcu adipiscing molestie hendrerit at vulputate vitae nisl', true, 175);
insert into entry (entryId, dayRating, goodDay, gender, moodRating, peopleSeen, meals, ozWater, hoursExercise, exerciseIntensity, hoursSleep, people, wakeUpTime, sleepTime, weather, primaryLocation, visibility, userId) values (176, 12, false, 'Male', 2, 35, 'nunc viverra dapibus nulla suscipit ligula in lacus curabitur', 72.0, 11, 63, 2, 'nibh in hac habitasse platea dictumst', '2023-11-23 17:52:12', '2024-04-10 23:13:48', 0, 'in est risus auctor sed tristique', true, 176);
insert into entry (entryId, dayRating, goodDay, gender, moodRating, peopleSeen, meals, ozWater, hoursExercise, exerciseIntensity, hoursSleep, people, wakeUpTime, sleepTime, weather, primaryLocation, visibility, userId) values (177, 2, false, 'Male', 6, 97, 'pretium', 43.3, 13, 25, 2, 'ridiculus mus etiam vel augue vestibulum rutrum rutrum neque aenean auctor gravida sem', '2024-01-27 23:30:37', '2023-12-27 21:26:50', 2, 'lectus in est risus auctor sed tristique in', false, 177);
insert into entry (entryId, dayRating, goodDay, gender, moodRating, peopleSeen, meals, ozWater, hoursExercise, exerciseIntensity, hoursSleep, people, wakeUpTime, sleepTime, weather, primaryLocation, visibility, userId) values (178, 17, true, 'Genderfluid', 8, 85, 'euismod scelerisque quam turpis adipiscing lorem vitae mattis nibh ligula nec sem duis', 75.3, 1, 38, 10, 'nec nisi vulputate nonummy maecenas tincidunt lacus at velit vivamus vel nulla eget eros elementum pellentesque quisque porta volutpat erat', '2023-10-19 12:01:50', '2023-04-15 03:38:17', 1, 'mi integer ac neque duis bibendum morbi non quam nec dui luctus rutrum', true, 178);
insert into entry (entryId, dayRating, goodDay, gender, moodRating, peopleSeen, meals, ozWater, hoursExercise, exerciseIntensity, hoursSleep, people, wakeUpTime, sleepTime, weather, primaryLocation, visibility, userId) values (179, 4, false, 'Female', 1, 55, 'ante ipsum primis in faucibus orci luctus et ultrices posuere cubilia', 68.9, 3, 57, 10, 'pede ac diam cras pellentesque volutpat dui maecenas tristique est et', '2024-03-31 15:55:57', '2023-07-15 18:35:33', 5, 'pede posuere nonummy integer non velit', true, 179);
insert into entry (entryId, dayRating, goodDay, gender, moodRating, peopleSeen, meals, ozWater, hoursExercise, exerciseIntensity, hoursSleep, people, wakeUpTime, sleepTime, weather, primaryLocation, visibility, userId) values (180, 20, false, 'Male', 4, 41, 'adipiscing elit proin interdum mauris non ligula pellentesque ultrices phasellus id sapien in', 27.8, 19, 48, 5, 'in felis eu sapien cursus', '2023-06-24 01:44:08', '2022-10-25 20:42:40', 7, 'ipsum', true, 180);
insert into entry (entryId, dayRating, goodDay, gender, moodRating, peopleSeen, meals, ozWater, hoursExercise, exerciseIntensity, hoursSleep, people, wakeUpTime, sleepTime, weather, primaryLocation, visibility, userId) values (181, 19, true, 'Male', 1, 60, 'ultrices posuere cubilia curae mauris viverra diam vitae quam suspendisse potenti nullam porttitor lacus at turpis', 92.8, 5, 9, 14, 'tempus vel pede morbi porttitor lorem id ligula suspendisse ornare consequat lectus in est risus auctor sed', '2023-05-25 17:55:12', '2022-05-10 17:32:49', 7, 'vel augue vestibulum rutrum rutrum neque aenean auctor', true, 181);
insert into entry (entryId, dayRating, goodDay, gender, moodRating, peopleSeen, meals, ozWater, hoursExercise, exerciseIntensity, hoursSleep, people, wakeUpTime, sleepTime, weather, primaryLocation, visibility, userId) values (182, 12, true, 'Female', 5, 26, 'sollicitudin mi sit', 14.3, 20, 89, 8, 'sed nisl nunc rhoncus dui vel sem sed sagittis nam congue risus semper', '2022-06-05 00:42:19', '2024-02-09 18:31:00', 9, 'commodo placerat praesent blandit nam nulla integer pede justo lacinia eget tincidunt eget tempus vel pede morbi porttitor lorem id', false, 182);
insert into entry (entryId, dayRating, goodDay, gender, moodRating, peopleSeen, meals, ozWater, hoursExercise, exerciseIntensity, hoursSleep, people, wakeUpTime, sleepTime, weather, primaryLocation, visibility, userId) values (183, 16, true, 'Female', 3, 98, 'velit eu est congue elementum in hac habitasse platea dictumst morbi vestibulum velit id pretium iaculis diam erat', 34.7, 18, 42, 13, 'curae duis faucibus accumsan', '2022-07-19 15:36:56', '2022-11-30 11:57:26', 5, 'fusce congue diam id ornare imperdiet sapien', false, 183);
insert into entry (entryId, dayRating, goodDay, gender, moodRating, peopleSeen, meals, ozWater, hoursExercise, exerciseIntensity, hoursSleep, people, wakeUpTime, sleepTime, weather, primaryLocation, visibility, userId) values (184, 5, false, 'Female', 3, 79, 'ipsum aliquam non mauris morbi non lectus aliquam sit amet diam in', 62.8, 10, 24, 4, 'vitae quam suspendisse potenti nullam porttitor lacus at turpis', '2023-08-01 20:33:35', '2023-11-24 08:12:04', 9, 'ligula suspendisse ornare consequat lectus in', true, 184);
insert into entry (entryId, dayRating, goodDay, gender, moodRating, peopleSeen, meals, ozWater, hoursExercise, exerciseIntensity, hoursSleep, people, wakeUpTime, sleepTime, weather, primaryLocation, visibility, userId) values (185, 20, false, 'Female', 8, 90, 'vulputate nonummy maecenas tincidunt lacus at velit vivamus vel nulla eget', 67.0, 1, 98, 7, 'pellentesque ultrices phasellus id sapien in sapien iaculis congue vivamus metus arcu adipiscing molestie hendrerit at vulputate', '2023-05-11 19:56:58', '2022-08-24 20:59:58', 2, 'velit id', false, 185);
insert into entry (entryId, dayRating, goodDay, gender, moodRating, peopleSeen, meals, ozWater, hoursExercise, exerciseIntensity, hoursSleep, people, wakeUpTime, sleepTime, weather, primaryLocation, visibility, userId) values (186, 14, false, 'Male', 7, 63, 'et ultrices posuere cubilia curae', 35.9, 1, 32, 14, 'turpis integer aliquet massa id lobortis convallis tortor risus dapibus augue vel accumsan tellus', '2023-03-30 00:21:18', '2022-06-09 22:02:47', 4, 'ridiculus mus vivamus vestibulum sagittis sapien', true, 186);
insert into entry (entryId, dayRating, goodDay, gender, moodRating, peopleSeen, meals, ozWater, hoursExercise, exerciseIntensity, hoursSleep, people, wakeUpTime, sleepTime, weather, primaryLocation, visibility, userId) values (187, 9, true, 'Genderfluid', 10, 85, 'primis in faucibus orci luctus et ultrices posuere cubilia curae mauris viverra diam vitae quam suspendisse', 91.7, 19, 63, 1, 'at feugiat non pretium quis lectus suspendisse potenti in eleifend quam a odio in hac habitasse platea', '2023-12-14 13:28:37', '2023-04-28 17:46:31', 4, 'porta volutpat erat quisque erat eros viverra eget congue eget semper rutrum nulla nunc purus phasellus in felis donec', true, 187);
insert into entry (entryId, dayRating, goodDay, gender, moodRating, peopleSeen, meals, ozWater, hoursExercise, exerciseIntensity, hoursSleep, people, wakeUpTime, sleepTime, weather, primaryLocation, visibility, userId) values (188, 10, false, 'Female', 5, 57, 'ut ultrices vel augue vestibulum ante ipsum primis in faucibus orci luctus et ultrices posuere cubilia curae', 67.7, 16, 99, 12, 'odio odio elementum eu interdum', '2023-11-10 21:56:59', '2022-05-05 06:16:04', 6, 'pellentesque volutpat dui maecenas tristique est et tempus semper est quam pharetra magna ac consequat', true, 188);
insert into entry (entryId, dayRating, goodDay, gender, moodRating, peopleSeen, meals, ozWater, hoursExercise, exerciseIntensity, hoursSleep, people, wakeUpTime, sleepTime, weather, primaryLocation, visibility, userId) values (189, 7, true, 'Female', 5, 89, 'sit amet sem fusce consequat nulla nisl nunc nisl duis', 83.0, 9, 23, 8, 'ullamcorper', '2024-04-03 13:13:29', '2023-08-16 03:05:27', 5, 'mauris lacinia sapien quis libero nullam sit amet turpis elementum ligula vehicula consequat morbi a ipsum integer a', false, 189);
insert into entry (entryId, dayRating, goodDay, gender, moodRating, peopleSeen, meals, ozWater, hoursExercise, exerciseIntensity, hoursSleep, people, wakeUpTime, sleepTime, weather, primaryLocation, visibility, userId) values (190, 15, false, 'Bigender', 10, 100, 'justo morbi ut odio cras mi', 1.8, 1, 88, 1, 'habitasse platea dictumst aliquam augue quam sollicitudin vitae consectetuer eget rutrum', '2023-04-23 12:11:44', '2023-01-03 11:57:36', 6, 'nec condimentum neque', false, 190);
insert into entry (entryId, dayRating, goodDay, gender, moodRating, peopleSeen, meals, ozWater, hoursExercise, exerciseIntensity, hoursSleep, people, wakeUpTime, sleepTime, weather, primaryLocation, visibility, userId) values (191, 16, true, 'Male', 3, 77, 'vehicula condimentum curabitur in libero ut massa volutpat convallis morbi odio odio', 27.3, 11, 63, 14, 'nec condimentum', '2022-08-15 00:38:38', '2022-10-19 09:44:40', 6, 'suspendisse ornare consequat lectus in est risus auctor sed', false, 191);
insert into entry (entryId, dayRating, goodDay, gender, moodRating, peopleSeen, meals, ozWater, hoursExercise, exerciseIntensity, hoursSleep, people, wakeUpTime, sleepTime, weather, primaryLocation, visibility, userId) values (192, 5, true, 'Genderfluid', 7, 81, 'justo in blandit ultrices enim lorem ipsum dolor', 30.2, 19, 5, 4, 'augue aliquam erat volutpat in congue etiam justo etiam pretium iaculis justo in', '2024-02-26 12:19:06', '2024-04-06 13:44:48', 1, 'nec sem duis aliquam convallis nunc proin at turpis a pede posuere nonummy integer non velit donec diam neque', false, 192);
insert into entry (entryId, dayRating, goodDay, gender, moodRating, peopleSeen, meals, ozWater, hoursExercise, exerciseIntensity, hoursSleep, people, wakeUpTime, sleepTime, weather, primaryLocation, visibility, userId) values (193, 2, false, 'Female', 10, 68, 'augue vestibulum rutrum rutrum neque aenean auctor gravida sem praesent id massa id nisl venenatis lacinia aenean', 42.3, 17, 60, 14, 'semper sapien a libero nam dui proin leo odio', '2023-03-24 23:04:14', '2022-06-07 18:33:03', 6, 'lectus', false, 193);
insert into entry (entryId, dayRating, goodDay, gender, moodRating, peopleSeen, meals, ozWater, hoursExercise, exerciseIntensity, hoursSleep, people, wakeUpTime, sleepTime, weather, primaryLocation, visibility, userId) values (194, 0, true, 'Male', 10, 16, 'maecenas tincidunt lacus at velit vivamus vel nulla eget eros elementum pellentesque quisque', 39.6, 19, 7, 0, 'adipiscing elit proin risus praesent lectus vestibulum quam sapien varius ut blandit non interdum', '2022-05-08 11:51:36', '2023-06-29 22:52:42', 0, 'sapien urna', false, 194);
insert into entry (entryId, dayRating, goodDay, gender, moodRating, peopleSeen, meals, ozWater, hoursExercise, exerciseIntensity, hoursSleep, people, wakeUpTime, sleepTime, weather, primaryLocation, visibility, userId) values (195, 18, true, 'Male', 9, 68, 'venenatis lacinia', 27.3, 17, 69, 12, 'habitasse platea dictumst etiam faucibus cursus urna ut', '2023-04-07 21:40:54', '2024-01-15 20:33:08', 4, 'vel est donec odio', true, 195);
insert into entry (entryId, dayRating, goodDay, gender, moodRating, peopleSeen, meals, ozWater, hoursExercise, exerciseIntensity, hoursSleep, people, wakeUpTime, sleepTime, weather, primaryLocation, visibility, userId) values (196, 1, true, 'Female', 7, 72, 'mauris ullamcorper purus sit amet', 37.2, 19, 29, 13, 'ultrices posuere cubilia curae nulla dapibus', '2023-12-17 16:41:56', '2022-11-16 16:53:51', 9, 'vestibulum quam sapien varius ut blandit non interdum in ante vestibulum ante ipsum primis in faucibus orci luctus et ultrices', false, 196);
insert into entry (entryId, dayRating, goodDay, gender, moodRating, peopleSeen, meals, ozWater, hoursExercise, exerciseIntensity, hoursSleep, people, wakeUpTime, sleepTime, weather, primaryLocation, visibility, userId) values (197, 4, true, 'Male', 10, 27, 'proin eu mi nulla ac enim', 81.4, 4, 26, 1, 'cras in purus eu magna vulputate luctus cum sociis natoque penatibus et magnis dis parturient montes nascetur ridiculus', '2024-03-14 01:36:53', '2023-06-01 14:23:41', 10, 'in felis donec semper sapien a libero nam dui proin leo odio porttitor id consequat in consequat', true, 197);
insert into entry (entryId, dayRating, goodDay, gender, moodRating, peopleSeen, meals, ozWater, hoursExercise, exerciseIntensity, hoursSleep, people, wakeUpTime, sleepTime, weather, primaryLocation, visibility, userId) values (198, 13, true, 'Female', 3, 38, 'ligula pellentesque ultrices phasellus', 99.2, 11, 19, 6, 'eget vulputate ut ultrices vel augue vestibulum ante ipsum primis in faucibus orci luctus', '2022-12-08 15:38:53', '2023-03-14 04:20:18', 4, 'ultrices libero non mattis pulvinar nulla pede', false, 198);
insert into entry (entryId, dayRating, goodDay, gender, moodRating, peopleSeen, meals, ozWater, hoursExercise, exerciseIntensity, hoursSleep, people, wakeUpTime, sleepTime, weather, primaryLocation, visibility, userId) values (199, 15, false, 'Male', 6, 26, 'ut massa quis augue luctus tincidunt nulla mollis molestie lorem quisque ut erat curabitur', 42.7, 21, 34, 13, 'amet', '2024-02-24 06:53:54', '2023-07-18 17:47:32', 8, 'sapien urna pretium nisl ut volutpat sapien arcu sed augue aliquam erat volutpat in congue etiam', false, 199);
insert into entry (entryId, dayRating, goodDay, gender, moodRating, peopleSeen, meals, ozWater, hoursExercise, exerciseIntensity, hoursSleep, people, wakeUpTime, sleepTime, weather, primaryLocation, visibility, userId) values (200, 1, false, 'Male', 1, 38, 'mattis nibh ligula nec sem duis aliquam convallis nunc proin at turpis a pede posuere nonummy', 39.2, 16, 61, 4, 'molestie lorem quisque ut erat curabitur gravida nisi at nibh in hac habitasse platea dictumst aliquam augue', '2023-11-21 17:10:02', '2024-01-05 11:49:46', 9, 'sapien sapien non mi integer ac neque duis bibendum morbi non quam nec dui luctus rutrum nulla tellus in sagittis', true, 200);






insert into goals (userId, goalId, completionStatus, description) values (1, 1001, true, 'vestibulum eget vulputate ut ultrices vel augue vestibulum ante ipsum');
insert into goals (userId, goalId, completionStatus, description) values (2, 1002, false, 'risus praesent lectus');
insert into goals (userId, goalId, completionStatus, description) values (3, 1003, null, 'vitae consectetuer eget rutrum at');
insert into goals (userId, goalId, completionStatus, description) values (4, 1004, false, 'ut tellus nulla ut erat id');
insert into goals (userId, goalId, completionStatus, description) values (5, 1005, false, 'interdum mauris non ligula');
insert into goals (userId, goalId, completionStatus, description) values (6, 1006, null, 'pede venenatis non sodales sed tincidunt eu felis');
insert into goals (userId, goalId, completionStatus, description) values (7, 1007, false, 'tortor duis');
insert into goals (userId, goalId, completionStatus, description) values (8, 1008, true, '');
insert into goals (userId, goalId, completionStatus, description) values (9, 1009, false, 'volutpat dui maecenas');
insert into goals (userId, goalId, completionStatus, description) values (10, 1010, null, 'at turpis donec posuere metus vitae ipsum aliquam');
insert into goals (userId, goalId, completionStatus, description) values (11, 1011, null, '');
insert into goals (userId, goalId, completionStatus, description) values (12, 1012, true, 'sit amet erat nulla tempus vivamus in');
insert into goals (userId, goalId, completionStatus, description) values (13, 1013, false, 'quis turpis eget elit sodales scelerisque mauris sit');
insert into goals (userId, goalId, completionStatus, description) values (14, 1014, true, 'pede');
insert into goals (userId, goalId, completionStatus, description) values (15, 1015, null, 'donec posuere metus');
insert into goals (userId, goalId, completionStatus, description) values (16, 1016, true, 'ut ultrices vel augue vestibulum ante ipsum');
insert into goals (userId, goalId, completionStatus, description) values (17, 1017, true, 'tortor id nulla ultrices aliquet');
insert into goals (userId, goalId, completionStatus, description) values (18, 1018, true, 'ut tellus nulla ut erat id mauris');
insert into goals (userId, goalId, completionStatus, description) values (19, 1019, false, 'non');
insert into goals (userId, goalId, completionStatus, description) values (20, 1020, false, '');
insert into goals (userId, goalId, completionStatus, description) values (21, 1021, true, 'parturient montes nascetur ridiculus mus vivamus');
insert into goals (userId, goalId, completionStatus, description) values (22, 1022, false, 'natoque penatibus et magnis dis parturient montes nascetur ridiculus mus');
insert into goals (userId, goalId, completionStatus, description) values (23, 1023, false, 'sit amet sem fusce consequat nulla nisl nunc nisl duis');
insert into goals (userId, goalId, completionStatus, description) values (24, 1024, false, 'augue a suscipit nulla');
insert into goals (userId, goalId, completionStatus, description) values (25, 1025, false, 'gravida sem');
insert into goals (userId, goalId, completionStatus, description) values (26, 1026, true, 'nulla dapibus');
insert into goals (userId, goalId, completionStatus, description) values (27, 1027, true, 'porta volutpat erat quisque erat');
insert into goals (userId, goalId, completionStatus, description) values (28, 1028, false, 'convallis morbi odio odio');
insert into goals (userId, goalId, completionStatus, description) values (29, 1029, null, 'nulla quisque arcu libero rutrum ac lobortis');
insert into goals (userId, goalId, completionStatus, description) values (30, 1030, true, 'duis consequat dui nec nisi volutpat');
insert into goals (userId, goalId, completionStatus, description) values (31, 1031, false, 'tincidunt lacus at velit vivamus');
insert into goals (userId, goalId, completionStatus, description) values (32, 1032, true, 'magna vestibulum');
insert into goals (userId, goalId, completionStatus, description) values (33, 1033, true, 'augue vestibulum ante ipsum');
insert into goals (userId, goalId, completionStatus, description) values (34, 1034, false, 'viverra eget congue eget semper rutrum nulla nunc');
insert into goals (userId, goalId, completionStatus, description) values (35, 1035, true, 'orci eget orci vehicula condimentum curabitur in libero ut massa');
insert into goals (userId, goalId, completionStatus, description) values (36, 1036, null, 'cubilia curae');
insert into goals (userId, goalId, completionStatus, description) values (37, 1037, true, 'nulla integer pede justo lacinia eget tincidunt eget tempus vel');
insert into goals (userId, goalId, completionStatus, description) values (38, 1038, true, 'magna vestibulum aliquet ultrices erat tortor');
insert into goals (userId, goalId, completionStatus, description) values (39, 1039, false, 'integer');
insert into goals (userId, goalId, completionStatus, description) values (40, 1040, null, 'fusce consequat nulla nisl');
insert into goals (userId, goalId, completionStatus, description) values (41, 1041, false, 'quisque id');
insert into goals (userId, goalId, completionStatus, description) values (42, 1042, true, 'ac leo');
insert into goals (userId, goalId, completionStatus, description) values (43, 1043, true, 'ligula');
insert into goals (userId, goalId, completionStatus, description) values (44, 1044, false, 'convallis duis');
insert into goals (userId, goalId, completionStatus, description) values (45, 1045, null, 'convallis tortor risus dapibus augue vel accumsan tellus');
insert into goals (userId, goalId, completionStatus, description) values (46, 1046, true, 'lacus curabitur at ipsum ac');
insert into goals (userId, goalId, completionStatus, description) values (47, 1047, false, 'vestibulum');
insert into goals (userId, goalId, completionStatus, description) values (48, 1048, true, 'gravida sem praesent id');
insert into goals (userId, goalId, completionStatus, description) values (49, 1049, false, 'felis ut at dolor quis odio consequat varius');
insert into goals (userId, goalId, completionStatus, description) values (50, 1050, true, '');
insert into goals (userId, goalId, completionStatus, description) values (51, 1051, false, 'praesent blandit lacinia erat vestibulum sed');
insert into goals (userId, goalId, completionStatus, description) values (52, 1052, true, '');
insert into goals (userId, goalId, completionStatus, description) values (53, 1053, null, 'mauris enim');
insert into goals (userId, goalId, completionStatus, description) values (54, 1054, true, '');
insert into goals (userId, goalId, completionStatus, description) values (55, 1055, false, 'mollis molestie lorem');
insert into goals (userId, goalId, completionStatus, description) values (56, 1056, true, 'nisl venenatis lacinia aenean sit');
insert into goals (userId, goalId, completionStatus, description) values (57, 1057, false, 'faucibus orci luctus');
insert into goals (userId, goalId, completionStatus, description) values (58, 1058, false, 'molestie lorem');
insert into goals (userId, goalId, completionStatus, description) values (59, 1059, null, '');
insert into goals (userId, goalId, completionStatus, description) values (60, 1060, true, 'ornare imperdiet sapien urna pretium nisl ut volutpat sapien');
insert into goals (userId, goalId, completionStatus, description) values (61, 1061, false, '');
insert into goals (userId, goalId, completionStatus, description) values (62, 1062, false, 'sapien sapien non');
insert into goals (userId, goalId, completionStatus, description) values (63, 1063, null, '');
insert into goals (userId, goalId, completionStatus, description) values (64, 1064, true, 'vivamus tortor duis mattis egestas metus');
insert into goals (userId, goalId, completionStatus, description) values (65, 1065, null, 'nulla neque libero convallis eget eleifend luctus ultricies eu nibh');
insert into goals (userId, goalId, completionStatus, description) values (66, 1066, false, null);
insert into goals (userId, goalId, completionStatus, description) values (67, 1067, true, 'ut nunc vestibulum ante');
insert into goals (userId, goalId, completionStatus, description) values (68, 1068, null, 'tellus semper interdum mauris ullamcorper purus');
insert into goals (userId, goalId, completionStatus, description) values (69, 1069, null, 'placerat praesent blandit nam nulla integer pede justo lacinia');
insert into goals (userId, goalId, completionStatus, description) values (70, 1070, true, '');
insert into goals (userId, goalId, completionStatus, description) values (71, 1071, false, 'lorem ipsum dolor sit amet consectetuer');
insert into goals (userId, goalId, completionStatus, description) values (72, 1072, false, 'orci luctus et');
insert into goals (userId, goalId, completionStatus, description) values (73, 1073, true, 'erat quisque erat eros viverra eget congue eget semper rutrum');
insert into goals (userId, goalId, completionStatus, description) values (74, 1074, true, 'eu pede');
insert into goals (userId, goalId, completionStatus, description) values (75, 1075, null, 'luctus');
insert into goals (userId, goalId, completionStatus, description) values (76, 1076, true, null);
insert into goals (userId, goalId, completionStatus, description) values (77, 1077, false, 'porta volutpat quam pede lobortis ligula sit amet');
insert into goals (userId, goalId, completionStatus, description) values (78, 1078, true, 'mattis odio donec vitae nisi nam ultrices libero non mattis');
insert into goals (userId, goalId, completionStatus, description) values (79, 1079, true, 'in');
insert into goals (userId, goalId, completionStatus, description) values (80, 1080, false, null);
insert into goals (userId, goalId, completionStatus, description) values (81, 1081, true, 'eros elementum pellentesque quisque porta volutpat erat quisque erat');
insert into goals (userId, goalId, completionStatus, description) values (82, 1082, null, 'in quis justo maecenas rhoncus aliquam');
insert into goals (userId, goalId, completionStatus, description) values (83, 1083, true, 'ullamcorper purus sit amet nulla quisque arcu libero');
insert into goals (userId, goalId, completionStatus, description) values (84, 1084, false, 'lacus curabitur at ipsum');
insert into goals (userId, goalId, completionStatus, description) values (85, 1085, true, 'vestibulum rutrum rutrum');
insert into goals (userId, goalId, completionStatus, description) values (86, 1086, false, '');
insert into goals (userId, goalId, completionStatus, description) values (87, 1087, true, 'purus phasellus in');
insert into goals (userId, goalId, completionStatus, description) values (88, 1088, false, 'varius integer ac leo pellentesque ultrices');
insert into goals (userId, goalId, completionStatus, description) values (89, 1089, null, 'risus auctor sed tristique');
insert into goals (userId, goalId, completionStatus, description) values (90, 1090, false, 'phasellus id sapien');
insert into goals (userId, goalId, completionStatus, description) values (91, 1091, null, 'quis orci nullam molestie nibh in lectus pellentesque at');
insert into goals (userId, goalId, completionStatus, description) values (92, 1092, null, 'amet consectetuer');
insert into goals (userId, goalId, completionStatus, description) values (93, 1093, false, 'luctus et');
insert into goals (userId, goalId, completionStatus, description) values (94, 1094, false, 'ac consequat metus sapien ut nunc');
insert into goals (userId, goalId, completionStatus, description) values (95, 1095, null, 'posuere cubilia');
insert into goals (userId, goalId, completionStatus, description) values (96, 1096, false, 'lacinia erat vestibulum sed');
insert into goals (userId, goalId, completionStatus, description) values (97, 1097, null, 'vel ipsum praesent blandit');
insert into goals (userId, goalId, completionStatus, description) values (98, 1098, false, 'sapien ut nunc');
insert into goals (userId, goalId, completionStatus, description) values (99, 1099, true, 'amet');
insert into goals (userId, goalId, completionStatus, description) values (100, 1100, null, 'consectetuer eget');
insert into goals (userId, goalId, completionStatus, description) values (101, 1101, true, 'in leo maecenas pulvinar lobortis est phasellus sit');
insert into goals (userId, goalId, completionStatus, description) values (102, 1102, true, null);
insert into goals (userId, goalId, completionStatus, description) values (103, 1103, false, 'integer ac');
insert into goals (userId, goalId, completionStatus, description) values (104, 1104, true, 'aliquet maecenas');
insert into goals (userId, goalId, completionStatus, description) values (105, 1105, false, 'suscipit a feugiat et eros vestibulum');
insert into goals (userId, goalId, completionStatus, description) values (106, 1106, false, 'ultrices libero non');
insert into goals (userId, goalId, completionStatus, description) values (107, 1107, false, 'sollicitudin ut suscipit a feugiat et eros vestibulum ac est');
insert into goals (userId, goalId, completionStatus, description) values (108, 1108, true, 'nascetur ridiculus mus vivamus vestibulum');
insert into goals (userId, goalId, completionStatus, description) values (109, 1109, null, 'ultricies eu nibh quisque');
insert into goals (userId, goalId, completionStatus, description) values (110, 1110, true, 'lacinia erat vestibulum sed magna at nunc commodo placerat');
insert into goals (userId, goalId, completionStatus, description) values (111, 1111, null, '');
insert into goals (userId, goalId, completionStatus, description) values (112, 1112, false, 'vivamus vel nulla');
insert into goals (userId, goalId, completionStatus, description) values (113, 1113, true, 'iaculis diam erat fermentum justo nec condimentum neque sapien placerat');
insert into goals (userId, goalId, completionStatus, description) values (114, 1114, true, 'iaculis diam erat fermentum justo');
insert into goals (userId, goalId, completionStatus, description) values (115, 1115, false, null);
insert into goals (userId, goalId, completionStatus, description) values (116, 1116, null, 'scelerisque mauris sit amet eros suspendisse accumsan tortor');
insert into goals (userId, goalId, completionStatus, description) values (117, 1117, false, 'odio cras');
insert into goals (userId, goalId, completionStatus, description) values (118, 1118, false, 'pede justo');
insert into goals (userId, goalId, completionStatus, description) values (119, 1119, true, 'morbi porttitor lorem id ligula suspendisse ornare consequat lectus in');
insert into goals (userId, goalId, completionStatus, description) values (120, 1120, false, 'mauris vulputate elementum nullam varius nulla facilisi cras');
insert into goals (userId, goalId, completionStatus, description) values (121, 1121, false, 'gravida nisi at nibh');
insert into goals (userId, goalId, completionStatus, description) values (122, 1122, false, 'maecenas tincidunt lacus');
insert into goals (userId, goalId, completionStatus, description) values (123, 1123, true, 'leo odio condimentum id luctus nec molestie sed justo');
insert into goals (userId, goalId, completionStatus, description) values (124, 1124, true, 'id nulla ultrices aliquet maecenas leo odio condimentum id luctus');
insert into goals (userId, goalId, completionStatus, description) values (125, 1125, true, 'ac lobortis vel dapibus at');
insert into goals (userId, goalId, completionStatus, description) values (126, 1126, true, 'consequat lectus in est');
insert into goals (userId, goalId, completionStatus, description) values (127, 1127, true, '');
insert into goals (userId, goalId, completionStatus, description) values (128, 1128, true, 'amet lobortis sapien sapien non mi integer ac neque duis');
insert into goals (userId, goalId, completionStatus, description) values (129, 1129, true, 'arcu sed augue aliquam erat volutpat in congue etiam justo');
insert into goals (userId, goalId, completionStatus, description) values (130, 1130, false, null);
insert into goals (userId, goalId, completionStatus, description) values (131, 1131, true, 'odio justo sollicitudin ut suscipit a feugiat');
insert into goals (userId, goalId, completionStatus, description) values (132, 1132, true, '');
insert into goals (userId, goalId, completionStatus, description) values (133, 1133, null, 'fusce lacus purus aliquet');
insert into goals (userId, goalId, completionStatus, description) values (134, 1134, false, 'viverra diam vitae quam suspendisse');
insert into goals (userId, goalId, completionStatus, description) values (135, 1135, null, 'tincidunt eu felis fusce posuere');
insert into goals (userId, goalId, completionStatus, description) values (136, 1136, null, 'augue vestibulum ante ipsum primis in faucibus orci luctus et');
insert into goals (userId, goalId, completionStatus, description) values (137, 1137, false, 'in libero ut massa volutpat convallis morbi odio');
insert into goals (userId, goalId, completionStatus, description) values (138, 1138, true, 'neque duis bibendum morbi non');
insert into goals (userId, goalId, completionStatus, description) values (139, 1139, true, 'integer aliquet massa id');
insert into goals (userId, goalId, completionStatus, description) values (140, 1140, true, 'sit amet cursus id turpis integer aliquet');
insert into goals (userId, goalId, completionStatus, description) values (141, 1141, true, 'rutrum nulla tellus in sagittis dui vel nisl duis ac');
insert into goals (userId, goalId, completionStatus, description) values (142, 1142, true, '');
insert into goals (userId, goalId, completionStatus, description) values (143, 1143, false, null);
insert into goals (userId, goalId, completionStatus, description) values (144, 1144, false, 'id ornare imperdiet sapien urna pretium');
insert into goals (userId, goalId, completionStatus, description) values (145, 1145, false, 'consequat lectus in est risus auctor sed');
insert into goals (userId, goalId, completionStatus, description) values (146, 1146, false, 'posuere cubilia curae nulla dapibus dolor vel est donec odio');
insert into goals (userId, goalId, completionStatus, description) values (147, 1147, true, '');
insert into goals (userId, goalId, completionStatus, description) values (148, 1148, true, '');
insert into goals (userId, goalId, completionStatus, description) values (149, 1149, true, 'volutpat sapien arcu sed augue aliquam erat volutpat in congue');
insert into goals (userId, goalId, completionStatus, description) values (150, 1150, null, 'curabitur convallis duis consequat dui nec nisi');
insert into goals (userId, goalId, completionStatus, description) values (151, 1151, false, 'vivamus');
insert into goals (userId, goalId, completionStatus, description) values (152, 1152, true, 'morbi ut odio cras mi');
insert into goals (userId, goalId, completionStatus, description) values (153, 1153, false, 'primis in faucibus orci luctus et ultrices');
insert into goals (userId, goalId, completionStatus, description) values (154, 1154, false, 'phasellus in felis donec semper sapien a libero');
insert into goals (userId, goalId, completionStatus, description) values (155, 1155, true, 'ut');
insert into goals (userId, goalId, completionStatus, description) values (156, 1156, false, 'suspendisse potenti');
insert into goals (userId, goalId, completionStatus, description) values (157, 1157, false, 'vestibulum ac est lacinia nisi venenatis tristique');
insert into goals (userId, goalId, completionStatus, description) values (158, 1158, true, 'in');
insert into goals (userId, goalId, completionStatus, description) values (159, 1159, false, 'turpis a pede posuere nonummy integer non velit donec');
insert into goals (userId, goalId, completionStatus, description) values (160, 1160, true, 'nulla mollis molestie lorem quisque ut erat curabitur gravida');
insert into goals (userId, goalId, completionStatus, description) values (161, 1161, null, 'adipiscing elit proin risus praesent lectus');
insert into goals (userId, goalId, completionStatus, description) values (162, 1162, true, 'amet');
insert into goals (userId, goalId, completionStatus, description) values (163, 1163, false, 'rhoncus sed vestibulum sit amet cursus id turpis');
insert into goals (userId, goalId, completionStatus, description) values (164, 1164, null, 'eget congue eget');
insert into goals (userId, goalId, completionStatus, description) values (165, 1165, false, 'nisl');
insert into goals (userId, goalId, completionStatus, description) values (166, 1166, true, null);
insert into goals (userId, goalId, completionStatus, description) values (167, 1167, null, 'sapien non mi integer ac');
insert into goals (userId, goalId, completionStatus, description) values (168, 1168, true, 'mauris');
insert into goals (userId, goalId, completionStatus, description) values (169, 1169, false, 'in');
insert into goals (userId, goalId, completionStatus, description) values (170, 1170, false, 'integer ac neque duis bibendum morbi');
insert into goals (userId, goalId, completionStatus, description) values (171, 1171, false, 'congue diam id ornare imperdiet');
insert into goals (userId, goalId, completionStatus, description) values (172, 1172, null, 'vulputate ut ultrices vel');
insert into goals (userId, goalId, completionStatus, description) values (173, 1173, null, 'sit');
insert into goals (userId, goalId, completionStatus, description) values (174, 1174, true, 'vitae nisi nam ultrices libero non mattis pulvinar nulla');
insert into goals (userId, goalId, completionStatus, description) values (175, 1175, true, 'consequat nulla nisl nunc nisl duis bibendum felis sed');
insert into goals (userId, goalId, completionStatus, description) values (176, 1176, false, '');
insert into goals (userId, goalId, completionStatus, description) values (177, 1177, true, 'augue luctus tincidunt nulla mollis molestie');
insert into goals (userId, goalId, completionStatus, description) values (178, 1178, false, 'lorem integer tincidunt ante vel ipsum praesent blandit');
insert into goals (userId, goalId, completionStatus, description) values (179, 1179, true, 'eros viverra eget congue eget');
insert into goals (userId, goalId, completionStatus, description) values (180, 1180, false, 'ut dolor morbi vel lectus in quam fringilla');
insert into goals (userId, goalId, completionStatus, description) values (181, 1181, false, 'vel nulla eget eros elementum pellentesque quisque porta');
insert into goals (userId, goalId, completionStatus, description) values (182, 1182, null, 'posuere cubilia curae duis faucibus accumsan odio curabitur');
insert into goals (userId, goalId, completionStatus, description) values (183, 1183, true, 'orci mauris lacinia sapien quis libero nullam');
insert into goals (userId, goalId, completionStatus, description) values (184, 1184, true, 'dapibus');
insert into goals (userId, goalId, completionStatus, description) values (185, 1185, null, '');
insert into goals (userId, goalId, completionStatus, description) values (186, 1186, true, 'quis odio consequat varius');
insert into goals (userId, goalId, completionStatus, description) values (187, 1187, true, 'ut nulla sed');
insert into goals (userId, goalId, completionStatus, description) values (188, 1188, null, '');
insert into goals (userId, goalId, completionStatus, description) values (189, 1189, true, 'nam ultrices libero non mattis pulvinar nulla pede ullamcorper');
insert into goals (userId, goalId, completionStatus, description) values (190, 1190, true, 'pede libero quis orci nullam molestie nibh in lectus');
insert into goals (userId, goalId, completionStatus, description) values (191, 1191, true, 'congue etiam');
insert into goals (userId, goalId, completionStatus, description) values (192, 1192, null, 'donec diam neque vestibulum eget');
insert into goals (userId, goalId, completionStatus, description) values (193, 1193, false, 'aliquet maecenas');
insert into goals (userId, goalId, completionStatus, description) values (194, 1194, false, 'augue a suscipit nulla elit ac');
insert into goals (userId, goalId, completionStatus, description) values (195, 1195, false, 'libero convallis eget eleifend luctus ultricies eu nibh');
insert into goals (userId, goalId, completionStatus, description) values (196, 1196, true, 'eleifend donec ut dolor morbi vel lectus in quam');
insert into goals (userId, goalId, completionStatus, description) values (197, 1197, null, 'primis');
insert into goals (userId, goalId, completionStatus, description) values (198, 1198, false, 'quis turpis eget elit sodales scelerisque mauris');
insert into goals (userId, goalId, completionStatus, description) values (199, 1199, false, 'magna ac consequat metus sapien ut nunc vestibulum ante ipsum');
insert into goals (userId, goalId, completionStatus, description) values (200, 1200, false, '');









insert into meeting (meetingId, timestamp, topic, isVirtual, therapistId, userId) values (10001, null, 'justo nec condimentum neque sapien placerat ante nulla', false, 101, 1);
insert into meeting (meetingId, timestamp, topic, isVirtual, therapistId, userId) values (10002, '2024-03-19', 'quam pharetra magna ac consequat metus sapien', null, 102, 2);
insert into meeting (meetingId, timestamp, topic, isVirtual, therapistId, userId) values (10003, '2023-11-09', 'et eros vestibulum ac est lacinia nisi', false, 103, 3);
insert into meeting (meetingId, timestamp, topic, isVirtual, therapistId, userId) values (10004, null, 'augue a suscipit nulla', false, 104, 4);
insert into meeting (meetingId, timestamp, topic, isVirtual, therapistId, userId) values (10005, '2023-12-04', 'tortor duis mattis', true, 105, 5);
insert into meeting (meetingId, timestamp, topic, isVirtual, therapistId, userId) values (10006, '2024-03-06', 'integer', true, 106, 6);
insert into meeting (meetingId, timestamp, topic, isVirtual, therapistId, userId) values (10007, '2023-09-08', 'in', true, 107, 7);
insert into meeting (meetingId, timestamp, topic, isVirtual, therapistId, userId) values (10008, '2024-01-03', 'tortor quis turpis', null, 108, 8);
insert into meeting (meetingId, timestamp, topic, isVirtual, therapistId, userId) values (10009, '2023-07-27', 'felis fusce posuere felis sed lacus morbi', false, 109, 9);
insert into meeting (meetingId, timestamp, topic, isVirtual, therapistId, userId) values (10010, '2024-01-01', 'fusce posuere felis', true, 110, 10);
insert into meeting (meetingId, timestamp, topic, isVirtual, therapistId, userId) values (10011, '2023-10-30', null, true, 111, 11);
insert into meeting (meetingId, timestamp, topic, isVirtual, therapistId, userId) values (10012, '2024-01-04', 'nisl nunc nisl duis bibendum felis sed', false, 112, 12);
insert into meeting (meetingId, timestamp, topic, isVirtual, therapistId, userId) values (10013, null, 'tortor sollicitudin mi sit amet', true, 113, 13);
insert into meeting (meetingId, timestamp, topic, isVirtual, therapistId, userId) values (10014, '2023-07-26', 'maecenas tincidunt lacus at velit vivamus vel nulla eget eros', true, 114, 14);
insert into meeting (meetingId, timestamp, topic, isVirtual, therapistId, userId) values (10015, '2023-04-29', 'ut nunc vestibulum ante ipsum primis in', false, 115, 15);
insert into meeting (meetingId, timestamp, topic, isVirtual, therapistId, userId) values (10016, null, 'sed', null, 116, 16);
insert into meeting (meetingId, timestamp, topic, isVirtual, therapistId, userId) values (10017, '2023-04-14', null, true, 117, 17);
insert into meeting (meetingId, timestamp, topic, isVirtual, therapistId, userId) values (10018, '2023-06-08', 'posuere nonummy integer', true, 118, 18);
insert into meeting (meetingId, timestamp, topic, isVirtual, therapistId, userId) values (10019, '2023-11-05', 'integer ac leo pellentesque ultrices mattis', null, 119, 19);
insert into meeting (meetingId, timestamp, topic, isVirtual, therapistId, userId) values (10020, null, 'orci luctus et ultrices posuere', true, 120, 20);
insert into meeting (meetingId, timestamp, topic, isVirtual, therapistId, userId) values (10021, '2023-08-25', 'bibendum felis sed interdum venenatis turpis', true, 121, 21);
insert into meeting (meetingId, timestamp, topic, isVirtual, therapistId, userId) values (10022, '2024-02-04', 'at velit', false, 122, 22);
insert into meeting (meetingId, timestamp, topic, isVirtual, therapistId, userId) values (10023, '2023-06-04', 'vestibulum sed magna at nunc commodo placerat praesent', true, 123, 23);
insert into meeting (meetingId, timestamp, topic, isVirtual, therapistId, userId) values (10024, null, 'porttitor lorem id ligula suspendisse', false, 124, 24);
insert into meeting (meetingId, timestamp, topic, isVirtual, therapistId, userId) values (10025, '2024-02-20', 'ultrices phasellus id sapien in sapien iaculis congue vivamus', false, 125, 25);
insert into meeting (meetingId, timestamp, topic, isVirtual, therapistId, userId) values (10026, '2023-08-19', 'suscipit ligula in lacus curabitur at', false, 126, 26);
insert into meeting (meetingId, timestamp, topic, isVirtual, therapistId, userId) values (10027, null, 'diam neque vestibulum eget vulputate ut ultrices', null, 127, 27);
insert into meeting (meetingId, timestamp, topic, isVirtual, therapistId, userId) values (10028, '2023-08-05', 'quisque arcu libero rutrum ac', true, 128, 28);
insert into meeting (meetingId, timestamp, topic, isVirtual, therapistId, userId) values (10029, '2023-08-07', 'aliquam lacus morbi quis', true, 129, 29);
insert into meeting (meetingId, timestamp, topic, isVirtual, therapistId, userId) values (10030, '2023-10-15', 'mauris morbi non lectus aliquam sit amet diam in magna', false, 130, 30);
insert into meeting (meetingId, timestamp, topic, isVirtual, therapistId, userId) values (10031, '2023-08-18', 'massa id lobortis', false, 131, 31);
insert into meeting (meetingId, timestamp, topic, isVirtual, therapistId, userId) values (10032, null, 'sem mauris laoreet', null, 132, 32);
insert into meeting (meetingId, timestamp, topic, isVirtual, therapistId, userId) values (10033, '2023-07-08', 'vulputate nonummy maecenas tincidunt', false, 133, 33);
insert into meeting (meetingId, timestamp, topic, isVirtual, therapistId, userId) values (10034, '2023-09-08', 'nunc', true, 134, 34);
insert into meeting (meetingId, timestamp, topic, isVirtual, therapistId, userId) values (10035, '2024-02-03', 'eu interdum eu tincidunt in', false, 135, 35);
insert into meeting (meetingId, timestamp, topic, isVirtual, therapistId, userId) values (10036, '2024-02-01', 'tristique', false, 136, 36);
insert into meeting (meetingId, timestamp, topic, isVirtual, therapistId, userId) values (10037, '2023-09-29', 'integer a nibh in quis justo maecenas rhoncus aliquam lacus', true, 137, 37);
insert into meeting (meetingId, timestamp, topic, isVirtual, therapistId, userId) values (10038, '2023-12-13', '', false, 138, 38);
insert into meeting (meetingId, timestamp, topic, isVirtual, therapistId, userId) values (10039, '2023-07-13', 'rutrum ac lobortis vel dapibus at diam', false, 139, 39);
insert into meeting (meetingId, timestamp, topic, isVirtual, therapistId, userId) values (10040, '2024-03-28', 'sapien non mi integer ac neque duis bibendum morbi', true, 140, 40);
insert into meeting (meetingId, timestamp, topic, isVirtual, therapistId, userId) values (10041, null, 'massa donec dapibus', null, 141, 41);
insert into meeting (meetingId, timestamp, topic, isVirtual, therapistId, userId) values (10042, '2023-05-21', 'eu nibh quisque', true, 142, 42);
insert into meeting (meetingId, timestamp, topic, isVirtual, therapistId, userId) values (10043, null, 'sem duis aliquam convallis nunc', true, 143, 43);
insert into meeting (meetingId, timestamp, topic, isVirtual, therapistId, userId) values (10044, '2023-04-23', 'natoque penatibus et magnis dis parturient', null, 144, 44);
insert into meeting (meetingId, timestamp, topic, isVirtual, therapistId, userId) values (10045, null, 'justo eu massa donec', true, 145, 45);
insert into meeting (meetingId, timestamp, topic, isVirtual, therapistId, userId) values (10046, '2023-06-24', 'purus phasellus in felis', false, 146, 46);
insert into meeting (meetingId, timestamp, topic, isVirtual, therapistId, userId) values (10047, '2023-12-14', 'sapien dignissim vestibulum', false, 147, 47);
insert into meeting (meetingId, timestamp, topic, isVirtual, therapistId, userId) values (10048, '2023-07-31', 'tempus semper est quam pharetra magna ac consequat metus', true, 148, 48);
insert into meeting (meetingId, timestamp, topic, isVirtual, therapistId, userId) values (10049, null, 'natoque penatibus et magnis', false, 149, 49);
insert into meeting (meetingId, timestamp, topic, isVirtual, therapistId, userId) values (10050, '2023-05-16', 'interdum eu tincidunt in leo', null, 150, 50);
insert into meeting (meetingId, timestamp, topic, isVirtual, therapistId, userId) values (10051, '2023-11-02', '', null, 151, 51);
insert into meeting (meetingId, timestamp, topic, isVirtual, therapistId, userId) values (10052, null, 'suspendisse potenti', false, 152, 52);
insert into meeting (meetingId, timestamp, topic, isVirtual, therapistId, userId) values (10053, '2023-09-15', 'imperdiet et', false, 153, 53);
insert into meeting (meetingId, timestamp, topic, isVirtual, therapistId, userId) values (10054, '2024-03-10', 'mattis odio donec vitae', false, 154, 54);
insert into meeting (meetingId, timestamp, topic, isVirtual, therapistId, userId) values (10055, '2023-05-19', 'turpis', true, 155, 55);
insert into meeting (meetingId, timestamp, topic, isVirtual, therapistId, userId) values (10056, '2024-01-13', 'in purus eu magna vulputate luctus cum sociis natoque penatibus', false, 156, 56);
insert into meeting (meetingId, timestamp, topic, isVirtual, therapistId, userId) values (10057, '2024-03-23', '', false, 157, 57);
insert into meeting (meetingId, timestamp, topic, isVirtual, therapistId, userId) values (10058, '2023-10-31', '', null, 158, 58);
insert into meeting (meetingId, timestamp, topic, isVirtual, therapistId, userId) values (10059, '2024-02-15', 'at turpis a', true, 159, 59);
insert into meeting (meetingId, timestamp, topic, isVirtual, therapistId, userId) values (10060, '2023-06-26', 'ipsum dolor sit amet consectetuer adipiscing elit', true, 160, 60);
insert into meeting (meetingId, timestamp, topic, isVirtual, therapistId, userId) values (10061, '2024-01-17', null, false, 161, 61);
insert into meeting (meetingId, timestamp, topic, isVirtual, therapistId, userId) values (10062, '2024-03-29', 'dui nec', true, 162, 62);
insert into meeting (meetingId, timestamp, topic, isVirtual, therapistId, userId) values (10063, '2023-05-14', 'sit amet lobortis', false, 163, 63);
insert into meeting (meetingId, timestamp, topic, isVirtual, therapistId, userId) values (10064, '2023-10-22', null, null, 164, 64);
insert into meeting (meetingId, timestamp, topic, isVirtual, therapistId, userId) values (10065, '2023-11-11', null, true, 165, 65);
insert into meeting (meetingId, timestamp, topic, isVirtual, therapistId, userId) values (10066, '2023-09-26', 'id', false, 166, 66);
insert into meeting (meetingId, timestamp, topic, isVirtual, therapistId, userId) values (10067, '2024-03-05', 'nec euismod scelerisque quam', true, 167, 67);
insert into meeting (meetingId, timestamp, topic, isVirtual, therapistId, userId) values (10068, null, 'nisi at nibh in hac habitasse platea dictumst aliquam augue', true, 168, 68);
insert into meeting (meetingId, timestamp, topic, isVirtual, therapistId, userId) values (10069, '2024-01-26', 'ipsum primis', true, 169, 69);
insert into meeting (meetingId, timestamp, topic, isVirtual, therapistId, userId) values (10070, null, 'etiam pretium', true, 170, 70);
insert into meeting (meetingId, timestamp, topic, isVirtual, therapistId, userId) values (10071, '2023-05-29', 'quam sapien varius ut blandit', true, 171, 71);
insert into meeting (meetingId, timestamp, topic, isVirtual, therapistId, userId) values (10072, '2024-01-13', 'nulla pede ullamcorper augue a suscipit nulla elit ac nulla', true, 172, 72);
insert into meeting (meetingId, timestamp, topic, isVirtual, therapistId, userId) values (10073, '2023-10-28', 'ut suscipit a', true, 173, 73);
insert into meeting (meetingId, timestamp, topic, isVirtual, therapistId, userId) values (10074, '2024-03-24', 'consequat', true, 174, 74);
insert into meeting (meetingId, timestamp, topic, isVirtual, therapistId, userId) values (10075, '2023-04-16', 'pharetra magna', null, 175, 75);
insert into meeting (meetingId, timestamp, topic, isVirtual, therapistId, userId) values (10076, '2023-08-01', 'a nibh in quis justo', true, 176, 76);
insert into meeting (meetingId, timestamp, topic, isVirtual, therapistId, userId) values (10077, '2023-05-30', 'vel sem sed sagittis', null, 177, 77);
insert into meeting (meetingId, timestamp, topic, isVirtual, therapistId, userId) values (10078, null, 'magna vulputate luctus cum sociis natoque penatibus et magnis dis', false, 178, 78);
insert into meeting (meetingId, timestamp, topic, isVirtual, therapistId, userId) values (10079, '2024-03-31', 'neque aenean auctor gravida sem praesent id massa id nisl', false, 179, 79);
insert into meeting (meetingId, timestamp, topic, isVirtual, therapistId, userId) values (10080, '2023-10-10', 'suspendisse accumsan tortor quis turpis sed ante vivamus tortor duis', true, 180, 80);
insert into meeting (meetingId, timestamp, topic, isVirtual, therapistId, userId) values (10081, '2024-04-07', 'id', false, 181, 81);
insert into meeting (meetingId, timestamp, topic, isVirtual, therapistId, userId) values (10082, '2023-09-11', 'interdum mauris ullamcorper purus sit amet nulla quisque', true, 182, 82);
insert into meeting (meetingId, timestamp, topic, isVirtual, therapistId, userId) values (10083, '2023-06-17', 'eleifend quam a odio in hac habitasse platea', false, 183, 83);
insert into meeting (meetingId, timestamp, topic, isVirtual, therapistId, userId) values (10084, '2023-05-31', 'ultrices libero non mattis pulvinar nulla pede ullamcorper', false, 184, 84);
insert into meeting (meetingId, timestamp, topic, isVirtual, therapistId, userId) values (10085, '2024-01-31', 'quis justo maecenas rhoncus aliquam', null, 185, 85);
insert into meeting (meetingId, timestamp, topic, isVirtual, therapistId, userId) values (10086, '2023-06-26', '', true, 186, 86);
insert into meeting (meetingId, timestamp, topic, isVirtual, therapistId, userId) values (10087, '2023-09-29', 'vulputate', null, 187, 87);
insert into meeting (meetingId, timestamp, topic, isVirtual, therapistId, userId) values (10088, '2023-08-29', 'sit', true, 188, 88);
insert into meeting (meetingId, timestamp, topic, isVirtual, therapistId, userId) values (10089, null, 'nullam molestie nibh in lectus', false, 189, 89);
insert into meeting (meetingId, timestamp, topic, isVirtual, therapistId, userId) values (10090, '2024-01-31', 'libero nam dui proin leo odio porttitor', false, 190, 90);
insert into meeting (meetingId, timestamp, topic, isVirtual, therapistId, userId) values (10091, '2023-11-12', 'pellentesque viverra pede ac', true, 191, 91);
insert into meeting (meetingId, timestamp, topic, isVirtual, therapistId, userId) values (10092, '2023-08-21', 'nunc vestibulum ante ipsum', false, 192, 92);
insert into meeting (meetingId, timestamp, topic, isVirtual, therapistId, userId) values (10093, '2024-03-11', 'non ligula pellentesque ultrices phasellus id sapien', true, 193, 93);
insert into meeting (meetingId, timestamp, topic, isVirtual, therapistId, userId) values (10094, '2024-04-12', 'pede libero quis orci nullam molestie nibh in lectus pellentesque', false, 194, 94);
insert into meeting (meetingId, timestamp, topic, isVirtual, therapistId, userId) values (10095, '2023-08-18', 'odio elementum eu interdum', true, 195, 95);
insert into meeting (meetingId, timestamp, topic, isVirtual, therapistId, userId) values (10096, '2023-08-20', 'habitasse platea dictumst', true, 196, 96);
insert into meeting (meetingId, timestamp, topic, isVirtual, therapistId, userId) values (10097, '2024-03-27', 'id nulla ultrices aliquet', false, 197, 97);
insert into meeting (meetingId, timestamp, topic, isVirtual, therapistId, userId) values (10098, null, 'sollicitudin mi sit amet lobortis sapien sapien non', false, 198, 98);
insert into meeting (meetingId, timestamp, topic, isVirtual, therapistId, userId) values (10099, '2024-04-11', 'commodo vulputate justo in blandit ultrices', false, 199, 99);
insert into meeting (meetingId, timestamp, topic, isVirtual, therapistId, userId) values (10100, null, 'quis turpis eget elit sodales scelerisque mauris sit', true, 200, 100);
insert into meeting (meetingId, timestamp, topic, isVirtual, therapistId, userId) values (10101, '2023-05-30', 'mauris viverra', false, 201, 101);
insert into meeting (meetingId, timestamp, topic, isVirtual, therapistId, userId) values (10102, null, 'dolor morbi vel lectus', true, 202, 102);
insert into meeting (meetingId, timestamp, topic, isVirtual, therapistId, userId) values (10103, '2024-03-26', 'cubilia', true, 203, 103);
insert into meeting (meetingId, timestamp, topic, isVirtual, therapistId, userId) values (10104, null, 'pede posuere nonummy integer non', true, 204, 104);
insert into meeting (meetingId, timestamp, topic, isVirtual, therapistId, userId) values (10105, '2023-12-22', '', false, 205, 105);
insert into meeting (meetingId, timestamp, topic, isVirtual, therapistId, userId) values (10106, null, 'sed accumsan felis ut at dolor quis', false, 206, 106);
insert into meeting (meetingId, timestamp, topic, isVirtual, therapistId, userId) values (10107, '2024-03-13', 'sit amet diam in magna bibendum imperdiet nullam orci pede', true, 207, 107);
insert into meeting (meetingId, timestamp, topic, isVirtual, therapistId, userId) values (10108, '2023-04-30', 'urna ut tellus nulla ut erat', false, 208, 108);
insert into meeting (meetingId, timestamp, topic, isVirtual, therapistId, userId) values (10109, '2024-04-12', 'pulvinar nulla', true, 209, 109);
insert into meeting (meetingId, timestamp, topic, isVirtual, therapistId, userId) values (10110, '2023-10-17', 'quam sapien varius ut blandit', false, 210, 110);
insert into meeting (meetingId, timestamp, topic, isVirtual, therapistId, userId) values (10111, '2024-01-14', 'convallis tortor', false, 211, 111);
insert into meeting (meetingId, timestamp, topic, isVirtual, therapistId, userId) values (10112, '2024-01-30', 'nisl venenatis lacinia', true, 212, 112);
insert into meeting (meetingId, timestamp, topic, isVirtual, therapistId, userId) values (10113, '2024-03-12', 'sed magna at nunc commodo', true, 213, 113);
insert into meeting (meetingId, timestamp, topic, isVirtual, therapistId, userId) values (10114, null, 'diam in magna bibendum imperdiet nullam', true, 214, 114);
insert into meeting (meetingId, timestamp, topic, isVirtual, therapistId, userId) values (10115, '2023-08-08', 'primis in faucibus orci luctus et ultrices posuere cubilia curae', false, 215, 115);
insert into meeting (meetingId, timestamp, topic, isVirtual, therapistId, userId) values (10116, '2023-05-18', 'eget vulputate ut ultrices vel augue vestibulum ante', null, 216, 116);
insert into meeting (meetingId, timestamp, topic, isVirtual, therapistId, userId) values (10117, '2023-09-27', 'nunc proin', true, 217, 117);
insert into meeting (meetingId, timestamp, topic, isVirtual, therapistId, userId) values (10118, '2023-07-15', 'amet', null, 218, 118);
insert into meeting (meetingId, timestamp, topic, isVirtual, therapistId, userId) values (10119, null, 'in quam fringilla rhoncus mauris enim leo rhoncus', null, 219, 119);
insert into meeting (meetingId, timestamp, topic, isVirtual, therapistId, userId) values (10120, '2024-03-16', 'accumsan odio curabitur convallis duis consequat dui nec nisi volutpat', false, 220, 120);
insert into meeting (meetingId, timestamp, topic, isVirtual, therapistId, userId) values (10121, null, 'cras non velit nec nisi vulputate nonummy', true, 221, 121);
insert into meeting (meetingId, timestamp, topic, isVirtual, therapistId, userId) values (10122, '2023-11-03', 'pede justo', false, 222, 122);
insert into meeting (meetingId, timestamp, topic, isVirtual, therapistId, userId) values (10123, '2023-05-25', '', false, 223, 123);
insert into meeting (meetingId, timestamp, topic, isVirtual, therapistId, userId) values (10124, '2023-08-24', 'accumsan', true, 224, 124);
insert into meeting (meetingId, timestamp, topic, isVirtual, therapistId, userId) values (10125, '2023-12-20', 'et ultrices posuere', true, 225, 125);
insert into meeting (meetingId, timestamp, topic, isVirtual, therapistId, userId) values (10126, '2024-04-06', 'felis fusce posuere', true, 226, 126);
insert into meeting (meetingId, timestamp, topic, isVirtual, therapistId, userId) values (10127, null, 'odio', false, 227, 127);
insert into meeting (meetingId, timestamp, topic, isVirtual, therapistId, userId) values (10128, '2024-02-29', 'lorem vitae mattis nibh ligula nec sem duis', false, 228, 128);
insert into meeting (meetingId, timestamp, topic, isVirtual, therapistId, userId) values (10129, '2023-08-31', 'nunc vestibulum ante ipsum primis', true, 229, 129);
insert into meeting (meetingId, timestamp, topic, isVirtual, therapistId, userId) values (10130, '2023-11-15', 'nulla tellus in sagittis', true, 230, 130);
insert into meeting (meetingId, timestamp, topic, isVirtual, therapistId, userId) values (10131, '2024-03-05', 'et commodo vulputate justo', true, 231, 131);
insert into meeting (meetingId, timestamp, topic, isVirtual, therapistId, userId) values (10132, '2024-02-23', '', true, 232, 132);
insert into meeting (meetingId, timestamp, topic, isVirtual, therapistId, userId) values (10133, '2023-08-20', 'elementum', false, 233, 133);
insert into meeting (meetingId, timestamp, topic, isVirtual, therapistId, userId) values (10134, '2023-05-07', 'morbi', null, 234, 134);
insert into meeting (meetingId, timestamp, topic, isVirtual, therapistId, userId) values (10135, '2023-10-13', 'hac habitasse platea', true, 235, 135);
insert into meeting (meetingId, timestamp, topic, isVirtual, therapistId, userId) values (10136, '2023-10-11', 'leo maecenas pulvinar lobortis est phasellus sit amet erat', false, 236, 136);
insert into meeting (meetingId, timestamp, topic, isVirtual, therapistId, userId) values (10137, '2023-10-03', 'lacus at turpis donec posuere metus vitae ipsum', true, 237, 137);
insert into meeting (meetingId, timestamp, topic, isVirtual, therapistId, userId) values (10138, '2023-12-28', 'tortor risus dapibus augue vel accumsan tellus nisi', true, 238, 138);
insert into meeting (meetingId, timestamp, topic, isVirtual, therapistId, userId) values (10139, null, 'justo lacinia eget tincidunt', true, 239, 139);
insert into meeting (meetingId, timestamp, topic, isVirtual, therapistId, userId) values (10140, '2023-11-09', 'auctor gravida sem', null, 240, 140);
insert into meeting (meetingId, timestamp, topic, isVirtual, therapistId, userId) values (10141, '2023-09-06', '', true, 241, 141);
insert into meeting (meetingId, timestamp, topic, isVirtual, therapistId, userId) values (10142, '2024-03-15', 'est phasellus sit amet erat nulla tempus vivamus in', true, 242, 142);
insert into meeting (meetingId, timestamp, topic, isVirtual, therapistId, userId) values (10143, '2023-09-06', 'elit proin risus praesent lectus vestibulum quam sapien', false, 243, 143);
insert into meeting (meetingId, timestamp, topic, isVirtual, therapistId, userId) values (10144, '2024-01-30', 'faucibus orci luctus', false, 244, 144);
insert into meeting (meetingId, timestamp, topic, isVirtual, therapistId, userId) values (10145, '2023-12-25', 'varius ut', true, 245, 145);
insert into meeting (meetingId, timestamp, topic, isVirtual, therapistId, userId) values (10146, '2023-05-16', 'leo pellentesque ultrices mattis', false, 246, 146);
insert into meeting (meetingId, timestamp, topic, isVirtual, therapistId, userId) values (10147, null, '', false, 247, 147);
insert into meeting (meetingId, timestamp, topic, isVirtual, therapistId, userId) values (10148, null, '', false, 248, 148);
insert into meeting (meetingId, timestamp, topic, isVirtual, therapistId, userId) values (10149, '2023-11-17', 'sodales scelerisque mauris sit amet eros suspendisse accumsan tortor quis', null, 249, 149);
insert into meeting (meetingId, timestamp, topic, isVirtual, therapistId, userId) values (10150, '2024-01-10', 'erat eros viverra eget', true, 250, 150);
insert into meeting (meetingId, timestamp, topic, isVirtual, therapistId, userId) values (10151, null, 'augue', null, 251, 151);
insert into meeting (meetingId, timestamp, topic, isVirtual, therapistId, userId) values (10152, '2023-12-29', 'id ornare imperdiet sapien urna pretium nisl', false, 252, 152);
insert into meeting (meetingId, timestamp, topic, isVirtual, therapistId, userId) values (10153, '2023-08-14', 'lobortis ligula sit amet eleifend pede', true, 253, 153);
insert into meeting (meetingId, timestamp, topic, isVirtual, therapistId, userId) values (10154, null, 'ridiculus', false, 254, 154);
insert into meeting (meetingId, timestamp, topic, isVirtual, therapistId, userId) values (10155, '2023-08-30', 'et ultrices posuere cubilia curae', true, 255, 155);
insert into meeting (meetingId, timestamp, topic, isVirtual, therapistId, userId) values (10156, null, 'ut', true, 256, 156);
insert into meeting (meetingId, timestamp, topic, isVirtual, therapistId, userId) values (10157, '2023-06-19', 'sem mauris laoreet ut rhoncus aliquet pulvinar sed nisl', false, 257, 157);
insert into meeting (meetingId, timestamp, topic, isVirtual, therapistId, userId) values (10158, '2024-01-29', 'nec euismod scelerisque quam turpis adipiscing lorem', true, 258, 158);
insert into meeting (meetingId, timestamp, topic, isVirtual, therapistId, userId) values (10159, '2023-06-02', 'vel augue vestibulum', true, 259, 159);
insert into meeting (meetingId, timestamp, topic, isVirtual, therapistId, userId) values (10160, '2024-01-29', 'pulvinar sed nisl nunc', true, 260, 160);
insert into meeting (meetingId, timestamp, topic, isVirtual, therapistId, userId) values (10161, null, 'odio porttitor id consequat in consequat', true, 261, 161);
insert into meeting (meetingId, timestamp, topic, isVirtual, therapistId, userId) values (10162, '2024-02-07', '', false, 262, 162);
insert into meeting (meetingId, timestamp, topic, isVirtual, therapistId, userId) values (10163, '2023-12-07', 'amet cursus id turpis integer aliquet massa id lobortis', false, 263, 163);
insert into meeting (meetingId, timestamp, topic, isVirtual, therapistId, userId) values (10164, '2024-02-27', 'maecenas tristique est et tempus semper est', true, 264, 164);
insert into meeting (meetingId, timestamp, topic, isVirtual, therapistId, userId) values (10165, null, 'ante ipsum primis in faucibus orci luctus et ultrices posuere', false, 265, 165);
insert into meeting (meetingId, timestamp, topic, isVirtual, therapistId, userId) values (10166, null, 'a pede', true, 266, 166);
insert into meeting (meetingId, timestamp, topic, isVirtual, therapistId, userId) values (10167, null, 'at lorem integer tincidunt', null, 267, 167);
insert into meeting (meetingId, timestamp, topic, isVirtual, therapistId, userId) values (10168, '2023-04-14', 'et ultrices posuere cubilia curae duis faucibus accumsan', true, 268, 168);
insert into meeting (meetingId, timestamp, topic, isVirtual, therapistId, userId) values (10169, '2023-11-15', 'vel lectus in quam fringilla rhoncus', null, 269, 169);
insert into meeting (meetingId, timestamp, topic, isVirtual, therapistId, userId) values (10170, '2023-07-31', 'bibendum felis sed', true, 270, 170);
insert into meeting (meetingId, timestamp, topic, isVirtual, therapistId, userId) values (10171, null, 'tellus nisi eu orci mauris lacinia', null, 271, 171);
insert into meeting (meetingId, timestamp, topic, isVirtual, therapistId, userId) values (10172, '2023-09-12', 'in', false, 272, 172);
insert into meeting (meetingId, timestamp, topic, isVirtual, therapistId, userId) values (10173, '2023-09-29', 'consequat in consequat ut nulla sed accumsan felis', true, 273, 173);
insert into meeting (meetingId, timestamp, topic, isVirtual, therapistId, userId) values (10174, '2023-10-28', 'imperdiet nullam orci pede venenatis non', true, 274, 174);
insert into meeting (meetingId, timestamp, topic, isVirtual, therapistId, userId) values (10175, '2024-03-27', 'nullam orci pede venenatis non sodales sed', false, 275, 175);
insert into meeting (meetingId, timestamp, topic, isVirtual, therapistId, userId) values (10176, '2023-11-12', 'quam', true, 276, 176);
insert into meeting (meetingId, timestamp, topic, isVirtual, therapistId, userId) values (10177, null, 'volutpat', null, 277, 177);
insert into meeting (meetingId, timestamp, topic, isVirtual, therapistId, userId) values (10178, '2023-05-24', '', false, 278, 178);
insert into meeting (meetingId, timestamp, topic, isVirtual, therapistId, userId) values (10179, '2024-04-06', 'ut volutpat sapien arcu sed augue', false, 279, 179);
insert into meeting (meetingId, timestamp, topic, isVirtual, therapistId, userId) values (10180, '2023-08-15', 'curabitur convallis duis consequat dui nec nisi volutpat eleifend', true, 280, 180);
insert into meeting (meetingId, timestamp, topic, isVirtual, therapistId, userId) values (10181, '2024-01-13', 'vivamus tortor duis mattis egestas metus aenean fermentum', false, 281, 181);
insert into meeting (meetingId, timestamp, topic, isVirtual, therapistId, userId) values (10182, null, '', null, 282, 182);
insert into meeting (meetingId, timestamp, topic, isVirtual, therapistId, userId) values (10183, '2023-12-20', 'tincidunt lacus', true, 283, 183);
insert into meeting (meetingId, timestamp, topic, isVirtual, therapistId, userId) values (10184, '2024-01-05', 'magnis dis parturient montes nascetur ridiculus mus vivamus vestibulum', false, 284, 184);
insert into meeting (meetingId, timestamp, topic, isVirtual, therapistId, userId) values (10185, '2023-12-20', 'mauris laoreet ut rhoncus aliquet pulvinar', null, 285, 185);
insert into meeting (meetingId, timestamp, topic, isVirtual, therapistId, userId) values (10186, '2024-01-09', 'vel nisl duis ac nibh fusce', true, 286, 186);
insert into meeting (meetingId, timestamp, topic, isVirtual, therapistId, userId) values (10187, '2023-10-22', 'neque sapien', true, 287, 187);
insert into meeting (meetingId, timestamp, topic, isVirtual, therapistId, userId) values (10188, '2023-11-15', 'maecenas tincidunt lacus at velit', true, 288, 188);
insert into meeting (meetingId, timestamp, topic, isVirtual, therapistId, userId) values (10189, '2024-03-16', 'in sagittis dui', true, 289, 189);
insert into meeting (meetingId, timestamp, topic, isVirtual, therapistId, userId) values (10190, '2024-03-04', 'feugiat et eros vestibulum ac est lacinia nisi', null, 290, 190);
insert into meeting (meetingId, timestamp, topic, isVirtual, therapistId, userId) values (10191, null, 'rutrum rutrum neque aenean auctor', true, 291, 191);
insert into meeting (meetingId, timestamp, topic, isVirtual, therapistId, userId) values (10192, '2023-09-09', 'cursus id turpis integer aliquet massa id', false, 292, 192);
insert into meeting (meetingId, timestamp, topic, isVirtual, therapistId, userId) values (10193, '2024-04-07', 'integer', false, 293, 193);
insert into meeting (meetingId, timestamp, topic, isVirtual, therapistId, userId) values (10194, '2024-01-05', 'urna ut tellus nulla ut erat id', true, 294, 194);
insert into meeting (meetingId, timestamp, topic, isVirtual, therapistId, userId) values (10195, '2023-07-15', 'feugiat non pretium', false, 295, 195);
insert into meeting (meetingId, timestamp, topic, isVirtual, therapistId, userId) values (10196, '2024-03-14', 'metus aenean fermentum donec', true, 296, 196);
insert into meeting (meetingId, timestamp, topic, isVirtual, therapistId, userId) values (10197, '2023-10-16', 'donec vitae nisi', false, 297, 197);
insert into meeting (meetingId, timestamp, topic, isVirtual, therapistId, userId) values (10198, null, 'fermentum donec', false, 298, 198);
insert into meeting (meetingId, timestamp, topic, isVirtual, therapistId, userId) values (10199, '2024-03-28', '', true, 299, 199);
insert into meeting (meetingId, timestamp, topic, isVirtual, therapistId, userId) values (10200, null, 'augue luctus tincidunt nulla mollis molestie', false, 300, 200);








insert into subscription (userId, subscriptionId, subscriptionType, price, startDate) values (1, 100000001, 'enim', 0.04, '2023-12-11');
insert into subscription (userId, subscriptionId, subscriptionType, price, startDate) values (2, 100000002, 'in', 13.82, '2023-11-02');
insert into subscription (userId, subscriptionId, subscriptionType, price, startDate) values (3, 100000003, 'vehicula', 9.21, '2023-10-27');
insert into subscription (userId, subscriptionId, subscriptionType, price, startDate) values (4, 100000004, 'eget', 19.02, '2023-04-10');
insert into subscription (userId, subscriptionId, subscriptionType, price, startDate) values (5, 100000005, 'est', 18.8, '2023-02-26');
insert into subscription (userId, subscriptionId, subscriptionType, price, startDate) values (6, 100000006, 'libero', 17.32, '2023-03-03');
insert into subscription (userId, subscriptionId, subscriptionType, price, startDate) values (7, 100000007, 'blandit', 19.31, '2022-07-27');
insert into subscription (userId, subscriptionId, subscriptionType, price, startDate) values (8, 100000008, 'tortor', 3.28, '2023-04-06');
insert into subscription (userId, subscriptionId, subscriptionType, price, startDate) values (9, 100000009, 'justo', 4.09, '2023-04-22');
insert into subscription (userId, subscriptionId, subscriptionType, price, startDate) values (10, 100000010, 'interdum', 5.02, '2024-01-20');
insert into subscription (userId, subscriptionId, subscriptionType, price, startDate) values (11, 100000011, 'sit', 17.48, '2022-10-03');
insert into subscription (userId, subscriptionId, subscriptionType, price, startDate) values (12, 100000012, 'congue', 8.89, '2023-08-22');
insert into subscription (userId, subscriptionId, subscriptionType, price, startDate) values (13, 100000013, 'luctus', 18.8, '2022-11-22');
insert into subscription (userId, subscriptionId, subscriptionType, price, startDate) values (14, 100000014, 'sapien', 13.29, '2022-06-10');
insert into subscription (userId, subscriptionId, subscriptionType, price, startDate) values (15, 100000015, 'massa', 2.34, '2023-05-02');
insert into subscription (userId, subscriptionId, subscriptionType, price, startDate) values (16, 100000016, 'blandit', 19.4, '2023-03-19');
insert into subscription (userId, subscriptionId, subscriptionType, price, startDate) values (17, 100000017, 'neque', 11.3, '2023-03-31');
insert into subscription (userId, subscriptionId, subscriptionType, price, startDate) values (18, 100000018, 'scelerisque', 18.17, '2022-11-26');
insert into subscription (userId, subscriptionId, subscriptionType, price, startDate) values (19, 100000019, 'in', 3.24, '2023-11-10');
insert into subscription (userId, subscriptionId, subscriptionType, price, startDate) values (20, 100000020, 'pede', 11.81, '2024-03-24');
insert into subscription (userId, subscriptionId, subscriptionType, price, startDate) values (21, 100000021, 'nec', 9.58, '2024-02-08');
insert into subscription (userId, subscriptionId, subscriptionType, price, startDate) values (22, 100000022, 'sit', 11.51, '2023-04-29');
insert into subscription (userId, subscriptionId, subscriptionType, price, startDate) values (23, 100000023, 'cubilia', 10.67, '2022-08-03');
insert into subscription (userId, subscriptionId, subscriptionType, price, startDate) values (24, 100000024, 'aenean', 1.41, '2024-02-02');
insert into subscription (userId, subscriptionId, subscriptionType, price, startDate) values (25, 100000025, 'sit', 5.39, '2022-04-18');
insert into subscription (userId, subscriptionId, subscriptionType, price, startDate) values (26, 100000026, 'pellentesque', 12.16, '2022-11-13');
insert into subscription (userId, subscriptionId, subscriptionType, price, startDate) values (27, 100000027, 'vestibulum', 9.84, '2024-01-02');
insert into subscription (userId, subscriptionId, subscriptionType, price, startDate) values (28, 100000028, 'justo', 8.99, '2023-04-25');
insert into subscription (userId, subscriptionId, subscriptionType, price, startDate) values (29, 100000029, 'luctus', 5.93, '2022-08-22');
insert into subscription (userId, subscriptionId, subscriptionType, price, startDate) values (30, 100000030, 'ultrices', 3.88, '2023-09-15');
insert into subscription (userId, subscriptionId, subscriptionType, price, startDate) values (31, 100000031, 'erat', 3.33, '2023-05-26');
insert into subscription (userId, subscriptionId, subscriptionType, price, startDate) values (32, 100000032, 'neque', 2.03, '2024-02-07');
insert into subscription (userId, subscriptionId, subscriptionType, price, startDate) values (33, 100000033, 'purus', 11.17, '2023-02-21');
insert into subscription (userId, subscriptionId, subscriptionType, price, startDate) values (34, 100000034, 'vivamus', 3.27, '2022-11-12');
insert into subscription (userId, subscriptionId, subscriptionType, price, startDate) values (35, 100000035, 'in', 3.0, '2022-12-02');
insert into subscription (userId, subscriptionId, subscriptionType, price, startDate) values (36, 100000036, 'in', 10.26, '2022-11-29');
insert into subscription (userId, subscriptionId, subscriptionType, price, startDate) values (37, 100000037, 'integer', 0.23, '2023-12-15');
insert into subscription (userId, subscriptionId, subscriptionType, price, startDate) values (38, 100000038, 'nibh', 10.59, '2022-12-30');
insert into subscription (userId, subscriptionId, subscriptionType, price, startDate) values (39, 100000039, 'adipiscing', 9.67, '2023-09-01');
insert into subscription (userId, subscriptionId, subscriptionType, price, startDate) values (40, 100000040, 'congue', 10.34, '2022-04-23');
insert into subscription (userId, subscriptionId, subscriptionType, price, startDate) values (41, 100000041, 'quis', 9.05, '2022-09-05');
insert into subscription (userId, subscriptionId, subscriptionType, price, startDate) values (42, 100000042, 'odio', 12.38, '2022-09-19');
insert into subscription (userId, subscriptionId, subscriptionType, price, startDate) values (43, 100000043, 'aliquam', 18.18, '2024-02-23');
insert into subscription (userId, subscriptionId, subscriptionType, price, startDate) values (44, 100000044, 'primis', 19.2, '2023-08-31');
insert into subscription (userId, subscriptionId, subscriptionType, price, startDate) values (45, 100000045, 'diam', 13.39, '2023-04-02');
insert into subscription (userId, subscriptionId, subscriptionType, price, startDate) values (46, 100000046, 'tortor', 5.15, '2022-10-12');
insert into subscription (userId, subscriptionId, subscriptionType, price, startDate) values (47, 100000047, 'arcu', 7.65, '2023-10-30');
insert into subscription (userId, subscriptionId, subscriptionType, price, startDate) values (48, 100000048, 'posuere', 19.48, '2022-07-30');
insert into subscription (userId, subscriptionId, subscriptionType, price, startDate) values (49, 100000049, 'suscipit', 3.25, '2022-06-30');
insert into subscription (userId, subscriptionId, subscriptionType, price, startDate) values (50, 100000050, 'in', 10.11, '2022-08-06');
insert into subscription (userId, subscriptionId, subscriptionType, price, startDate) values (51, 100000051, 'sollicitudin', 0.0, '2024-02-25');
insert into subscription (userId, subscriptionId, subscriptionType, price, startDate) values (52, 100000052, 'ante', 4.48, '2023-08-02');
insert into subscription (userId, subscriptionId, subscriptionType, price, startDate) values (53, 100000053, 'vulputate', 3.3, '2023-05-27');
insert into subscription (userId, subscriptionId, subscriptionType, price, startDate) values (54, 100000054, 'dui', 1.03, '2023-01-22');
insert into subscription (userId, subscriptionId, subscriptionType, price, startDate) values (55, 100000055, 'nisi', 6.01, '2022-04-29');
insert into subscription (userId, subscriptionId, subscriptionType, price, startDate) values (56, 100000056, 'justo', 14.41, '2024-04-12');
insert into subscription (userId, subscriptionId, subscriptionType, price, startDate) values (57, 100000057, 'luctus', 17.21, '2022-08-11');
insert into subscription (userId, subscriptionId, subscriptionType, price, startDate) values (58, 100000058, 'elementum', 6.84, '2023-10-24');
insert into subscription (userId, subscriptionId, subscriptionType, price, startDate) values (59, 100000059, 'mauris', 10.71, '2022-11-22');
insert into subscription (userId, subscriptionId, subscriptionType, price, startDate) values (60, 100000060, 'eu', 19.08, '2022-11-29');







insert into suggestions (sugId, description, therapistId, userId) values (10001, 'eget tempus vel pede morbi porttitor lorem id ligula suspendisse ornare', 101, 1);
insert into suggestions (sugId, description, therapistId, userId) values (10002, null, null, 2);
insert into suggestions (sugId, description, therapistId, userId) values (10003, 'bibendum imperdiet nullam orci pede venenatis non sodales sed tincidunt eu felis fusce', 103, 3);
insert into suggestions (sugId, description, therapistId, userId) values (10004, null, 104, 4);
insert into suggestions (sugId, description, therapistId, userId) values (10005, 'pede venenatis non sodales sed tincidunt eu felis fusce posuere felis', 105, 5);
insert into suggestions (sugId, description, therapistId, userId) values (10006, 'felis sed lacus morbi sem mauris laoreet ut rhoncus aliquet pulvinar sed nisl nunc rhoncus dui vel sem sed sagittis', 106, 6);
insert into suggestions (sugId, description, therapistId, userId) values (10007, 'sed vestibulum sit amet cursus id turpis integer aliquet massa id lobortis convallis tortor risus dapibus augue vel accumsan', 107, 7);
insert into suggestions (sugId, description, therapistId, userId) values (10008, 'lacus morbi quis tortor id nulla ultrices aliquet maecenas leo odio condimentum id luctus', 108, 8);
insert into suggestions (sugId, description, therapistId, userId) values (10009, null, 109, 9);
insert into suggestions (sugId, description, therapistId, userId) values (10010, 'phasellus sit amet erat nulla tempus vivamus in felis eu sapien cursus', 110, 10);
insert into suggestions (sugId, description, therapistId, userId) values (10011, null, 111, 11);
insert into suggestions (sugId, description, therapistId, userId) values (10012, 'luctus nec molestie sed justo pellentesque viverra pede ac diam cras pellentesque volutpat', 112, 12);
insert into suggestions (sugId, description, therapistId, userId) values (10013, 'pellentesque viverra pede ac diam cras pellentesque volutpat dui maecenas', 113, 13);
insert into suggestions (sugId, description, therapistId, userId) values (10014, null, 114, 14);
insert into suggestions (sugId, description, therapistId, userId) values (10015, 'purus phasellus in felis donec semper sapien a libero nam dui proin leo odio', 115, 15);
insert into suggestions (sugId, description, therapistId, userId) values (10016, 'ligula pellentesque ultrices phasellus id sapien in sapien iaculis congue vivamus metus arcu adipiscing molestie', 116, 16);
insert into suggestions (sugId, description, therapistId, userId) values (10017, 'ultrices posuere cubilia curae donec pharetra magna vestibulum aliquet ultrices erat tortor sollicitudin mi sit amet', 117, 17);
insert into suggestions (sugId, description, therapistId, userId) values (10018, null, 118, 18);
insert into suggestions (sugId, description, therapistId, userId) values (10019, 'est quam pharetra magna ac consequat metus sapien ut nunc', 119, 19);
insert into suggestions (sugId, description, therapistId, userId) values (10020, null, 120, 20);
insert into suggestions (sugId, description, therapistId, userId) values (10021, 'lacinia nisi venenatis tristique fusce congue diam id ornare imperdiet', 121, 21);
insert into suggestions (sugId, description, therapistId, userId) values (10022, 'molestie hendrerit at vulputate vitae nisl aenean lectus pellentesque eget nunc donec', 122, 22);
insert into suggestions (sugId, description, therapistId, userId) values (10023, 'porttitor lorem id ligula suspendisse ornare consequat lectus in est risus auctor sed tristique in tempus sit', 123, 23);
insert into suggestions (sugId, description, therapistId, userId) values (10024, 'at nulla suspendisse potenti cras in purus eu magna vulputate luctus cum sociis natoque penatibus', 124, 24);
insert into suggestions (sugId, description, therapistId, userId) values (10025, 'lectus pellentesque eget nunc donec quis orci eget orci vehicula condimentum', 125, 25);
insert into suggestions (sugId, description, therapistId, userId) values (10026, 'ac consequat metus sapien ut nunc vestibulum ante ipsum primis in faucibus orci luctus et ultrices posuere', 126, 26);
insert into suggestions (sugId, description, therapistId, userId) values (10027, 'eleifend luctus ultricies eu nibh quisque id justo sit amet sapien dignissim', null, 27);
insert into suggestions (sugId, description, therapistId, userId) values (10028, 'aliquet pulvinar sed nisl nunc rhoncus dui vel sem sed sagittis nam congue risus semper porta volutpat quam pede', null, 28);
insert into suggestions (sugId, description, therapistId, userId) values (10029, 'a libero nam dui proin leo odio porttitor id consequat in consequat', 129, 29);
insert into suggestions (sugId, description, therapistId, userId) values (10030, 'erat quisque erat eros viverra eget congue eget semper rutrum nulla nunc purus phasellus in felis', 130, 30);
insert into suggestions (sugId, description, therapistId, userId) values (10031, 'vel augue vestibulum rutrum rutrum neque aenean auctor gravida sem', 131, 31);
insert into suggestions (sugId, description, therapistId, userId) values (10032, 'justo pellentesque viverra pede ac diam cras pellentesque volutpat dui maecenas tristique est et tempus semper est quam', 132, 32);
insert into suggestions (sugId, description, therapistId, userId) values (10033, null, 133, 33);
insert into suggestions (sugId, description, therapistId, userId) values (10034, 'at ipsum ac tellus semper interdum mauris ullamcorper purus sit amet nulla quisque arcu libero rutrum ac lobortis', 134, 34);
insert into suggestions (sugId, description, therapistId, userId) values (10035, 'ac diam cras pellentesque volutpat dui maecenas tristique est et tempus semper', 135, 35);
insert into suggestions (sugId, description, therapistId, userId) values (10036, null, 136, 36);
insert into suggestions (sugId, description, therapistId, userId) values (10037, 'faucibus cursus urna ut tellus nulla ut erat id mauris vulputate elementum nullam varius nulla facilisi', 137, 37);
insert into suggestions (sugId, description, therapistId, userId) values (10038, 'lacus curabitur at ipsum ac tellus semper interdum mauris ullamcorper purus sit amet nulla quisque arcu libero rutrum', 138, 38);
insert into suggestions (sugId, description, therapistId, userId) values (10039, null, 139, 39);
insert into suggestions (sugId, description, therapistId, userId) values (10040, 'vestibulum sagittis sapien cum sociis natoque penatibus et magnis dis parturient montes nascetur ridiculus mus etiam vel augue', 140, 40);
insert into suggestions (sugId, description, therapistId, userId) values (10041, null, 141, 41);
insert into suggestions (sugId, description, therapistId, userId) values (10042, 'arcu sed augue aliquam erat volutpat in congue etiam justo', 142, 42);
insert into suggestions (sugId, description, therapistId, userId) values (10043, 'felis ut at dolor quis odio consequat varius integer ac leo', 143, 43);
insert into suggestions (sugId, description, therapistId, userId) values (10044, null, 144, 44);
insert into suggestions (sugId, description, therapistId, userId) values (10045, 'felis donec semper sapien a libero nam dui proin leo odio porttitor id consequat in consequat ut nulla sed', 145, 45);
insert into suggestions (sugId, description, therapistId, userId) values (10046, 'cursus id turpis integer aliquet massa id lobortis convallis tortor', 146, 46);
insert into suggestions (sugId, description, therapistId, userId) values (10047, 'in quis justo maecenas rhoncus aliquam lacus morbi quis tortor id nulla ultrices aliquet maecenas leo odio condimentum id', 147, 47);
insert into suggestions (sugId, description, therapistId, userId) values (10048, null, 148, 48);
insert into suggestions (sugId, description, therapistId, userId) values (10049, 'dui vel nisl duis ac nibh fusce lacus purus aliquet at feugiat non pretium quis', 149, 49);
insert into suggestions (sugId, description, therapistId, userId) values (10050, 'aenean lectus pellentesque eget nunc donec quis orci eget orci vehicula condimentum curabitur in libero ut massa volutpat', 150, 50);
insert into suggestions (sugId, description, therapistId, userId) values (10051, null, 151, 51);
insert into suggestions (sugId, description, therapistId, userId) values (10052, 'consequat lectus in est risus auctor sed tristique in tempus sit amet', 152, 52);
insert into suggestions (sugId, description, therapistId, userId) values (10053, 'sem praesent id massa id nisl venenatis lacinia aenean sit amet justo morbi ut odio', null, 53);
insert into suggestions (sugId, description, therapistId, userId) values (10054, 'justo maecenas rhoncus aliquam lacus morbi quis tortor id nulla ultrices aliquet maecenas', 154, 54);
insert into suggestions (sugId, description, therapistId, userId) values (10055, 'sit amet nulla quisque arcu libero rutrum ac lobortis vel dapibus at diam nam tristique tortor eu', 155, 55);
insert into suggestions (sugId, description, therapistId, userId) values (10056, 'aliquam non mauris morbi non lectus aliquam sit amet diam in magna bibendum imperdiet nullam orci pede venenatis', null, 56);
insert into suggestions (sugId, description, therapistId, userId) values (10057, 'est lacinia nisi venenatis tristique fusce congue diam id ornare imperdiet sapien', null, 57);
insert into suggestions (sugId, description, therapistId, userId) values (10058, 'phasellus sit amet erat nulla tempus vivamus in felis eu sapien', 158, 58);
insert into suggestions (sugId, description, therapistId, userId) values (10059, null, 159, 59);
insert into suggestions (sugId, description, therapistId, userId) values (10060, null, 160, 60);
insert into suggestions (sugId, description, therapistId, userId) values (10061, 'purus aliquet at feugiat non pretium quis lectus suspendisse potenti in eleifend quam a odio', 161, 61);
insert into suggestions (sugId, description, therapistId, userId) values (10062, null, 162, 62);
insert into suggestions (sugId, description, therapistId, userId) values (10063, 'sapien dignissim vestibulum vestibulum ante ipsum primis in faucibus orci luctus et ultrices posuere cubilia curae', 163, 63);
insert into suggestions (sugId, description, therapistId, userId) values (10064, 'cum sociis natoque penatibus et magnis dis parturient montes nascetur ridiculus mus etiam vel augue', 164, 64);
insert into suggestions (sugId, description, therapistId, userId) values (10065, 'consequat in consequat ut nulla sed accumsan felis ut at', 165, 65);
insert into suggestions (sugId, description, therapistId, userId) values (10066, 'fringilla rhoncus mauris enim leo rhoncus sed vestibulum sit amet cursus id turpis integer aliquet massa id lobortis convallis tortor', 166, 66);
insert into suggestions (sugId, description, therapistId, userId) values (10067, 'accumsan felis ut at dolor quis odio consequat varius integer ac leo', 167, 67);
insert into suggestions (sugId, description, therapistId, userId) values (10068, 'lectus aliquam sit amet diam in magna bibendum imperdiet nullam orci pede venenatis non sodales sed tincidunt', 168, 68);
insert into suggestions (sugId, description, therapistId, userId) values (10069, 'cras in purus eu magna vulputate luctus cum sociis natoque penatibus et magnis dis parturient montes', 169, 69);
insert into suggestions (sugId, description, therapistId, userId) values (10070, 'montes nascetur ridiculus mus etiam vel augue vestibulum rutrum rutrum', 170, 70);
insert into suggestions (sugId, description, therapistId, userId) values (10071, 'eu orci mauris lacinia sapien quis libero nullam sit amet turpis elementum ligula vehicula consequat morbi', 171, 71);
insert into suggestions (sugId, description, therapistId, userId) values (10072, 'dui vel nisl duis ac nibh fusce lacus purus aliquet at feugiat non pretium quis lectus suspendisse potenti in', null, 72);
insert into suggestions (sugId, description, therapistId, userId) values (10073, 'purus aliquet at feugiat non pretium quis lectus suspendisse potenti', 173, 73);
insert into suggestions (sugId, description, therapistId, userId) values (10074, null, 174, 74);
insert into suggestions (sugId, description, therapistId, userId) values (10075, null, null, 75);
insert into suggestions (sugId, description, therapistId, userId) values (10076, 'at velit eu est congue elementum in hac habitasse platea dictumst morbi vestibulum velit id pretium iaculis diam', 176, 76);
insert into suggestions (sugId, description, therapistId, userId) values (10077, 'dui luctus rutrum nulla tellus in sagittis dui vel nisl duis ac nibh fusce lacus purus aliquet at feugiat non', 177, 77);
insert into suggestions (sugId, description, therapistId, userId) values (10078, 'quis tortor id nulla ultrices aliquet maecenas leo odio condimentum id luctus nec molestie', 178, 78);
insert into suggestions (sugId, description, therapistId, userId) values (10079, null, 179, 79);
insert into suggestions (sugId, description, therapistId, userId) values (10080, 'eget semper rutrum nulla nunc purus phasellus in felis donec semper sapien a libero nam dui proin', 180, 80);
insert into suggestions (sugId, description, therapistId, userId) values (10081, 'sit amet consectetuer adipiscing elit proin interdum mauris non ligula pellentesque ultrices phasellus id sapien in sapien iaculis', 181, 81);
insert into suggestions (sugId, description, therapistId, userId) values (10082, 'sagittis dui vel nisl duis ac nibh fusce lacus purus aliquet at feugiat non pretium quis lectus suspendisse', null, 82);
insert into suggestions (sugId, description, therapistId, userId) values (10083, 'nulla nisl nunc nisl duis bibendum felis sed interdum venenatis turpis enim blandit', 183, 83);
insert into suggestions (sugId, description, therapistId, userId) values (10084, 'erat tortor sollicitudin mi sit amet lobortis sapien sapien non mi integer', 184, 84);
insert into suggestions (sugId, description, therapistId, userId) values (10085, 'erat quisque erat eros viverra eget congue eget semper rutrum', 185, 85);
insert into suggestions (sugId, description, therapistId, userId) values (10086, 'ut massa volutpat convallis morbi odio odio elementum eu interdum', 186, 86);
insert into suggestions (sugId, description, therapistId, userId) values (10087, null, 187, 87);
insert into suggestions (sugId, description, therapistId, userId) values (10088, 'eu felis fusce posuere felis sed lacus morbi sem mauris laoreet', 188, 88);
insert into suggestions (sugId, description, therapistId, userId) values (10089, null, null, 89);
insert into suggestions (sugId, description, therapistId, userId) values (10090, null, 190, 90);
insert into suggestions (sugId, description, therapistId, userId) values (10091, 'etiam pretium iaculis justo in hac habitasse platea dictumst etiam', 191, 91);
insert into suggestions (sugId, description, therapistId, userId) values (10092, 'nulla ut erat id mauris vulputate elementum nullam varius nulla', 192, 92);
insert into suggestions (sugId, description, therapistId, userId) values (10093, 'rutrum neque aenean auctor gravida sem praesent id massa id nisl', 193, 93);
insert into suggestions (sugId, description, therapistId, userId) values (10094, 'elementum nullam varius nulla facilisi cras non velit nec nisi vulputate nonummy', 194, 94);
insert into suggestions (sugId, description, therapistId, userId) values (10095, 'dictumst etiam faucibus cursus urna ut tellus nulla ut erat id mauris vulputate elementum nullam', 195, 95);
insert into suggestions (sugId, description, therapistId, userId) values (10096, null, null, 96);
insert into suggestions (sugId, description, therapistId, userId) values (10097, 'ultrices phasellus id sapien in sapien iaculis congue vivamus metus arcu adipiscing molestie hendrerit at vulputate vitae nisl', 197, 97);
insert into suggestions (sugId, description, therapistId, userId) values (10098, 'in hac habitasse platea dictumst etiam faucibus cursus urna ut tellus nulla ut erat id mauris vulputate', 198, 98);
insert into suggestions (sugId, description, therapistId, userId) values (10099, null, 199, 99);
insert into suggestions (sugId, description, therapistId, userId) values (10100, 'dui luctus rutrum nulla tellus in sagittis dui vel nisl duis ac nibh fusce lacus purus aliquet at', 200, 100);
insert into suggestions (sugId, description, therapistId, userId) values (10101, 'arcu sed augue aliquam erat volutpat in congue etiam justo', 201, 101);
insert into suggestions (sugId, description, therapistId, userId) values (10102, null, null, 102);
insert into suggestions (sugId, description, therapistId, userId) values (10103, null, 203, 103);
insert into suggestions (sugId, description, therapistId, userId) values (10104, 'neque aenean auctor gravida sem praesent id massa id nisl venenatis lacinia aenean sit amet justo morbi ut odio', 204, 104);
insert into suggestions (sugId, description, therapistId, userId) values (10105, 'nulla elit ac nulla sed vel enim sit amet nunc viverra dapibus nulla suscipit ligula in lacus curabitur at ipsum', 205, 105);
insert into suggestions (sugId, description, therapistId, userId) values (10106, 'interdum eu tincidunt in leo maecenas pulvinar lobortis est phasellus sit amet erat nulla tempus vivamus in felis', 206, 106);
insert into suggestions (sugId, description, therapistId, userId) values (10107, 'donec quis orci eget orci vehicula condimentum curabitur in libero ut massa volutpat convallis morbi odio odio elementum', null, 107);
insert into suggestions (sugId, description, therapistId, userId) values (10108, null, 208, 108);
insert into suggestions (sugId, description, therapistId, userId) values (10109, 'lobortis convallis tortor risus dapibus augue vel accumsan tellus nisi eu orci mauris', 209, 109);
insert into suggestions (sugId, description, therapistId, userId) values (10110, null, 210, 110);
insert into suggestions (sugId, description, therapistId, userId) values (10111, 'praesent id massa id nisl venenatis lacinia aenean sit amet justo morbi ut odio cras mi pede malesuada in imperdiet', 211, 111);
insert into suggestions (sugId, description, therapistId, userId) values (10112, 'mauris laoreet ut rhoncus aliquet pulvinar sed nisl nunc rhoncus dui vel sem', null, 112);
insert into suggestions (sugId, description, therapistId, userId) values (10113, 'morbi sem mauris laoreet ut rhoncus aliquet pulvinar sed nisl nunc rhoncus dui vel sem', 213, 113);
insert into suggestions (sugId, description, therapistId, userId) values (10114, 'turpis donec posuere metus vitae ipsum aliquam non mauris morbi non lectus aliquam sit amet', 214, 114);
insert into suggestions (sugId, description, therapistId, userId) values (10115, 'dui vel nisl duis ac nibh fusce lacus purus aliquet at feugiat non pretium quis lectus suspendisse', 215, 115);
insert into suggestions (sugId, description, therapistId, userId) values (10116, 'morbi sem mauris laoreet ut rhoncus aliquet pulvinar sed nisl nunc rhoncus dui', 216, 116);
insert into suggestions (sugId, description, therapistId, userId) values (10117, 'ultrices posuere cubilia curae nulla dapibus dolor vel est donec odio justo sollicitudin ut suscipit a', 217, 117);
insert into suggestions (sugId, description, therapistId, userId) values (10118, 'ipsum integer a nibh in quis justo maecenas rhoncus aliquam lacus morbi quis', 218, 118);
insert into suggestions (sugId, description, therapistId, userId) values (10119, null, 219, 119);
insert into suggestions (sugId, description, therapistId, userId) values (10120, null, 220, 120);
insert into suggestions (sugId, description, therapistId, userId) values (10121, null, 221, 121);
insert into suggestions (sugId, description, therapistId, userId) values (10122, 'dolor sit amet consectetuer adipiscing elit proin risus praesent lectus vestibulum quam', 222, 122);
insert into suggestions (sugId, description, therapistId, userId) values (10123, 'enim leo rhoncus sed vestibulum sit amet cursus id turpis integer aliquet massa id lobortis', null, 123);
insert into suggestions (sugId, description, therapistId, userId) values (10124, null, 224, 124);
insert into suggestions (sugId, description, therapistId, userId) values (10125, 'luctus cum sociis natoque penatibus et magnis dis parturient montes nascetur ridiculus', 225, 125);
insert into suggestions (sugId, description, therapistId, userId) values (10126, 'porttitor lorem id ligula suspendisse ornare consequat lectus in est risus auctor sed tristique in tempus', 226, 126);
insert into suggestions (sugId, description, therapistId, userId) values (10127, 'erat fermentum justo nec condimentum neque sapien placerat ante nulla justo aliquam quis turpis eget elit sodales scelerisque mauris sit', 227, 127);
insert into suggestions (sugId, description, therapistId, userId) values (10128, 'in consequat ut nulla sed accumsan felis ut at dolor quis odio consequat varius integer', null, 128);
insert into suggestions (sugId, description, therapistId, userId) values (10129, null, 229, 129);
insert into suggestions (sugId, description, therapistId, userId) values (10130, 'magnis dis parturient montes nascetur ridiculus mus vivamus vestibulum sagittis', 230, 130);
insert into suggestions (sugId, description, therapistId, userId) values (10131, null, 231, 131);
insert into suggestions (sugId, description, therapistId, userId) values (10132, null, 232, 132);
insert into suggestions (sugId, description, therapistId, userId) values (10133, null, 233, 133);
insert into suggestions (sugId, description, therapistId, userId) values (10134, null, 234, 134);
insert into suggestions (sugId, description, therapistId, userId) values (10135, 'et ultrices posuere cubilia curae duis faucibus accumsan odio curabitur convallis duis consequat dui nec nisi volutpat eleifend donec', 235, 135);
insert into suggestions (sugId, description, therapistId, userId) values (10136, 'imperdiet nullam orci pede venenatis non sodales sed tincidunt eu felis fusce posuere felis sed lacus morbi sem mauris laoreet', 236, 136);
insert into suggestions (sugId, description, therapistId, userId) values (10137, 'ligula pellentesque ultrices phasellus id sapien in sapien iaculis congue vivamus metus', 237, 137);
insert into suggestions (sugId, description, therapistId, userId) values (10138, null, 238, 138);
insert into suggestions (sugId, description, therapistId, userId) values (10139, 'volutpat in congue etiam justo etiam pretium iaculis justo in hac habitasse platea', 239, 139);
insert into suggestions (sugId, description, therapistId, userId) values (10140, 'nulla nisl nunc nisl duis bibendum felis sed interdum venenatis turpis enim', 240, 140);
insert into suggestions (sugId, description, therapistId, userId) values (10141, 'et ultrices posuere cubilia curae mauris viverra diam vitae quam suspendisse potenti nullam porttitor lacus at turpis donec', 241, 141);
insert into suggestions (sugId, description, therapistId, userId) values (10142, 'sapien cum sociis natoque penatibus et magnis dis parturient montes nascetur ridiculus mus', 242, 142);
insert into suggestions (sugId, description, therapistId, userId) values (10143, null, 243, 143);
insert into suggestions (sugId, description, therapistId, userId) values (10144, 'ut odio cras mi pede malesuada in imperdiet et commodo vulputate justo in', 244, 144);
insert into suggestions (sugId, description, therapistId, userId) values (10145, 'ornare consequat lectus in est risus auctor sed tristique in tempus', 245, 145);
insert into suggestions (sugId, description, therapistId, userId) values (10146, 'morbi a ipsum integer a nibh in quis justo maecenas rhoncus aliquam lacus morbi quis tortor', 246, 146);
insert into suggestions (sugId, description, therapistId, userId) values (10147, null, 247, 147);
insert into suggestions (sugId, description, therapistId, userId) values (10148, 'nibh in lectus pellentesque at nulla suspendisse potenti cras in purus eu magna vulputate luctus', 248, 148);
insert into suggestions (sugId, description, therapistId, userId) values (10149, 'sapien arcu sed augue aliquam erat volutpat in congue etiam justo etiam pretium iaculis justo in hac habitasse platea dictumst', 249, 149);
insert into suggestions (sugId, description, therapistId, userId) values (10150, 'dui vel nisl duis ac nibh fusce lacus purus aliquet at feugiat non pretium quis lectus suspendisse potenti in eleifend', 250, 150);
insert into suggestions (sugId, description, therapistId, userId) values (10151, 'suspendisse accumsan tortor quis turpis sed ante vivamus tortor duis mattis egestas metus', 251, 151);
insert into suggestions (sugId, description, therapistId, userId) values (10152, 'eget congue eget semper rutrum nulla nunc purus phasellus in felis donec semper', 252, 152);
insert into suggestions (sugId, description, therapistId, userId) values (10153, 'in lectus pellentesque at nulla suspendisse potenti cras in purus eu magna vulputate luctus cum sociis natoque', 253, 153);
insert into suggestions (sugId, description, therapistId, userId) values (10154, 'erat vestibulum sed magna at nunc commodo placerat praesent blandit', 254, 154);
insert into suggestions (sugId, description, therapistId, userId) values (10155, 'lobortis ligula sit amet eleifend pede libero quis orci nullam molestie', 255, 155);
insert into suggestions (sugId, description, therapistId, userId) values (10156, 'curabitur in libero ut massa volutpat convallis morbi odio odio elementum eu interdum eu tincidunt', 256, 156);
insert into suggestions (sugId, description, therapistId, userId) values (10157, 'sit amet eros suspendisse accumsan tortor quis turpis sed ante', 257, 157);
insert into suggestions (sugId, description, therapistId, userId) values (10158, 'volutpat sapien arcu sed augue aliquam erat volutpat in congue etiam justo', 258, 158);
insert into suggestions (sugId, description, therapistId, userId) values (10159, null, 259, 159);
insert into suggestions (sugId, description, therapistId, userId) values (10160, 'dui maecenas tristique est et tempus semper est quam pharetra magna ac consequat metus sapien ut nunc vestibulum ante', null, 160);
insert into suggestions (sugId, description, therapistId, userId) values (10161, 'rhoncus dui vel sem sed sagittis nam congue risus semper porta volutpat quam pede lobortis ligula sit', 261, 161);
insert into suggestions (sugId, description, therapistId, userId) values (10162, 'ipsum primis in faucibus orci luctus et ultrices posuere cubilia curae mauris viverra diam vitae quam suspendisse potenti nullam porttitor', 262, 162);
insert into suggestions (sugId, description, therapistId, userId) values (10163, null, 263, 163);
insert into suggestions (sugId, description, therapistId, userId) values (10164, 'faucibus orci luctus et ultrices posuere cubilia curae mauris viverra diam vitae quam suspendisse potenti nullam porttitor', 264, 164);
insert into suggestions (sugId, description, therapistId, userId) values (10165, null, 265, 165);
insert into suggestions (sugId, description, therapistId, userId) values (10166, 'fusce congue diam id ornare imperdiet sapien urna pretium nisl ut volutpat sapien arcu sed', 266, 166);
insert into suggestions (sugId, description, therapistId, userId) values (10167, 'nonummy integer non velit donec diam neque vestibulum eget vulputate ut ultrices vel augue vestibulum ante', 267, 167);
insert into suggestions (sugId, description, therapistId, userId) values (10168, null, 268, 168);
insert into suggestions (sugId, description, therapistId, userId) values (10169, 'congue etiam justo etiam pretium iaculis justo in hac habitasse platea dictumst etiam faucibus cursus', null, 169);
insert into suggestions (sugId, description, therapistId, userId) values (10170, 'ut ultrices vel augue vestibulum ante ipsum primis in faucibus orci luctus et ultrices posuere', 270, 170);
insert into suggestions (sugId, description, therapistId, userId) values (10171, null, 271, 171);
insert into suggestions (sugId, description, therapistId, userId) values (10172, 'pede justo eu massa donec dapibus duis at velit eu est congue elementum in hac habitasse platea dictumst morbi vestibulum', 272, 172);
insert into suggestions (sugId, description, therapistId, userId) values (10173, 'curae donec pharetra magna vestibulum aliquet ultrices erat tortor sollicitudin', 273, 173);
insert into suggestions (sugId, description, therapistId, userId) values (10174, 'morbi sem mauris laoreet ut rhoncus aliquet pulvinar sed nisl', null, 174);
insert into suggestions (sugId, description, therapistId, userId) values (10175, 'duis ac nibh fusce lacus purus aliquet at feugiat non', 275, 175);
insert into suggestions (sugId, description, therapistId, userId) values (10176, 'congue diam id ornare imperdiet sapien urna pretium nisl ut volutpat sapien', 276, 176);
insert into suggestions (sugId, description, therapistId, userId) values (10177, null, null, 177);
insert into suggestions (sugId, description, therapistId, userId) values (10178, 'ultrices phasellus id sapien in sapien iaculis congue vivamus metus arcu adipiscing molestie hendrerit at', 278, 178);
insert into suggestions (sugId, description, therapistId, userId) values (10179, 'ipsum primis in faucibus orci luctus et ultrices posuere cubilia curae', 279, 179);
insert into suggestions (sugId, description, therapistId, userId) values (10180, 'nunc proin at turpis a pede posuere nonummy integer non velit donec diam neque vestibulum eget vulputate ut', 280, 180);
insert into suggestions (sugId, description, therapistId, userId) values (10181, 'quis odio consequat varius integer ac leo pellentesque ultrices mattis odio donec vitae nisi nam ultrices libero', 281, 181);
insert into suggestions (sugId, description, therapistId, userId) values (10182, 'dolor sit amet consectetuer adipiscing elit proin risus praesent lectus vestibulum quam sapien varius ut blandit non interdum', 282, 182);
insert into suggestions (sugId, description, therapistId, userId) values (10183, 'a odio in hac habitasse platea dictumst maecenas ut massa quis augue', 283, 183);
insert into suggestions (sugId, description, therapistId, userId) values (10184, 'duis bibendum morbi non quam nec dui luctus rutrum nulla tellus in sagittis dui vel', 284, 184);
insert into suggestions (sugId, description, therapistId, userId) values (10185, 'in porttitor pede justo eu massa donec dapibus duis at velit eu est congue elementum in', null, 185);
insert into suggestions (sugId, description, therapistId, userId) values (10186, 'lacus at velit vivamus vel nulla eget eros elementum pellentesque quisque porta volutpat erat quisque erat eros', null, 186);
insert into suggestions (sugId, description, therapistId, userId) values (10187, 'eleifend quam a odio in hac habitasse platea dictumst maecenas ut massa quis augue luctus tincidunt nulla mollis molestie', 287, 187);
insert into suggestions (sugId, description, therapistId, userId) values (10188, 'nisi at nibh in hac habitasse platea dictumst aliquam augue quam sollicitudin', 288, 188);
insert into suggestions (sugId, description, therapistId, userId) values (10189, 'orci nullam molestie nibh in lectus pellentesque at nulla suspendisse potenti cras in purus eu magna vulputate luctus', 289, 189);
insert into suggestions (sugId, description, therapistId, userId) values (10190, 'luctus cum sociis natoque penatibus et magnis dis parturient montes nascetur ridiculus mus vivamus vestibulum sagittis', 290, 190);
insert into suggestions (sugId, description, therapistId, userId) values (10191, 'turpis enim blandit mi in porttitor pede justo eu massa donec dapibus', null, 191);
insert into suggestions (sugId, description, therapistId, userId) values (10192, 'est congue elementum in hac habitasse platea dictumst morbi vestibulum velit', 292, 192);
insert into suggestions (sugId, description, therapistId, userId) values (10193, 'posuere cubilia curae nulla dapibus dolor vel est donec odio justo sollicitudin', 293, 193);
insert into suggestions (sugId, description, therapistId, userId) values (10194, null, 294, 194);
insert into suggestions (sugId, description, therapistId, userId) values (10195, 'est quam pharetra magna ac consequat metus sapien ut nunc vestibulum ante ipsum primis in faucibus orci luctus et', 295, 195);
insert into suggestions (sugId, description, therapistId, userId) values (10196, 'convallis tortor risus dapibus augue vel accumsan tellus nisi eu orci mauris lacinia sapien quis libero', 296, 196);
insert into suggestions (sugId, description, therapistId, userId) values (10197, null, 297, 197);
insert into suggestions (sugId, description, therapistId, userId) values (10198, 'id sapien in sapien iaculis congue vivamus metus arcu adipiscing molestie hendrerit at vulputate vitae nisl aenean lectus pellentesque', 298, 198);
insert into suggestions (sugId, description, therapistId, userId) values (10199, 'elit ac nulla sed vel enim sit amet nunc viverra dapibus nulla suscipit ligula in lacus curabitur', 299, 199);
insert into suggestions (sugId, description, therapistId, userId) values (10200, 'elementum nullam varius nulla facilisi cras non velit nec nisi vulputate nonummy maecenas tincidunt lacus at velit vivamus vel', 300, 200);






insert into therapist (therapistId, firstName, lastName, email, phone) values (101, 'Marlee', 'Stackbridge', 'mstackbridge0@rambler.ru', '433-341-6761');
insert into therapist (therapistId, firstName, lastName, email, phone) values (102, 'Alwin', 'Lehmann', 'alehmann1@mozilla.com', '581-882-3097');
insert into therapist (therapistId, firstName, lastName, email, phone) values (103, 'Findlay', 'Jewiss', 'fjewiss2@youtube.com', '607-573-1073');
insert into therapist (therapistId, firstName, lastName, email, phone) values (104, 'Cass', 'Stroband', 'cstroband3@hugedomains.com', '260-730-7751');
insert into therapist (therapistId, firstName, lastName, email, phone) values (105, 'Jarrad', 'Enevold', 'jenevold4@psu.edu', '654-749-5223');
insert into therapist (therapistId, firstName, lastName, email, phone) values (106, 'Tedman', 'McMeekin', 'tmcmeekin5@omniture.com', '161-700-7697');
insert into therapist (therapistId, firstName, lastName, email, phone) values (107, 'Zitella', 'Echelle', 'zechelle6@hao123.com', '937-326-5721');
insert into therapist (therapistId, firstName, lastName, email, phone) values (108, 'Clare', 'Seman', 'cseman7@pbs.org', '542-324-9975');
insert into therapist (therapistId, firstName, lastName, email, phone) values (109, 'Rog', 'Camolli', 'rcamolli8@bravesites.com', '621-770-5379');
insert into therapist (therapistId, firstName, lastName, email, phone) values (110, 'Ulrika', 'Botright', 'ubotright9@nsw.gov.au', '231-731-8470');
insert into therapist (therapistId, firstName, lastName, email, phone) values (111, 'Lettie', 'Tillot', 'ltillota@51.la', '450-752-0148');
insert into therapist (therapistId, firstName, lastName, email, phone) values (112, 'Garek', 'Pensom', 'gpensomb@issuu.com', '944-574-3357');
insert into therapist (therapistId, firstName, lastName, email, phone) values (113, 'Kevan', 'Conkey', 'kconkeyc@digg.com', '290-345-0595');
insert into therapist (therapistId, firstName, lastName, email, phone) values (114, 'Ruben', 'Carter', 'rcarterd@jalbum.net', '135-210-1631');
insert into therapist (therapistId, firstName, lastName, email, phone) values (115, 'Gasparo', 'Conaghy', 'gconaghye@utexas.edu', '990-894-5427');
insert into therapist (therapistId, firstName, lastName, email, phone) values (116, 'Whitney', 'Dicey', 'wdiceyf@cornell.edu', '380-336-6041');
insert into therapist (therapistId, firstName, lastName, email, phone) values (117, 'Lanny', 'Caraher', 'lcaraherg@adobe.com', '583-303-0186');
insert into therapist (therapistId, firstName, lastName, email, phone) values (118, 'Clara', 'Jandl', 'cjandlh@google.com.br', '826-700-2699');
insert into therapist (therapistId, firstName, lastName, email, phone) values (119, 'Axel', 'Greenshiels', 'agreenshielsi@dedecms.com', '250-739-1916');
insert into therapist (therapistId, firstName, lastName, email, phone) values (120, 'Tiffi', 'Ludvigsen', 'tludvigsenj@123-reg.co.uk', '133-878-4178');
insert into therapist (therapistId, firstName, lastName, email, phone) values (121, 'Joseito', 'Beale', 'jbealek@yale.edu', '250-146-5779');
insert into therapist (therapistId, firstName, lastName, email, phone) values (122, 'Jo ann', 'Tolchar', 'jtolcharl@hexun.com', '874-161-7225');
insert into therapist (therapistId, firstName, lastName, email, phone) values (123, 'Keri', 'Ickov', 'kickovm@csmonitor.com', '357-866-0770');
insert into therapist (therapistId, firstName, lastName, email, phone) values (124, 'Jarrad', 'Wiffill', 'jwiffilln@miitbeian.gov.cn', '556-457-9583');
insert into therapist (therapistId, firstName, lastName, email, phone) values (125, 'Irina', 'Rogeon', 'irogeono@issuu.com', '175-608-2175');
insert into therapist (therapistId, firstName, lastName, email, phone) values (126, 'Clementina', 'Barlace', 'cbarlacep@ted.com', '612-989-3459');
insert into therapist (therapistId, firstName, lastName, email, phone) values (127, 'Brnaba', 'Nettle', 'bnettleq@taobao.com', '703-985-6832');
insert into therapist (therapistId, firstName, lastName, email, phone) values (128, 'Elvyn', 'D''Alessandro', 'edalessandror@i2i.jp', '989-335-6993');
insert into therapist (therapistId, firstName, lastName, email, phone) values (129, 'Ximenes', 'Medlin', 'xmedlins@youtu.be', '262-486-7178');
insert into therapist (therapistId, firstName, lastName, email, phone) values (130, 'Aline', 'Cambridge', 'acambridget@ucla.edu', '567-483-6623');
insert into therapist (therapistId, firstName, lastName, email, phone) values (131, 'Bernadette', 'Sipson', 'bsipsonu@spiegel.de', '344-292-2689');
insert into therapist (therapistId, firstName, lastName, email, phone) values (132, 'Kiley', 'Raun', 'kraunv@a8.net', '873-823-5486');
insert into therapist (therapistId, firstName, lastName, email, phone) values (133, 'Jenni', 'Farbrace', 'jfarbracew@stanford.edu', '354-835-2491');
insert into therapist (therapistId, firstName, lastName, email, phone) values (134, 'Doralyn', 'Kyngdon', 'dkyngdonx@paypal.com', '530-441-7639');
insert into therapist (therapistId, firstName, lastName, email, phone) values (135, 'Dee dee', 'Blaszkiewicz', 'dblaszkiewiczy@cdbaby.com', '957-136-2242');
insert into therapist (therapistId, firstName, lastName, email, phone) values (136, 'Lenna', 'Stairmand', 'lstairmandz@topsy.com', '453-116-6763');
insert into therapist (therapistId, firstName, lastName, email, phone) values (137, 'Lydon', 'Monketon', 'lmonketon10@imgur.com', '485-359-5636');
insert into therapist (therapistId, firstName, lastName, email, phone) values (138, 'Aline', 'Gribbell', 'agribbell11@biblegateway.com', '668-240-5732');
insert into therapist (therapistId, firstName, lastName, email, phone) values (139, 'Charles', 'Kroch', 'ckroch12@nature.com', '490-586-8691');
insert into therapist (therapistId, firstName, lastName, email, phone) values (140, 'Dalia', 'Hugh', 'dhugh13@mlb.com', '541-313-6321');
insert into therapist (therapistId, firstName, lastName, email, phone) values (141, 'Patrica', 'Hillaby', 'phillaby14@1688.com', '534-670-3570');
insert into therapist (therapistId, firstName, lastName, email, phone) values (142, 'Nanon', 'Allsupp', 'nallsupp15@booking.com', '351-158-6922');
insert into therapist (therapistId, firstName, lastName, email, phone) values (143, 'Harrie', 'Steven', 'hsteven16@addthis.com', '335-847-5619');
insert into therapist (therapistId, firstName, lastName, email, phone) values (144, 'Athena', 'Philson', 'aphilson17@ft.com', '215-889-8075');
insert into therapist (therapistId, firstName, lastName, email, phone) values (145, 'Aleksandr', 'Gentzsch', 'agentzsch18@is.gd', '800-477-0245');
insert into therapist (therapistId, firstName, lastName, email, phone) values (146, 'Lon', 'Signoret', 'lsignoret19@nsw.gov.au', '931-313-8234');
insert into therapist (therapistId, firstName, lastName, email, phone) values (147, 'Kylie', 'Patterson', 'kpatterson1a@scribd.com', '155-518-4436');
insert into therapist (therapistId, firstName, lastName, email, phone) values (148, 'Cherise', 'Dowey', 'cdowey1b@craigslist.org', '788-908-2821');
insert into therapist (therapistId, firstName, lastName, email, phone) values (149, 'Camille', 'Dennert', 'cdennert1c@springer.com', '990-204-3497');
insert into therapist (therapistId, firstName, lastName, email, phone) values (150, 'Katine', 'Synke', 'ksynke1d@mediafire.com', '986-473-1663');
insert into therapist (therapistId, firstName, lastName, email, phone) values (151, 'Charlene', 'Whitington', 'cwhitington1e@tumblr.com', '236-944-1043');
insert into therapist (therapistId, firstName, lastName, email, phone) values (152, 'Olivia', 'Towll', 'otowll1f@imdb.com', '849-279-0505');
insert into therapist (therapistId, firstName, lastName, email, phone) values (153, 'Giffy', 'Butner', 'gbutner1g@pcworld.com', '277-899-2765');
insert into therapist (therapistId, firstName, lastName, email, phone) values (154, 'Romy', 'Boggish', 'rboggish1h@sun.com', '728-375-0303');
insert into therapist (therapistId, firstName, lastName, email, phone) values (155, 'Thomasine', 'Mufford', 'tmufford1i@macromedia.com', '946-430-7429');
insert into therapist (therapistId, firstName, lastName, email, phone) values (156, 'Benetta', 'Abley', 'babley1j@alexa.com', '199-603-2493');
insert into therapist (therapistId, firstName, lastName, email, phone) values (157, 'Oberon', 'Ackwood', 'oackwood1k@creativecommons.org', '229-715-4946');
insert into therapist (therapistId, firstName, lastName, email, phone) values (158, 'Eleonora', 'Ryburn', 'eryburn1l@blogger.com', '546-430-3426');
insert into therapist (therapistId, firstName, lastName, email, phone) values (159, 'Andra', 'Georger', 'ageorger1m@merriam-webster.com', '138-379-1833');
insert into therapist (therapistId, firstName, lastName, email, phone) values (160, 'Jackqueline', 'Haugeh', 'jhaugeh1n@sbwire.com', '792-295-8145');
insert into therapist (therapistId, firstName, lastName, email, phone) values (161, 'Shena', 'Braime', 'sbraime1o@com.com', '327-958-3277');
insert into therapist (therapistId, firstName, lastName, email, phone) values (162, 'Thorpe', 'Burbage', 'tburbage1p@bizjournals.com', '317-245-2312');
insert into therapist (therapistId, firstName, lastName, email, phone) values (163, 'Osbourne', 'Kelcher', 'okelcher1q@census.gov', '124-826-9084');
insert into therapist (therapistId, firstName, lastName, email, phone) values (164, 'Emmy', 'Gateley', 'egateley1r@cdbaby.com', '521-482-3358');
insert into therapist (therapistId, firstName, lastName, email, phone) values (165, 'Lonee', 'Gush', 'lgush1s@seattletimes.com', '435-915-0026');
insert into therapist (therapistId, firstName, lastName, email, phone) values (166, 'Nickola', 'Gwatkin', 'ngwatkin1t@google.co.uk', '131-765-6138');
insert into therapist (therapistId, firstName, lastName, email, phone) values (167, 'Romain', 'Boagey', 'rboagey1u@fema.gov', '849-357-3441');
insert into therapist (therapistId, firstName, lastName, email, phone) values (168, 'Robinetta', 'Van der Baaren', 'rvanderbaaren1v@sciencedirect.com', '506-415-2580');
insert into therapist (therapistId, firstName, lastName, email, phone) values (169, 'Adelina', 'Vidgeon', 'avidgeon1w@networkadvertising.org', '922-474-4720');
insert into therapist (therapistId, firstName, lastName, email, phone) values (170, 'Marielle', 'Halfhyde', 'mhalfhyde1x@multiply.com', '482-249-9076');
insert into therapist (therapistId, firstName, lastName, email, phone) values (171, 'Charlie', 'Peete', 'cpeete1y@blogger.com', '941-548-5448');
insert into therapist (therapistId, firstName, lastName, email, phone) values (172, 'Gonzales', 'Glendenning', 'gglendenning1z@narod.ru', '322-880-3721');
insert into therapist (therapistId, firstName, lastName, email, phone) values (173, 'Skip', 'Geer', 'sgeer20@friendfeed.com', '983-856-1734');
insert into therapist (therapistId, firstName, lastName, email, phone) values (174, 'Eula', 'Heffernan', 'eheffernan21@prnewswire.com', '658-684-0263');
insert into therapist (therapistId, firstName, lastName, email, phone) values (175, 'Serene', 'Van Der Weedenburg', 'svanderweedenburg22@hud.gov', '924-651-1311');
insert into therapist (therapistId, firstName, lastName, email, phone) values (176, 'Anna-diana', 'Augar', 'aaugar23@businessweek.com', '901-642-5220');
insert into therapist (therapistId, firstName, lastName, email, phone) values (177, 'Katharyn', 'Hallatt', 'khallatt24@seattletimes.com', '467-176-0243');
insert into therapist (therapistId, firstName, lastName, email, phone) values (178, 'Allina', 'Forgie', 'aforgie25@symantec.com', '905-192-4829');
insert into therapist (therapistId, firstName, lastName, email, phone) values (179, 'Evey', 'Tomsett', 'etomsett26@businessweek.com', '766-602-5944');
insert into therapist (therapistId, firstName, lastName, email, phone) values (180, 'Jecho', 'Warham', 'jwarham27@skype.com', '895-155-6587');
insert into therapist (therapistId, firstName, lastName, email, phone) values (181, 'Nickolai', 'Blackborough', 'nblackborough28@ca.gov', '928-574-9823');
insert into therapist (therapistId, firstName, lastName, email, phone) values (182, 'Bobinette', 'Giorgio', 'bgiorgio29@issuu.com', '232-663-2291');
insert into therapist (therapistId, firstName, lastName, email, phone) values (183, 'Wilow', 'Jahncke', 'wjahncke2a@networkadvertising.org', '908-992-3769');
insert into therapist (therapistId, firstName, lastName, email, phone) values (184, 'Hedvige', 'Swinburn', 'hswinburn2b@wikia.com', '718-374-3757');
insert into therapist (therapistId, firstName, lastName, email, phone) values (185, 'Giffard', 'Hargreaves', 'ghargreaves2c@sitemeter.com', '304-724-4861');
insert into therapist (therapistId, firstName, lastName, email, phone) values (186, 'Gabie', 'Grinaugh', 'ggrinaugh2d@paginegialle.it', '259-832-2626');
insert into therapist (therapistId, firstName, lastName, email, phone) values (187, 'Doralin', 'Ponting', 'dponting2e@wisc.edu', '630-905-9052');
insert into therapist (therapistId, firstName, lastName, email, phone) values (188, 'Kristina', 'Pymer', 'kpymer2f@whitehouse.gov', '306-239-7690');
insert into therapist (therapistId, firstName, lastName, email, phone) values (189, 'Alisun', 'Sydall', 'asydall2g@exblog.jp', '361-574-9710');
insert into therapist (therapistId, firstName, lastName, email, phone) values (190, 'Car', 'Youster', 'cyouster2h@live.com', '348-571-8722');
insert into therapist (therapistId, firstName, lastName, email, phone) values (191, 'Grove', 'Roskelly', 'groskelly2i@printfriendly.com', '986-867-5428');
insert into therapist (therapistId, firstName, lastName, email, phone) values (192, 'Glyn', 'Sante', 'gsante2j@plala.or.jp', '931-176-0988');
insert into therapist (therapistId, firstName, lastName, email, phone) values (193, 'Stella', 'Blackborne', 'sblackborne2k@macromedia.com', '597-732-1495');
insert into therapist (therapistId, firstName, lastName, email, phone) values (194, 'Con', 'Doggrell', 'cdoggrell2l@seesaa.net', '592-910-6834');
insert into therapist (therapistId, firstName, lastName, email, phone) values (195, 'Thurston', 'Decourcy', 'tdecourcy2m@bluehost.com', '400-328-1617');
insert into therapist (therapistId, firstName, lastName, email, phone) values (196, 'Merrie', 'Mullally', 'mmullally2n@webnode.com', '967-645-8948');
insert into therapist (therapistId, firstName, lastName, email, phone) values (197, 'Kincaid', 'Backshill', 'kbackshill2o@tuttocitta.it', '727-667-0170');
insert into therapist (therapistId, firstName, lastName, email, phone) values (198, 'Henri', 'Chapelle', 'hchapelle2p@chronoengine.com', '361-116-8806');
insert into therapist (therapistId, firstName, lastName, email, phone) values (199, 'Cilka', 'Mein', 'cmein2q@youtu.be', '388-437-1254');
insert into therapist (therapistId, firstName, lastName, email, phone) values (200, 'Therese', 'Wallwood', 'twallwood2r@arstechnica.com', '351-399-8203');
insert into therapist (therapistId, firstName, lastName, email, phone) values (201, 'Emera', 'Vigrass', 'evigrass2s@over-blog.com', '759-596-6931');
insert into therapist (therapistId, firstName, lastName, email, phone) values (202, 'Bud', 'Mordue', 'bmordue2t@pbs.org', '658-325-4950');
insert into therapist (therapistId, firstName, lastName, email, phone) values (203, 'Alida', 'Rettie', 'arettie2u@si.edu', '505-659-6490');
insert into therapist (therapistId, firstName, lastName, email, phone) values (204, 'Eal', 'Maudlen', 'emaudlen2v@reverbnation.com', '694-833-6215');
insert into therapist (therapistId, firstName, lastName, email, phone) values (205, 'Editha', 'Skeath', 'eskeath2w@bloglovin.com', '689-414-3145');
insert into therapist (therapistId, firstName, lastName, email, phone) values (206, 'Harriette', 'MacIver', 'hmaciver2x@phpbb.com', '713-667-2951');
insert into therapist (therapistId, firstName, lastName, email, phone) values (207, 'Malynda', 'Curling', 'mcurling2y@barnesandnoble.com', '559-526-8109');
insert into therapist (therapistId, firstName, lastName, email, phone) values (208, 'Alic', 'Lighton', 'alighton2z@bbc.co.uk', '293-275-1554');
insert into therapist (therapistId, firstName, lastName, email, phone) values (209, 'Zed', 'Popescu', 'zpopescu30@usgs.gov', '672-968-4410');
insert into therapist (therapistId, firstName, lastName, email, phone) values (210, 'Roxi', 'McQuillan', 'rmcquillan31@patch.com', '971-315-1571');
insert into therapist (therapistId, firstName, lastName, email, phone) values (211, 'Lisha', 'Worthy', 'lworthy32@redcross.org', '365-920-8901');
insert into therapist (therapistId, firstName, lastName, email, phone) values (212, 'Dusty', 'Bernardotti', 'dbernardotti33@sbwire.com', '205-577-8022');
insert into therapist (therapistId, firstName, lastName, email, phone) values (213, 'Garrett', 'Hansemann', 'ghansemann34@wikia.com', '544-840-3714');
insert into therapist (therapistId, firstName, lastName, email, phone) values (214, 'Kimberlyn', 'Vines', 'kvines35@irs.gov', '463-139-0251');
insert into therapist (therapistId, firstName, lastName, email, phone) values (215, 'Spence', 'MacGaughie', 'smacgaughie36@zimbio.com', '560-709-1316');
insert into therapist (therapistId, firstName, lastName, email, phone) values (216, 'Lynnell', 'Snepp', 'lsnepp37@gravatar.com', '550-752-5165');
insert into therapist (therapistId, firstName, lastName, email, phone) values (217, 'Urbano', 'Snasel', 'usnasel38@google.es', '533-424-8652');
insert into therapist (therapistId, firstName, lastName, email, phone) values (218, 'Vaughan', 'Rhydderch', 'vrhydderch39@wsj.com', '108-347-8256');
insert into therapist (therapistId, firstName, lastName, email, phone) values (219, 'Gustave', 'Fairpool', 'gfairpool3a@vkontakte.ru', '686-499-1123');
insert into therapist (therapistId, firstName, lastName, email, phone) values (220, 'Natka', 'Meijer', 'nmeijer3b@artisteer.com', '825-967-2989');
insert into therapist (therapistId, firstName, lastName, email, phone) values (221, 'Ferdinanda', 'MacEvilly', 'fmacevilly3c@berkeley.edu', '324-415-4839');
insert into therapist (therapistId, firstName, lastName, email, phone) values (222, 'Bettina', 'Edmands', 'bedmands3d@webmd.com', '876-692-6175');
insert into therapist (therapistId, firstName, lastName, email, phone) values (223, 'Otto', 'Langstaff', 'olangstaff3e@ft.com', '984-533-4741');
insert into therapist (therapistId, firstName, lastName, email, phone) values (224, 'Mae', 'Southwell', 'msouthwell3f@furl.net', '897-182-7385');
insert into therapist (therapistId, firstName, lastName, email, phone) values (225, 'Federica', 'Blinco', 'fblinco3g@samsung.com', '575-154-2160');
insert into therapist (therapistId, firstName, lastName, email, phone) values (226, 'Gabrielle', 'Crusham', 'gcrusham3h@alibaba.com', '267-717-6791');
insert into therapist (therapistId, firstName, lastName, email, phone) values (227, 'Thebault', 'Fibbitts', 'tfibbitts3i@ning.com', '704-410-9205');
insert into therapist (therapistId, firstName, lastName, email, phone) values (228, 'Mirabella', 'Cuardall', 'mcuardall3j@accuweather.com', '609-230-3182');
insert into therapist (therapistId, firstName, lastName, email, phone) values (229, 'Pieter', 'Pegg', 'ppegg3k@people.com.cn', '159-998-4776');
insert into therapist (therapistId, firstName, lastName, email, phone) values (230, 'Kippy', 'Cullimore', 'kcullimore3l@freewebs.com', '285-391-7095');
insert into therapist (therapistId, firstName, lastName, email, phone) values (231, 'Sayers', 'Grovier', 'sgrovier3m@gnu.org', '336-580-1192');
insert into therapist (therapistId, firstName, lastName, email, phone) values (232, 'Glen', 'Bolte', 'gbolte3n@oaic.gov.au', '427-357-9839');
insert into therapist (therapistId, firstName, lastName, email, phone) values (233, 'Tarah', 'Bruckstein', 'tbruckstein3o@php.net', '847-490-7249');
insert into therapist (therapistId, firstName, lastName, email, phone) values (234, 'Ronnie', 'Romanetti', 'rromanetti3p@ebay.com', '155-112-0389');
insert into therapist (therapistId, firstName, lastName, email, phone) values (235, 'Lorna', 'Matthisson', 'lmatthisson3q@prlog.org', '181-455-1663');
insert into therapist (therapistId, firstName, lastName, email, phone) values (236, 'Glyn', 'Drissell', 'gdrissell3r@godaddy.com', '580-902-3599');
insert into therapist (therapistId, firstName, lastName, email, phone) values (237, 'Renee', 'Edmonson', 'redmonson3s@howstuffworks.com', '306-942-2751');
insert into therapist (therapistId, firstName, lastName, email, phone) values (238, 'Salaidh', 'Peppard', 'speppard3t@usa.gov', '631-217-9937');
insert into therapist (therapistId, firstName, lastName, email, phone) values (239, 'Iona', 'Conibear', 'iconibear3u@ed.gov', '590-995-2983');
insert into therapist (therapistId, firstName, lastName, email, phone) values (240, 'Zola', 'Rispine', 'zrispine3v@japanpost.jp', '884-313-9621');
insert into therapist (therapistId, firstName, lastName, email, phone) values (241, 'Paxton', 'Ferrick', 'pferrick3w@economist.com', '991-314-2818');
insert into therapist (therapistId, firstName, lastName, email, phone) values (242, 'Ulrica', 'Woloschin', 'uwoloschin3x@ask.com', '611-185-3783');
insert into therapist (therapistId, firstName, lastName, email, phone) values (243, 'Malva', 'Arnaldy', 'marnaldy3y@360.cn', '564-344-0268');
insert into therapist (therapistId, firstName, lastName, email, phone) values (244, 'Glenn', 'MacIlhagga', 'gmacilhagga3z@taobao.com', '280-668-8993');
insert into therapist (therapistId, firstName, lastName, email, phone) values (245, 'Bobbye', 'Wayland', 'bwayland40@usatoday.com', '994-272-6004');
insert into therapist (therapistId, firstName, lastName, email, phone) values (246, 'Jennifer', 'Cello', 'jcello41@fema.gov', '235-475-1827');
insert into therapist (therapistId, firstName, lastName, email, phone) values (247, 'Donna', 'Neville', 'dneville42@bbc.co.uk', '893-956-6808');
insert into therapist (therapistId, firstName, lastName, email, phone) values (248, 'Christabel', 'Firk', 'cfirk43@studiopress.com', '392-748-4305');
insert into therapist (therapistId, firstName, lastName, email, phone) values (249, 'Trude', 'Row', 'trow44@hexun.com', '161-275-0473');
insert into therapist (therapistId, firstName, lastName, email, phone) values (250, 'Reinhold', 'Eymer', 'reymer45@bbb.org', '453-830-7931');
insert into therapist (therapistId, firstName, lastName, email, phone) values (251, 'Hashim', 'Tirone', 'htirone46@lulu.com', '244-685-9743');
insert into therapist (therapistId, firstName, lastName, email, phone) values (252, 'Osbourne', 'Swannell', 'oswannell47@artisteer.com', '320-292-5504');
insert into therapist (therapistId, firstName, lastName, email, phone) values (253, 'Wes', 'Tatem', 'wtatem48@paypal.com', '108-756-7879');
insert into therapist (therapistId, firstName, lastName, email, phone) values (254, 'Sacha', 'Scown', 'sscown49@washingtonpost.com', '512-534-9563');
insert into therapist (therapistId, firstName, lastName, email, phone) values (255, 'Torie', 'Louisot', 'tlouisot4a@aboutads.info', '790-826-4935');
insert into therapist (therapistId, firstName, lastName, email, phone) values (256, 'Lynnea', 'Luckhurst', 'lluckhurst4b@w3.org', '493-677-3808');
insert into therapist (therapistId, firstName, lastName, email, phone) values (257, 'Daniele', 'Tasker', 'dtasker4c@tinypic.com', '984-106-3509');
insert into therapist (therapistId, firstName, lastName, email, phone) values (258, 'Curry', 'Yandle', 'cyandle4d@yellowbook.com', '787-963-0172');
insert into therapist (therapistId, firstName, lastName, email, phone) values (259, 'Babs', 'Carnew', 'bcarnew4e@sakura.ne.jp', '715-486-4919');
insert into therapist (therapistId, firstName, lastName, email, phone) values (260, 'Maryann', 'Reitenbach', 'mreitenbach4f@shop-pro.jp', '500-697-5137');
insert into therapist (therapistId, firstName, lastName, email, phone) values (261, 'Elaina', 'Dell Casa', 'edellcasa4g@angelfire.com', '930-675-8400');
insert into therapist (therapistId, firstName, lastName, email, phone) values (262, 'Corie', 'Oattes', 'coattes4h@wordpress.org', '258-963-4817');
insert into therapist (therapistId, firstName, lastName, email, phone) values (263, 'Elly', 'Preist', 'epreist4i@aol.com', '668-477-5677');
insert into therapist (therapistId, firstName, lastName, email, phone) values (264, 'Guillaume', 'Amberg', 'gamberg4j@linkedin.com', '457-874-7010');
insert into therapist (therapistId, firstName, lastName, email, phone) values (265, 'Mason', 'Wyman', 'mwyman4k@nhs.uk', '755-184-0822');;







insert into user_settings (userId, notifications_on, contacts_on) values (1, false, false);
insert into user_settings (userId, notifications_on, contacts_on) values (2, true, null);
insert into user_settings (userId, notifications_on, contacts_on) values (3, true, null);
insert into user_settings (userId, notifications_on, contacts_on) values (4, false, false);
insert into user_settings (userId, notifications_on, contacts_on) values (5, null, true);
insert into user_settings (userId, notifications_on, contacts_on) values (6, null, null);
insert into user_settings (userId, notifications_on, contacts_on) values (7, null, false);
insert into user_settings (userId, notifications_on, contacts_on) values (8, null, null);
insert into user_settings (userId, notifications_on, contacts_on) values (9, null, true);
insert into user_settings (userId, notifications_on, contacts_on) values (10, false, false);
insert into user_settings (userId, notifications_on, contacts_on) values (11, false, false);
insert into user_settings (userId, notifications_on, contacts_on) values (12, false, true);
insert into user_settings (userId, notifications_on, contacts_on) values (13, true, null);
insert into user_settings (userId, notifications_on, contacts_on) values (14, true, false);
insert into user_settings (userId, notifications_on, contacts_on) values (15, null, null);
insert into user_settings (userId, notifications_on, contacts_on) values (16, false, false);
insert into user_settings (userId, notifications_on, contacts_on) values (17, null, false);
insert into user_settings (userId, notifications_on, contacts_on) values (18, false, true);
insert into user_settings (userId, notifications_on, contacts_on) values (19, null, true);
insert into user_settings (userId, notifications_on, contacts_on) values (20, null, false);
insert into user_settings (userId, notifications_on, contacts_on) values (21, null, null);
insert into user_settings (userId, notifications_on, contacts_on) values (22, true, true);
insert into user_settings (userId, notifications_on, contacts_on) values (23, true, false);
insert into user_settings (userId, notifications_on, contacts_on) values (24, false, false);
insert into user_settings (userId, notifications_on, contacts_on) values (25, false, null);
insert into user_settings (userId, notifications_on, contacts_on) values (26, null, false);
insert into user_settings (userId, notifications_on, contacts_on) values (27, true, true);
insert into user_settings (userId, notifications_on, contacts_on) values (28, true, true);
insert into user_settings (userId, notifications_on, contacts_on) values (29, true, true);
insert into user_settings (userId, notifications_on, contacts_on) values (30, true, false);
insert into user_settings (userId, notifications_on, contacts_on) values (31, null, false);
insert into user_settings (userId, notifications_on, contacts_on) values (32, null, false);
insert into user_settings (userId, notifications_on, contacts_on) values (33, false, false);
insert into user_settings (userId, notifications_on, contacts_on) values (34, true, true);
insert into user_settings (userId, notifications_on, contacts_on) values (35, false, true);
insert into user_settings (userId, notifications_on, contacts_on) values (36, false, false);
insert into user_settings (userId, notifications_on, contacts_on) values (37, false, null);
insert into user_settings (userId, notifications_on, contacts_on) values (38, true, true);
insert into user_settings (userId, notifications_on, contacts_on) values (39, null, false);
insert into user_settings (userId, notifications_on, contacts_on) values (40, false, false);
insert into user_settings (userId, notifications_on, contacts_on) values (41, false, true);
insert into user_settings (userId, notifications_on, contacts_on) values (42, false, true);
insert into user_settings (userId, notifications_on, contacts_on) values (43, null, null);
insert into user_settings (userId, notifications_on, contacts_on) values (44, false, true);
insert into user_settings (userId, notifications_on, contacts_on) values (45, false, false);
insert into user_settings (userId, notifications_on, contacts_on) values (46, true, null);
insert into user_settings (userId, notifications_on, contacts_on) values (47, false, true);
insert into user_settings (userId, notifications_on, contacts_on) values (48, false, true);
insert into user_settings (userId, notifications_on, contacts_on) values (49, null, true);
insert into user_settings (userId, notifications_on, contacts_on) values (50, false, true);
insert into user_settings (userId, notifications_on, contacts_on) values (51, false, true);
insert into user_settings (userId, notifications_on, contacts_on) values (52, null, false);
insert into user_settings (userId, notifications_on, contacts_on) values (53, false, null);
insert into user_settings (userId, notifications_on, contacts_on) values (54, null, false);
insert into user_settings (userId, notifications_on, contacts_on) values (55, true, true);
insert into user_settings (userId, notifications_on, contacts_on) values (56, null, false);
insert into user_settings (userId, notifications_on, contacts_on) values (57, false, false);
insert into user_settings (userId, notifications_on, contacts_on) values (58, true, true);
insert into user_settings (userId, notifications_on, contacts_on) values (59, true, true);
insert into user_settings (userId, notifications_on, contacts_on) values (60, false, true);
insert into user_settings (userId, notifications_on, contacts_on) values (61, false, true);
insert into user_settings (userId, notifications_on, contacts_on) values (62, null, true);
insert into user_settings (userId, notifications_on, contacts_on) values (63, false, false);
insert into user_settings (userId, notifications_on, contacts_on) values (64, false, null);
insert into user_settings (userId, notifications_on, contacts_on) values (65, true, null);
insert into user_settings (userId, notifications_on, contacts_on) values (66, false, null);
insert into user_settings (userId, notifications_on, contacts_on) values (67, null, true);
insert into user_settings (userId, notifications_on, contacts_on) values (68, true, true);
insert into user_settings (userId, notifications_on, contacts_on) values (69, null, true);
insert into user_settings (userId, notifications_on, contacts_on) values (70, true, true);
insert into user_settings (userId, notifications_on, contacts_on) values (71, false, false);
insert into user_settings (userId, notifications_on, contacts_on) values (72, true, null);
insert into user_settings (userId, notifications_on, contacts_on) values (73, null, null);
insert into user_settings (userId, notifications_on, contacts_on) values (74, true, true);
insert into user_settings (userId, notifications_on, contacts_on) values (75, true, true);
insert into user_settings (userId, notifications_on, contacts_on) values (76, true, true);
insert into user_settings (userId, notifications_on, contacts_on) values (77, true, false);
insert into user_settings (userId, notifications_on, contacts_on) values (78, false, false);
insert into user_settings (userId, notifications_on, contacts_on) values (79, false, null);
insert into user_settings (userId, notifications_on, contacts_on) values (80, null, false);
insert into user_settings (userId, notifications_on, contacts_on) values (81, null, true);
insert into user_settings (userId, notifications_on, contacts_on) values (82, false, true);
insert into user_settings (userId, notifications_on, contacts_on) values (83, false, null);
insert into user_settings (userId, notifications_on, contacts_on) values (84, false, null);
insert into user_settings (userId, notifications_on, contacts_on) values (85, true, false);
insert into user_settings (userId, notifications_on, contacts_on) values (86, false, false);
insert into user_settings (userId, notifications_on, contacts_on) values (87, null, null);
insert into user_settings (userId, notifications_on, contacts_on) values (88, true, true);
insert into user_settings (userId, notifications_on, contacts_on) values (89, false, null);
insert into user_settings (userId, notifications_on, contacts_on) values (90, true, null);
insert into user_settings (userId, notifications_on, contacts_on) values (91, true, false);
insert into user_settings (userId, notifications_on, contacts_on) values (92, null, true);
insert into user_settings (userId, notifications_on, contacts_on) values (93, null, false);
insert into user_settings (userId, notifications_on, contacts_on) values (94, false, false);
insert into user_settings (userId, notifications_on, contacts_on) values (95, false, true);
insert into user_settings (userId, notifications_on, contacts_on) values (96, false, null);
insert into user_settings (userId, notifications_on, contacts_on) values (97, null, null);
insert into user_settings (userId, notifications_on, contacts_on) values (98, false, false);
insert into user_settings (userId, notifications_on, contacts_on) values (99, false, null);
insert into user_settings (userId, notifications_on, contacts_on) values (100, false, null);
insert into user_settings (userId, notifications_on, contacts_on) values (101, false, true);
insert into user_settings (userId, notifications_on, contacts_on) values (102, true, false);
insert into user_settings (userId, notifications_on, contacts_on) values (103, true, false);
insert into user_settings (userId, notifications_on, contacts_on) values (104, true, true);
insert into user_settings (userId, notifications_on, contacts_on) values (105, null, true);
insert into user_settings (userId, notifications_on, contacts_on) values (106, false, null);
insert into user_settings (userId, notifications_on, contacts_on) values (107, false, true);
insert into user_settings (userId, notifications_on, contacts_on) values (108, null, null);
insert into user_settings (userId, notifications_on, contacts_on) values (109, false, false);
insert into user_settings (userId, notifications_on, contacts_on) values (110, false, null);
insert into user_settings (userId, notifications_on, contacts_on) values (111, true, true);
insert into user_settings (userId, notifications_on, contacts_on) values (112, false, true);
insert into user_settings (userId, notifications_on, contacts_on) values (113, false, false);
insert into user_settings (userId, notifications_on, contacts_on) values (114, false, false);
insert into user_settings (userId, notifications_on, contacts_on) values (115, true, true);
insert into user_settings (userId, notifications_on, contacts_on) values (116, true, true);
insert into user_settings (userId, notifications_on, contacts_on) values (117, true, false);
insert into user_settings (userId, notifications_on, contacts_on) values (118, true, null);
insert into user_settings (userId, notifications_on, contacts_on) values (119, true, true);
insert into user_settings (userId, notifications_on, contacts_on) values (120, false, false);
insert into user_settings (userId, notifications_on, contacts_on) values (121, true, true);
insert into user_settings (userId, notifications_on, contacts_on) values (122, null, true);
insert into user_settings (userId, notifications_on, contacts_on) values (123, true, null);
insert into user_settings (userId, notifications_on, contacts_on) values (124, true, false);
insert into user_settings (userId, notifications_on, contacts_on) values (125, null, null);
insert into user_settings (userId, notifications_on, contacts_on) values (126, false, null);
insert into user_settings (userId, notifications_on, contacts_on) values (127, false, false);
insert into user_settings (userId, notifications_on, contacts_on) values (128, true, false);
insert into user_settings (userId, notifications_on, contacts_on) values (129, null, true);
insert into user_settings (userId, notifications_on, contacts_on) values (130, true, false);
insert into user_settings (userId, notifications_on, contacts_on) values (131, null, false);
insert into user_settings (userId, notifications_on, contacts_on) values (132, null, false);
insert into user_settings (userId, notifications_on, contacts_on) values (133, false, false);
insert into user_settings (userId, notifications_on, contacts_on) values (134, false, true);
insert into user_settings (userId, notifications_on, contacts_on) values (135, true, false);
insert into user_settings (userId, notifications_on, contacts_on) values (136, false, false);
insert into user_settings (userId, notifications_on, contacts_on) values (137, true, true);
insert into user_settings (userId, notifications_on, contacts_on) values (138, false, null);
insert into user_settings (userId, notifications_on, contacts_on) values (139, false, null);
insert into user_settings (userId, notifications_on, contacts_on) values (140, false, false);
insert into user_settings (userId, notifications_on, contacts_on) values (141, true, true);
insert into user_settings (userId, notifications_on, contacts_on) values (142, null, false);
insert into user_settings (userId, notifications_on, contacts_on) values (143, true, null);
insert into user_settings (userId, notifications_on, contacts_on) values (144, false, false);
insert into user_settings (userId, notifications_on, contacts_on) values (145, true, true);
insert into user_settings (userId, notifications_on, contacts_on) values (146, true, null);
insert into user_settings (userId, notifications_on, contacts_on) values (147, null, true);
insert into user_settings (userId, notifications_on, contacts_on) values (148, true, false);
insert into user_settings (userId, notifications_on, contacts_on) values (149, true, null);
insert into user_settings (userId, notifications_on, contacts_on) values (150, true, true);
insert into user_settings (userId, notifications_on, contacts_on) values (151, false, true);
insert into user_settings (userId, notifications_on, contacts_on) values (152, true, true);
insert into user_settings (userId, notifications_on, contacts_on) values (153, null, true);
insert into user_settings (userId, notifications_on, contacts_on) values (154, false, true);
insert into user_settings (userId, notifications_on, contacts_on) values (155, true, false);
insert into user_settings (userId, notifications_on, contacts_on) values (156, false, true);
insert into user_settings (userId, notifications_on, contacts_on) values (157, true, true);
insert into user_settings (userId, notifications_on, contacts_on) values (158, null, null);
insert into user_settings (userId, notifications_on, contacts_on) values (159, true, false);
insert into user_settings (userId, notifications_on, contacts_on) values (160, false, true);
insert into user_settings (userId, notifications_on, contacts_on) values (161, true, true);
insert into user_settings (userId, notifications_on, contacts_on) values (162, null, true);
insert into user_settings (userId, notifications_on, contacts_on) values (163, true, false);
insert into user_settings (userId, notifications_on, contacts_on) values (164, null, true);
insert into user_settings (userId, notifications_on, contacts_on) values (165, true, null);
insert into user_settings (userId, notifications_on, contacts_on) values (166, true, null);
insert into user_settings (userId, notifications_on, contacts_on) values (167, false, true);
insert into user_settings (userId, notifications_on, contacts_on) values (168, null, true);
insert into user_settings (userId, notifications_on, contacts_on) values (169, true, false);
insert into user_settings (userId, notifications_on, contacts_on) values (170, true, true);
insert into user_settings (userId, notifications_on, contacts_on) values (171, false, null);
insert into user_settings (userId, notifications_on, contacts_on) values (172, false, true);
insert into user_settings (userId, notifications_on, contacts_on) values (173, true, true);
insert into user_settings (userId, notifications_on, contacts_on) values (174, null, true);
insert into user_settings (userId, notifications_on, contacts_on) values (175, true, false);
insert into user_settings (userId, notifications_on, contacts_on) values (176, false, true);
insert into user_settings (userId, notifications_on, contacts_on) values (177, false, false);
insert into user_settings (userId, notifications_on, contacts_on) values (178, false, true);
insert into user_settings (userId, notifications_on, contacts_on) values (179, false, true);
insert into user_settings (userId, notifications_on, contacts_on) values (180, false, true);
insert into user_settings (userId, notifications_on, contacts_on) values (181, null, null);
insert into user_settings (userId, notifications_on, contacts_on) values (182, true, true);
insert into user_settings (userId, notifications_on, contacts_on) values (183, null, null);
insert into user_settings (userId, notifications_on, contacts_on) values (184, null, false);
insert into user_settings (userId, notifications_on, contacts_on) values (185, false, false);
insert into user_settings (userId, notifications_on, contacts_on) values (186, false, true);
insert into user_settings (userId, notifications_on, contacts_on) values (187, false, null);
insert into user_settings (userId, notifications_on, contacts_on) values (188, true, null);
insert into user_settings (userId, notifications_on, contacts_on) values (189, null, true);
insert into user_settings (userId, notifications_on, contacts_on) values (190, false, true);
insert into user_settings (userId, notifications_on, contacts_on) values (191, false, true);
insert into user_settings (userId, notifications_on, contacts_on) values (192, null, true);
insert into user_settings (userId, notifications_on, contacts_on) values (193, true, null);
insert into user_settings (userId, notifications_on, contacts_on) values (194, true, false);
insert into user_settings (userId, notifications_on, contacts_on) values (195, false, false);
insert into user_settings (userId, notifications_on, contacts_on) values (196, true, false);
insert into user_settings (userId, notifications_on, contacts_on) values (197, null, null);
insert into user_settings (userId, notifications_on, contacts_on) values (198, false, null);
insert into user_settings (userId, notifications_on, contacts_on) values (199, null, false);
insert into user_settings (userId, notifications_on, contacts_on) values (200, null, false);







insert into user (userId, firstName, lastName, email, therapistId) values (1, 'Janaye', 'Hafner', 'jhafner0@pen.io', 1);
insert into user (userId, firstName, lastName, email, therapistId) values (2, 'Doralin', 'Houldcroft', 'dhouldcroft1@senate.gov', 2);
insert into user (userId, firstName, lastName, email, therapistId) values (3, 'Mead', 'Proven', 'mproven2@walmart.com', 3);
insert into user (userId, firstName, lastName, email, therapistId) values (4, 'Bevvy', 'Braunthal', 'bbraunthal3@twitpic.com', 4);
insert into user (userId, firstName, lastName, email, therapistId) values (5, 'Archibaldo', 'Prin', 'aprin4@census.gov', 5);
insert into user (userId, firstName, lastName, email, therapistId) values (6, 'Cornelia', 'Haldenby', 'chaldenby5@livejournal.com', 6);
insert into user (userId, firstName, lastName, email, therapistId) values (7, 'Renell', 'Boas', 'rboas6@hexun.com', 7);
insert into user (userId, firstName, lastName, email, therapistId) values (8, 'Claudine', 'Rabbitts', 'crabbitts7@ning.com', 8);
insert into user (userId, firstName, lastName, email, therapistId) values (9, 'Tully', 'Winfindale', 'twinfindale8@vistaprint.com', 9);
insert into user (userId, firstName, lastName, email, therapistId) values (10, 'Chaddy', 'MacGowan', 'cmacgowan9@sphinn.com', 10);
insert into user (userId, firstName, lastName, email, therapistId) values (11, 'Obed', 'Simioli', 'osimiolia@comsenz.com', 11);
insert into user (userId, firstName, lastName, email, therapistId) values (12, 'Mel', 'Alan', 'malanb@nationalgeographic.com', 12);
insert into user (userId, firstName, lastName, email, therapistId) values (13, 'Germain', 'Cuxon', 'gcuxonc@prweb.com', 13);
insert into user (userId, firstName, lastName, email, therapistId) values (14, 'Ibbie', 'Carleman', 'icarlemand@shop-pro.jp', 14);
insert into user (userId, firstName, lastName, email, therapistId) values (15, 'Cairistiona', 'Ornils', 'cornilse@bing.com', 15);
insert into user (userId, firstName, lastName, email, therapistId) values (16, 'Dorey', 'Barosch', 'dbaroschf@baidu.com', 16);
insert into user (userId, firstName, lastName, email, therapistId) values (17, 'Robinett', 'Embling', 'remblingg@youku.com', 17);
insert into user (userId, firstName, lastName, email, therapistId) values (18, 'Alissa', 'Carrell', 'acarrellh@google.fr', 18);
insert into user (userId, firstName, lastName, email, therapistId) values (19, 'Rudd', 'Capron', 'rcaproni@nature.com', 19);
insert into user (userId, firstName, lastName, email, therapistId) values (20, 'Stefanie', 'Volant', 'svolantj@delicious.com', 20);
insert into user (userId, firstName, lastName, email, therapistId) values (21, 'Shannon', 'Forrestall', 'sforrestallk@mysql.com', 21);
insert into user (userId, firstName, lastName, email, therapistId) values (22, 'Giorgi', 'Mocher', 'gmocherl@sbwire.com', 22);
insert into user (userId, firstName, lastName, email, therapistId) values (23, 'Richmond', 'Darlington', 'rdarlingtonm@fda.gov', 23);
insert into user (userId, firstName, lastName, email, therapistId) values (24, 'Shepperd', 'Cleary', 'sclearyn@simplemachines.org', 24);
insert into user (userId, firstName, lastName, email, therapistId) values (25, 'Dorie', 'Frankiewicz', 'dfrankiewiczo@ihg.com', 25);
insert into user (userId, firstName, lastName, email, therapistId) values (26, 'Tiffy', 'Stonebridge', 'tstonebridgep@accuweather.com', 26);
insert into user (userId, firstName, lastName, email, therapistId) values (27, 'Missy', 'Gothrup', 'mgothrupq@hostgator.com', 27);
insert into user (userId, firstName, lastName, email, therapistId) values (28, 'Tim', 'Groucutt', 'tgroucuttr@mysql.com', 28);
insert into user (userId, firstName, lastName, email, therapistId) values (29, 'Yankee', 'Beernaert', 'ybeernaerts@bbc.co.uk', 29);
insert into user (userId, firstName, lastName, email, therapistId) values (30, 'Ford', 'Ivanyukov', 'fivanyukovt@reference.com', 30);
insert into user (userId, firstName, lastName, email, therapistId) values (31, 'Katha', 'Beacock', 'kbeacocku@jimdo.com', 31);
insert into user (userId, firstName, lastName, email, therapistId) values (32, 'Chicky', 'Ilyas', 'cilyasv@latimes.com', 32);
insert into user (userId, firstName, lastName, email, therapistId) values (33, 'Parker', 'Binns', 'pbinnsw@google.ru', 33);
insert into user (userId, firstName, lastName, email, therapistId) values (34, 'Melody', 'Serotsky', 'mserotskyx@g.co', 34);
insert into user (userId, firstName, lastName, email, therapistId) values (35, 'Audrie', 'Portsmouth', 'aportsmouthy@xing.com', 35);
insert into user (userId, firstName, lastName, email, therapistId) values (36, 'Jeralee', 'Morcomb', 'jmorcombz@reuters.com', 36);
insert into user (userId, firstName, lastName, email, therapistId) values (37, 'Ogdan', 'Clarricoates', 'oclarricoates10@comcast.net', 37);
insert into user (userId, firstName, lastName, email, therapistId) values (38, 'Alaric', 'Purseglove', 'apurseglove11@nps.gov', 38);
insert into user (userId, firstName, lastName, email, therapistId) values (39, 'Karol', 'Winger', 'kwinger12@toplist.cz', 39);
insert into user (userId, firstName, lastName, email, therapistId) values (40, 'Garv', 'Lamdin', 'glamdin13@surveymonkey.com', 40);
insert into user (userId, firstName, lastName, email, therapistId) values (41, 'Mel', 'Seekings', 'mseekings14@odnoklassniki.ru', 41);
insert into user (userId, firstName, lastName, email, therapistId) values (42, 'Sybilla', 'Melarkey', 'smelarkey15@oakley.com', 42);
insert into user (userId, firstName, lastName, email, therapistId) values (43, 'Hope', 'Braidman', 'hbraidman16@sfgate.com', 43);
insert into user (userId, firstName, lastName, email, therapistId) values (44, 'Riobard', 'Meldon', 'rmeldon17@pinterest.com', 44);
insert into user (userId, firstName, lastName, email, therapistId) values (45, 'Olympie', 'Benitti', 'obenitti18@miitbeian.gov.cn', 45);
insert into user (userId, firstName, lastName, email, therapistId) values (46, 'Bernardina', 'Grindall', 'bgrindall19@ed.gov', 46);
insert into user (userId, firstName, lastName, email, therapistId) values (47, 'Randee', 'Lentsch', 'rlentsch1a@mapquest.com', 47);
insert into user (userId, firstName, lastName, email, therapistId) values (48, 'Sonia', 'Ruthven', 'sruthven1b@army.mil', 48);
insert into user (userId, firstName, lastName, email, therapistId) values (49, 'Idaline', 'Acreman', 'iacreman1c@webmd.com', 49);
insert into user (userId, firstName, lastName, email, therapistId) values (50, 'Joe', 'Laughtisse', 'jlaughtisse1d@reverbnation.com', 50);
insert into user (userId, firstName, lastName, email, therapistId) values (51, 'Letizia', 'Craighall', 'lcraighall1e@aboutads.info', 51);
insert into user (userId, firstName, lastName, email, therapistId) values (52, 'Stormi', 'Morrant', 'smorrant1f@amazon.co.jp', 52);
insert into user (userId, firstName, lastName, email, therapistId) values (53, 'Misti', 'Hollingshead', 'mhollingshead1g@scribd.com', 53);
insert into user (userId, firstName, lastName, email, therapistId) values (54, 'Jemmie', 'Monnelly', 'jmonnelly1h@sbwire.com', 54);
insert into user (userId, firstName, lastName, email, therapistId) values (55, 'Ede', 'Blaske', 'eblaske1i@omniture.com', 55);
insert into user (userId, firstName, lastName, email, therapistId) values (56, 'Dominick', 'Challicum', 'dchallicum1j@skype.com', 56);
insert into user (userId, firstName, lastName, email, therapistId) values (57, 'Mirabelle', 'Strute', 'mstrute1k@bluehost.com', 57);
insert into user (userId, firstName, lastName, email, therapistId) values (58, 'Jock', 'MacDaid', 'jmacdaid1l@google.nl', 58);
insert into user (userId, firstName, lastName, email, therapistId) values (59, 'Khalil', 'Barley', 'kbarley1m@bbb.org', 59);
insert into user (userId, firstName, lastName, email, therapistId) values (60, 'Karlotta', 'Rickertsen', 'krickertsen1n@google.es', 60);
insert into user (userId, firstName, lastName, email, therapistId) values (61, 'Thomasin', 'McGeown', 'tmcgeown1o@gmpg.org', 61);
insert into user (userId, firstName, lastName, email, therapistId) values (62, 'Karon', 'Else', 'kelse1p@google.co.jp', 62);
insert into user (userId, firstName, lastName, email, therapistId) values (63, 'Jarib', 'Schoffler', 'jschoffler1q@desdev.cn', 63);
insert into user (userId, firstName, lastName, email, therapistId) values (64, 'Gussi', 'Sayse', 'gsayse1r@google.cn', 64);
insert into user (userId, firstName, lastName, email, therapistId) values (65, 'Jobey', 'Du Fray', 'jdufray1s@scientificamerican.com', 65);
insert into user (userId, firstName, lastName, email, therapistId) values (66, 'Taber', 'Fotheringham', 'tfotheringham1t@smugmug.com', 66);
insert into user (userId, firstName, lastName, email, therapistId) values (67, 'Tonye', 'Whitehorn', 'twhitehorn1u@msn.com', 67);
insert into user (userId, firstName, lastName, email, therapistId) values (68, 'Edythe', 'Slegg', 'eslegg1v@infoseek.co.jp', 68);
insert into user (userId, firstName, lastName, email, therapistId) values (69, 'Claudina', 'McNair', 'cmcnair1w@cpanel.net', 69);
insert into user (userId, firstName, lastName, email, therapistId) values (70, 'Sile', 'Rowberry', 'srowberry1x@vk.com', 70);
insert into user (userId, firstName, lastName, email, therapistId) values (71, 'Sadie', 'Castellino', 'scastellino1y@imgur.com', 71);
insert into user (userId, firstName, lastName, email, therapistId) values (72, 'Jodie', 'Palin', 'jpalin1z@marketwatch.com', 72);
insert into user (userId, firstName, lastName, email, therapistId) values (73, 'Dody', 'Caves', 'dcaves20@eepurl.com', 73);
insert into user (userId, firstName, lastName, email, therapistId) values (74, 'Cymbre', 'Frost', 'cfrost21@yandex.ru', 74);
insert into user (userId, firstName, lastName, email, therapistId) values (75, 'Farris', 'Valdes', 'fvaldes22@creativecommons.org', 75);
insert into user (userId, firstName, lastName, email, therapistId) values (76, 'Marcela', 'Rackstraw', 'mrackstraw23@yelp.com', 76);
insert into user (userId, firstName, lastName, email, therapistId) values (77, 'Penni', 'Eliez', 'peliez24@oakley.com', 77);
insert into user (userId, firstName, lastName, email, therapistId) values (78, 'Allen', 'Skeete', 'askeete25@163.com', 78);
insert into user (userId, firstName, lastName, email, therapistId) values (79, 'Gayleen', 'Willoughway', 'gwilloughway26@wikia.com', 79);
insert into user (userId, firstName, lastName, email, therapistId) values (80, 'Janela', 'Meech', 'jmeech27@istockphoto.com', 80);
insert into user (userId, firstName, lastName, email, therapistId) values (81, 'Allyn', 'Cowdroy', 'acowdroy28@google.com', 81);
insert into user (userId, firstName, lastName, email, therapistId) values (82, 'Biddie', 'Corain', 'bcorain29@woothemes.com', 82);
insert into user (userId, firstName, lastName, email, therapistId) values (83, 'Edgard', 'Mathias', 'emathias2a@kickstarter.com', 83);
insert into user (userId, firstName, lastName, email, therapistId) values (84, 'Darcee', 'Danko', 'ddanko2b@blogtalkradio.com', 84);
insert into user (userId, firstName, lastName, email, therapistId) values (85, 'Damon', 'Bampkin', 'dbampkin2c@exblog.jp', 85);
insert into user (userId, firstName, lastName, email, therapistId) values (86, 'Misty', 'Beebis', 'mbeebis2d@mysql.com', 86);
insert into user (userId, firstName, lastName, email, therapistId) values (87, 'Salome', 'Grundell', 'sgrundell2e@friendfeed.com', 87);
insert into user (userId, firstName, lastName, email, therapistId) values (88, 'Meryl', 'Delahunty', 'mdelahunty2f@weibo.com', 88);
insert into user (userId, firstName, lastName, email, therapistId) values (89, 'Vivi', 'Sommerlie', 'vsommerlie2g@goo.ne.jp', 89);
insert into user (userId, firstName, lastName, email, therapistId) values (90, 'Kelly', 'Beynkn', 'kbeynkn2h@flickr.com', 90);
insert into user (userId, firstName, lastName, email, therapistId) values (91, 'Abdul', 'Ferbrache', 'aferbrache2i@dedecms.com', 91);
insert into user (userId, firstName, lastName, email, therapistId) values (92, 'Mada', 'McCarney', 'mmccarney2j@fda.gov', 92);
insert into user (userId, firstName, lastName, email, therapistId) values (93, 'Ortensia', 'Coulthard', 'ocoulthard2k@fastcompany.com', 93);
insert into user (userId, firstName, lastName, email, therapistId) values (94, 'Auroora', 'Dargavel', 'adargavel2l@elpais.com', 94);
insert into user (userId, firstName, lastName, email, therapistId) values (95, 'Florencia', 'Stubbs', 'fstubbs2m@google.pl', 95);
insert into user (userId, firstName, lastName, email, therapistId) values (96, 'Benito', 'Nekrews', 'bnekrews2n@wunderground.com', 96);
insert into user (userId, firstName, lastName, email, therapistId) values (97, 'Dana', 'Fendlow', 'dfendlow2o@etsy.com', 97);
insert into user (userId, firstName, lastName, email, therapistId) values (98, 'Aharon', 'Ianilli', 'aianilli2p@blogspot.com', 98);
insert into user (userId, firstName, lastName, email, therapistId) values (99, 'Jonie', 'Thirlwell', 'jthirlwell2q@furl.net', 99);
insert into user (userId, firstName, lastName, email, therapistId) values (100, 'Starr', 'McGunley', 'smcgunley2r@bloomberg.com', 100);
insert into user (userId, firstName, lastName, email, therapistId) values (101, 'Rosemary', 'Blackburne', 'rblackburne2s@harvard.edu', 101);
insert into user (userId, firstName, lastName, email, therapistId) values (102, 'Falito', 'Devers', 'fdevers2t@intel.com', 102);
insert into user (userId, firstName, lastName, email, therapistId) values (103, 'Dorine', 'Leavry', 'dleavry2u@tiny.cc', 103);
insert into user (userId, firstName, lastName, email, therapistId) values (104, 'Lou', 'Struthers', 'lstruthers2v@microsoft.com', 104);
insert into user (userId, firstName, lastName, email, therapistId) values (105, 'Humbert', 'Mayfield', 'hmayfield2w@acquirethisname.com', 105);
insert into user (userId, firstName, lastName, email, therapistId) values (106, 'Kathryn', 'Arkwright', 'karkwright2x@hao123.com', 106);
insert into user (userId, firstName, lastName, email, therapistId) values (107, 'Mable', 'Piola', 'mpiola2y@zimbio.com', 107);
insert into user (userId, firstName, lastName, email, therapistId) values (108, 'Allistir', 'Reynalds', 'areynalds2z@webnode.com', 108);
insert into user (userId, firstName, lastName, email, therapistId) values (109, 'Nicolina', 'Hugues', 'nhugues30@sciencedaily.com', 109);
insert into user (userId, firstName, lastName, email, therapistId) values (110, 'Bordy', 'Gothrup', 'bgothrup31@cbslocal.com', 110);
insert into user (userId, firstName, lastName, email, therapistId) values (111, 'Rafaellle', 'Rathmell', 'rrathmell32@yandex.ru', 111);
insert into user (userId, firstName, lastName, email, therapistId) values (112, 'Moritz', 'Sheppey', 'msheppey33@goo.ne.jp', 112);
insert into user (userId, firstName, lastName, email, therapistId) values (113, 'Kimberlyn', 'Prowting', 'kprowting34@bloglines.com', 113);
insert into user (userId, firstName, lastName, email, therapistId) values (114, 'Berkie', 'Claxson', 'bclaxson35@edublogs.org', 114);
insert into user (userId, firstName, lastName, email, therapistId) values (115, 'Weber', 'Planke', 'wplanke36@mlb.com', 115);
insert into user (userId, firstName, lastName, email, therapistId) values (116, 'Winifred', 'MacLure', 'wmaclure37@drupal.org', 116);
insert into user (userId, firstName, lastName, email, therapistId) values (117, 'Betteanne', 'Richfield', 'brichfield38@acquirethisname.com', 117);
insert into user (userId, firstName, lastName, email, therapistId) values (118, 'Huntlee', 'O''Feeny', 'hofeeny39@tripadvisor.com', 118);
insert into user (userId, firstName, lastName, email, therapistId) values (119, 'Mattie', 'Halling', 'mhalling3a@rambler.ru', 119);
insert into user (userId, firstName, lastName, email, therapistId) values (120, 'Travus', 'Manston', 'tmanston3b@infoseek.co.jp', 120);
insert into user (userId, firstName, lastName, email, therapistId) values (121, 'Ashely', 'Traylen', 'atraylen3c@psu.edu', 121);
insert into user (userId, firstName, lastName, email, therapistId) values (122, 'Janaye', 'Goodlett', 'jgoodlett3d@slideshare.net', 122);
insert into user (userId, firstName, lastName, email, therapistId) values (123, 'Natalie', 'Castleman', 'ncastleman3e@meetup.com', 123);
insert into user (userId, firstName, lastName, email, therapistId) values (124, 'Huntley', 'Noad', 'hnoad3f@webmd.com', 124);
insert into user (userId, firstName, lastName, email, therapistId) values (125, 'Olivette', 'Janks', 'ojanks3g@4shared.com', 125);
insert into user (userId, firstName, lastName, email, therapistId) values (126, 'Jessie', 'Slora', 'jslora3h@forbes.com', 126);
insert into user (userId, firstName, lastName, email, therapistId) values (127, 'Joyce', 'Cleyne', 'jcleyne3i@house.gov', 127);
insert into user (userId, firstName, lastName, email, therapistId) values (128, 'Maudie', 'Mallabar', 'mmallabar3j@acquirethisname.com', 128);
insert into user (userId, firstName, lastName, email, therapistId) values (129, 'Agnese', 'Laba', 'alaba3k@ft.com', 129);
insert into user (userId, firstName, lastName, email, therapistId) values (130, 'Arel', 'Phifer', 'aphifer3l@ibm.com', 130);
insert into user (userId, firstName, lastName, email, therapistId) values (131, 'Melodie', 'Phipps', 'mphipps3m@amazon.co.jp', 131);
insert into user (userId, firstName, lastName, email, therapistId) values (132, 'Leela', 'Astell', 'lastell3n@businesswire.com', 132);
insert into user (userId, firstName, lastName, email, therapistId) values (133, 'Engracia', 'Smidmore', 'esmidmore3o@altervista.org', 133);
insert into user (userId, firstName, lastName, email, therapistId) values (134, 'Efrem', 'Meedendorpe', 'emeedendorpe3p@people.com.cn', 134);
insert into user (userId, firstName, lastName, email, therapistId) values (135, 'Silvanus', 'Alleyne', 'salleyne3q@chronoengine.com', 135);
insert into user (userId, firstName, lastName, email, therapistId) values (136, 'Shepperd', 'Pargent', 'spargent3r@123-reg.co.uk', 136);
insert into user (userId, firstName, lastName, email, therapistId) values (137, 'Kelcie', 'McGhie', 'kmcghie3s@examiner.com', 137);
insert into user (userId, firstName, lastName, email, therapistId) values (138, 'Gisella', 'Gavigan', 'ggavigan3t@intel.com', 138);
insert into user (userId, firstName, lastName, email, therapistId) values (139, 'Stanislaus', 'Weinberg', 'sweinberg3u@linkedin.com', 139);
insert into user (userId, firstName, lastName, email, therapistId) values (140, 'Stavros', 'Demchen', 'sdemchen3v@stumbleupon.com', 140);
insert into user (userId, firstName, lastName, email, therapistId) values (141, 'Theodosia', 'Tansill', 'ttansill3w@devhub.com', 141);
insert into user (userId, firstName, lastName, email, therapistId) values (142, 'Noel', 'Rackley', 'nrackley3x@miibeian.gov.cn', 142);
insert into user (userId, firstName, lastName, email, therapistId) values (143, 'Pippo', 'Vedeneev', 'pvedeneev3y@census.gov', 143);
insert into user (userId, firstName, lastName, email, therapistId) values (144, 'Tomas', 'McNeillie', 'tmcneillie3z@seattletimes.com', 144);
insert into user (userId, firstName, lastName, email, therapistId) values (145, 'Corry', 'O'' Ronan', 'coronan40@guardian.co.uk', 145);
insert into user (userId, firstName, lastName, email, therapistId) values (146, 'Emmott', 'Warlock', 'ewarlock41@friendfeed.com', 146);
insert into user (userId, firstName, lastName, email, therapistId) values (147, 'Cori', 'Baxstar', 'cbaxstar42@is.gd', 147);
insert into user (userId, firstName, lastName, email, therapistId) values (148, 'Hedi', 'Cleugh', 'hcleugh43@privacy.gov.au', 148);
insert into user (userId, firstName, lastName, email, therapistId) values (149, 'Caddric', 'Overel', 'coverel44@jigsy.com', 149);
insert into user (userId, firstName, lastName, email, therapistId) values (150, 'Myrvyn', 'Francois', 'mfrancois45@ucoz.ru', 150);
insert into user (userId, firstName, lastName, email, therapistId) values (151, 'Katalin', 'Maddrah', 'kmaddrah46@google.co.jp', 151);
insert into user (userId, firstName, lastName, email, therapistId) values (152, 'Garald', 'Rooms', 'grooms47@vinaora.com', 152);
insert into user (userId, firstName, lastName, email, therapistId) values (153, 'Lauree', 'Manske', 'lmanske48@hibu.com', 153);
insert into user (userId, firstName, lastName, email, therapistId) values (154, 'Rosamond', 'Lynock', 'rlynock49@shinystat.com', 154);
insert into user (userId, firstName, lastName, email, therapistId) values (155, 'Webster', 'Domanek', 'wdomanek4a@freewebs.com', 155);
insert into user (userId, firstName, lastName, email, therapistId) values (156, 'Annabella', 'Corsar', 'acorsar4b@furl.net', 156);
insert into user (userId, firstName, lastName, email, therapistId) values (157, 'Birgitta', 'Manicomb', 'bmanicomb4c@seattletimes.com', 157);
insert into user (userId, firstName, lastName, email, therapistId) values (158, 'Bunny', 'Lanphere', 'blanphere4d@ebay.com', 158);
insert into user (userId, firstName, lastName, email, therapistId) values (159, 'Traver', 'Jellman', 'tjellman4e@amazon.de', 159);
insert into user (userId, firstName, lastName, email, therapistId) values (160, 'Rory', 'Byatt', 'rbyatt4f@eventbrite.com', 160);
insert into user (userId, firstName, lastName, email, therapistId) values (161, 'Clyve', 'Kemm', 'ckemm4g@dailymotion.com', 161);
insert into user (userId, firstName, lastName, email, therapistId) values (162, 'Enoch', 'Werny', 'ewerny4h@go.com', 162);
insert into user (userId, firstName, lastName, email, therapistId) values (163, 'Cliff', 'Diamant', 'cdiamant4i@ucsd.edu', 163);
insert into user (userId, firstName, lastName, email, therapistId) values (164, 'Valentijn', 'MacGown', 'vmacgown4j@google.co.uk', 164);
insert into user (userId, firstName, lastName, email, therapistId) values (165, 'Harli', 'Symonds', 'hsymonds4k@domainmarket.com', 165);
insert into user (userId, firstName, lastName, email, therapistId) values (166, 'Sheree', 'Allwood', 'sallwood4l@china.com.cn', 166);
insert into user (userId, firstName, lastName, email, therapistId) values (167, 'Leslie', 'Garey', 'lgarey4m@businessweek.com', 167);
insert into user (userId, firstName, lastName, email, therapistId) values (168, 'Garrett', 'Faircliff', 'gfaircliff4n@utexas.edu', 168);
insert into user (userId, firstName, lastName, email, therapistId) values (169, 'Shandie', 'Stoney', 'sstoney4o@usatoday.com', 169);
insert into user (userId, firstName, lastName, email, therapistId) values (170, 'Duane', 'Ramet', 'dramet4p@networksolutions.com', 170);
insert into user (userId, firstName, lastName, email, therapistId) values (171, 'Carlynn', 'Ardling', 'cardling4q@multiply.com', 171);
insert into user (userId, firstName, lastName, email, therapistId) values (172, 'Smith', 'Conboy', 'sconboy4r@plala.or.jp', 172);
insert into user (userId, firstName, lastName, email, therapistId) values (173, 'Orly', 'Bondley', 'obondley4s@bigcartel.com', 173);
insert into user (userId, firstName, lastName, email, therapistId) values (174, 'Happy', 'McKeeman', 'hmckeeman4t@stanford.edu', 174);
insert into user (userId, firstName, lastName, email, therapistId) values (175, 'Ricky', 'Fawcitt', 'rfawcitt4u@angelfire.com', 175);
insert into user (userId, firstName, lastName, email, therapistId) values (176, 'Ransell', 'Marfield', 'rmarfield4v@nature.com', 176);
insert into user (userId, firstName, lastName, email, therapistId) values (177, 'Renaud', 'Chinnock', 'rchinnock4w@chron.com', 177);
insert into user (userId, firstName, lastName, email, therapistId) values (178, 'Jewell', 'Pepperrall', 'jpepperrall4x@yahoo.com', 178);
insert into user (userId, firstName, lastName, email, therapistId) values (179, 'Brockie', 'Ryrie', 'bryrie4y@bravesites.com', 179);
insert into user (userId, firstName, lastName, email, therapistId) values (180, 'Wenona', 'Putman', 'wputman4z@foxnews.com', 180);
insert into user (userId, firstName, lastName, email, therapistId) values (181, 'Rhodia', 'Rittmeyer', 'rrittmeyer50@craigslist.org', 181);
insert into user (userId, firstName, lastName, email, therapistId) values (182, 'Rebeca', 'Woolis', 'rwoolis51@delicious.com', 182);
insert into user (userId, firstName, lastName, email, therapistId) values (183, 'Ode', 'Allmark', 'oallmark52@jimdo.com', 183);
insert into user (userId, firstName, lastName, email, therapistId) values (184, 'Alisun', 'Westover', 'awestover53@businesswire.com', 184);
insert into user (userId, firstName, lastName, email, therapistId) values (185, 'Nancey', 'Mayberry', 'nmayberry54@upenn.edu', 185);
insert into user (userId, firstName, lastName, email, therapistId) values (186, 'Kimberley', 'Maguire', 'kmaguire55@etsy.com', 186);
insert into user (userId, firstName, lastName, email, therapistId) values (187, 'Estevan', 'Luty', 'eluty56@4shared.com', 187);
insert into user (userId, firstName, lastName, email, therapistId) values (188, 'Tyne', 'Jest', 'tjest57@odnoklassniki.ru', 188);
insert into user (userId, firstName, lastName, email, therapistId) values (189, 'Martainn', 'Gilchrist', 'mgilchrist58@nationalgeographic.com', 189);
insert into user (userId, firstName, lastName, email, therapistId) values (190, 'Garfield', 'Labbez', 'glabbez59@ask.com', 190);
insert into user (userId, firstName, lastName, email, therapistId) values (191, 'Morissa', 'Bartels-Ellis', 'mbartelsellis5a@ebay.co.uk', 191);
insert into user (userId, firstName, lastName, email, therapistId) values (192, 'Donia', 'McGrae', 'dmcgrae5b@phpbb.com', 192);
insert into user (userId, firstName, lastName, email, therapistId) values (193, 'Bear', 'Bartzen', 'bbartzen5c@sakura.ne.jp', 193);
insert into user (userId, firstName, lastName, email, therapistId) values (194, 'Powell', 'Hudleston', 'phudleston5d@deliciousdays.com', 194);
insert into user (userId, firstName, lastName, email, therapistId) values (195, 'Crawford', 'Quarry', 'cquarry5e@redcross.org', 195);
insert into user (userId, firstName, lastName, email, therapistId) values (196, 'Zacharia', 'Gwyneth', 'zgwyneth5f@pen.io', 196);
insert into user (userId, firstName, lastName, email, therapistId) values (197, 'Tabatha', 'Happs', 'thapps5g@biblegateway.com', 197);
insert into user (userId, firstName, lastName, email, therapistId) values (198, 'Jeanelle', 'Bullier', 'jbullier5h@smh.com.au', 198);
insert into user (userId, firstName, lastName, email, therapistId) values (199, 'Bartlett', 'Finnimore', 'bfinnimore5i@nyu.edu', 199);
insert into user (userId, firstName, lastName, email, therapistId) values (200, 'Kellen', 'Kingsman', 'kkingsman5j@g.co', 200);
