
-- dumping data 


USE `hello_happy`;

insert into entry_activities (entryId, activityId) values (1, 1000001);
insert into entry_activities (entryId, activityId) values (2, 1000002);
insert into entry_activities (entryId, activityId) values (3, 1000003);
insert into entry_activities (entryId, activityId) values (4, 1000004);
insert into entry_activities (entryId, activityId) values (5, 1000005);
insert into entry_activities (entryId, activityId) values (6, 1000006);
insert into entry_activities (entryId, activityId) values (7, 1000007);
insert into entry_activities (entryId, activityId) values (8, 1000008);
insert into entry_activities (entryId, activityId) values (9, 1000009);
insert into entry_activities (entryId, activityId) values (10, 1000010);
insert into entry_activities (entryId, activityId) values (11, 1000011);
insert into entry_activities (entryId, activityId) values (12, 1000012);
insert into entry_activities (entryId, activityId) values (13, 1000013);
insert into entry_activities (entryId, activityId) values (14, 1000014);
insert into entry_activities (entryId, activityId) values (15, 1000015);
insert into entry_activities (entryId, activityId) values (16, 1000016);
insert into entry_activities (entryId, activityId) values (17, 1000017);
insert into entry_activities (entryId, activityId) values (18, 1000018);
insert into entry_activities (entryId, activityId) values (19, 1000019);
insert into entry_activities (entryId, activityId) values (20, 1000020);
insert into entry_activities (entryId, activityId) values (21, 1000021);
insert into entry_activities (entryId, activityId) values (22, 1000022);
insert into entry_activities (entryId, activityId) values (23, 1000023);
insert into entry_activities (entryId, activityId) values (24, 1000024);
insert into entry_activities (entryId, activityId) values (25, 1000025);
insert into entry_activities (entryId, activityId) values (26, 1000026);
insert into entry_activities (entryId, activityId) values (27, 1000027);
insert into entry_activities (entryId, activityId) values (28, 1000028);
insert into entry_activities (entryId, activityId) values (29, 1000029);
insert into entry_activities (entryId, activityId) values (30, 1000030);
insert into entry_activities (entryId, activityId) values (31, 1000031);
insert into entry_activities (entryId, activityId) values (32, 1000032);
insert into entry_activities (entryId, activityId) values (33, 1000033);
insert into entry_activities (entryId, activityId) values (34, 1000034);
insert into entry_activities (entryId, activityId) values (35, 1000035);
insert into entry_activities (entryId, activityId) values (36, 1000036);
insert into entry_activities (entryId, activityId) values (37, 1000037);
insert into entry_activities (entryId, activityId) values (38, 1000038);
insert into entry_activities (entryId, activityId) values (39, 1000039);
insert into entry_activities (entryId, activityId) values (40, 1000040);
insert into entry_activities (entryId, activityId) values (41, 1000041);
insert into entry_activities (entryId, activityId) values (42, 1000042);
insert into entry_activities (entryId, activityId) values (43, 1000043);
insert into entry_activities (entryId, activityId) values (44, 1000044);
insert into entry_activities (entryId, activityId) values (45, 1000045);
insert into entry_activities (entryId, activityId) values (46, 1000046);
insert into entry_activities (entryId, activityId) values (47, 1000047);
insert into entry_activities (entryId, activityId) values (48, 1000048);
insert into entry_activities (entryId, activityId) values (49, 1000049);
insert into entry_activities (entryId, activityId) values (50, 1000050);
insert into entry_activities (entryId, activityId) values (51, 1000051);
insert into entry_activities (entryId, activityId) values (52, 1000052);
insert into entry_activities (entryId, activityId) values (53, 1000053);
insert into entry_activities (entryId, activityId) values (54, 1000054);
insert into entry_activities (entryId, activityId) values (55, 1000055);
insert into entry_activities (entryId, activityId) values (56, 1000056);
insert into entry_activities (entryId, activityId) values (57, 1000057);
insert into entry_activities (entryId, activityId) values (58, 1000058);
insert into entry_activities (entryId, activityId) values (59, 1000059);
insert into entry_activities (entryId, activityId) values (60, 1000060);



insert into entry (entryId, dayRating, goodDay, moodRating, peopleSeen, meals, ozWater, hoursExercise, exerciseIntensity, hoursSleep, people, wakeUpTime, sleepTime, weather, primaryLocation, visibility, userId) values (1, 19, false, 'Bigender', 6, 32, 'posuere nonummy integer non velit donec diam neque vestibulum eget vulputate ut ultrices vel augue vestibulum ante ipsum primis', 20.8, 6, 7, 12, 'euismod scelerisque quam turpis adipiscing lorem vitae mattis nibh ligula nec sem duis aliquam convallis nunc', '2022-04-10 00:29:24', '2022-10-25 22:05:05', 9, 'ultrices aliquet maecenas', true, 1);
insert into entry (entryId, dayRating, goodDay, moodRating, peopleSeen, meals, ozWater, hoursExercise, exerciseIntensity, hoursSleep, people, wakeUpTime, sleepTime, weather, primaryLocation, visibility, userId) values (2, 14, false, 5, 32, 'vitae nisl aenean lectus pellentesque eget nunc donec', 83.7, 2, 70, 10, 'parturient montes nascetur ridiculus mus vivamus', '2023-06-12 10:39:54', '2022-06-08 16:53:09', 9, 'rutrum neque aenean auctor gravida sem praesent', true, 2);
insert into entry (entryId, dayRating, goodDay, moodRating, peopleSeen, meals, ozWater, hoursExercise, exerciseIntensity, hoursSleep, people, wakeUpTime, sleepTime, weather, primaryLocation, visibility, userId) values (3, 5, false, 9, 61, 'viverra diam vitae quam suspendisse potenti nullam porttitor lacus at turpis', 77.4, 2, 23, 5, 'faucibus orci luctus et ultrices posuere cubilia curae mauris viverra diam vitae quam', '2023-06-04 03:14:42', '2022-06-15 01:41:28', 6, 'odio consequat varius integer ac leo pellentesque', true, 3);
insert into entry (entryId, dayRating, goodDay, moodRating, peopleSeen, meals, ozWater, hoursExercise, exerciseIntensity, hoursSleep, people, wakeUpTime, sleepTime, weather, primaryLocation, visibility, userId) values (4, 2, true, 3, 90, 'sed ante vivamus tortor duis mattis egestas metus aenean fermentum donec ut mauris eget massa', 54.7, 19, 71, 11, 'nam ultrices libero non mattis pulvinar', '2022-11-22 13:53:03', '2023-11-19 20:39:36', 8, 'erat tortor sollicitudin mi sit amet lobortis sapien sapien non mi', false, 4);
insert into entry (entryId, dayRating, goodDay, moodRating, peopleSeen, meals, ozWater, hoursExercise, exerciseIntensity, hoursSleep, people, wakeUpTime, sleepTime, weather, primaryLocation, visibility, userId) values (5, 14, true, 4, 25, 'tempus semper est quam pharetra magna ac consequat metus sapien', 1.1, 13, 60, 4, 'vivamus tortor duis mattis egestas metus aenean fermentum donec ut mauris eget massa tempor convallis', '2022-12-25 12:44:58', '2023-07-21 06:04:15', 2, '', false, 5);
insert into entry (entryId, dayRating, goodDay, moodRating, peopleSeen, meals, ozWater, hoursExercise, exerciseIntensity, hoursSleep, people, wakeUpTime, sleepTime, weather, primaryLocation, visibility, userId) values (6, 17, true, 1, 43, 'velit donec diam neque', 92.3, 3, 39, 2, 'in felis eu sapien cursus vestibulum proin eu mi', '2023-12-20 01:56:21', '2023-11-04 09:00:17', 5, 'nisl aenean lectus pellentesque eget nunc donec quis orci eget orci vehicula', false, 6);
insert into entry (entryId, dayRating, goodDay, moodRating, peopleSeen, meals, ozWater, hoursExercise, exerciseIntensity, hoursSleep, people, wakeUpTime, sleepTime, weather, primaryLocation, visibility, userId) values (7, 11, true, 9, 73, 'morbi ut odio cras mi pede malesuada in imperdiet et commodo vulputate justo in blandit ultrices enim', 38.4, 7, 40, 8, 'luctus nec molestie sed', '2022-12-31 16:32:50', '2023-04-23 07:21:59', 6, 'congue diam id ornare imperdiet sapien', false, 7);
insert into entry (entryId, dayRating, goodDay, moodRating, peopleSeen, meals, ozWater, hoursExercise, exerciseIntensity, hoursSleep, people, wakeUpTime, sleepTime, weather, primaryLocation, visibility, userId) values (8, 13, true, 2, 72, 'lacus morbi quis tortor id nulla ultrices aliquet maecenas leo odio condimentum id luctus nec molestie sed justo', 51.2, 0, 10, 6, 'faucibus accumsan odio curabitur convallis duis consequat dui nec nisi volutpat eleifend donec ut dolor morbi vel lectus', '2022-11-20 20:15:40', '2023-10-21 23:59:50', 3, 'pede venenatis non sodales sed tincidunt eu felis fusce posuere felis sed lacus morbi sem', false, 8);
insert into entry (entryId, dayRating, goodDay, moodRating, peopleSeen, meals, ozWater, hoursExercise, exerciseIntensity, hoursSleep, people, wakeUpTime, sleepTime, weather, primaryLocation, visibility, userId) values (9, 16, true, 1, 86, 'nulla ut erat id mauris vulputate elementum nullam varius nulla facilisi cras non velit nec nisi vulputate nonummy maecenas tincidunt', 72.4, 5, 74, 3, 'nibh fusce lacus purus aliquet at feugiat non pretium quis lectus suspendisse potenti in eleifend quam a odio in hac habitasse', '2022-06-24 11:20:39', '2023-03-06 23:47:17', 4, 'metus aenean fermentum donec ut mauris eget massa tempor convallis nulla', false, 9);
insert into entry (entryId, dayRating, goodDay, moodRating, peopleSeen, meals, ozWater, hoursExercise, exerciseIntensity, hoursSleep, people, wakeUpTime, sleepTime, weather, primaryLocation, visibility, userId) values (1, 19, false, 'Bigender', 6, 32, 'posuere nonummy integer non velit donec diam neque vestibulum eget vulputate ut ultrices vel augue vestibulum ante ipsum primis', 20.8, 6, 7, 12, 'euismod scelerisque quam turpis adipiscing lorem vitae mattis nibh ligula nec sem duis aliquam convallis nunc', '2022-04-10 00:29:24', '2022-10-25 22:05:05', 9, 'ultrices aliquet maecenas', true, 1);
insert into entry (entryId, dayRating, goodDay, moodRating, peopleSeen, meals, ozWater, hoursExercise, exerciseIntensity, hoursSleep, people, wakeUpTime, sleepTime, weather, primaryLocation, visibility, userId) values (2, 14, false, 5, 32, 'vitae nisl aenean lectus pellentesque eget nunc donec', 83.7, 2, 70, 10, 'parturient montes nascetur ridiculus mus vivamus', '2023-06-12 10:39:54', '2022-06-08 16:53:09', 9, 'rutrum neque aenean auctor gravida sem praesent', true, 2);
insert into entry (entryId, dayRating, goodDay, moodRating, peopleSeen, meals, ozWater, hoursExercise, exerciseIntensity, hoursSleep, people, wakeUpTime, sleepTime, weather, primaryLocation, visibility, userId) values (3, 5, false, 9, 61, 'viverra diam vitae quam suspendisse potenti nullam porttitor lacus at turpis', 77.4, 2, 23, 5, 'faucibus orci luctus et ultrices posuere cubilia curae mauris viverra diam vitae quam', '2023-06-04 03:14:42', '2022-06-15 01:41:28', 6, 'odio consequat varius integer ac leo pellentesque', true, 3);
insert into entry (entryId, dayRating, goodDay, moodRating, peopleSeen, meals, ozWater, hoursExercise, exerciseIntensity, hoursSleep, people, wakeUpTime, sleepTime, weather, primaryLocation, visibility, userId) values (4, 2, true, 3, 90, 'sed ante vivamus tortor duis mattis egestas metus aenean fermentum donec ut mauris eget massa', 54.7, 19, 71, 11, 'nam ultrices libero non mattis pulvinar', '2022-11-22 13:53:03', '2023-11-19 20:39:36', 8, 'erat tortor sollicitudin mi sit amet lobortis sapien sapien non mi', false, 4);
insert into entry (entryId, dayRating, goodDay, moodRating, peopleSeen, meals, ozWater, hoursExercise, exerciseIntensity, hoursSleep, people, wakeUpTime, sleepTime, weather, primaryLocation, visibility, userId) values (5, 14, true, 4, 25, 'tempus semper est quam pharetra magna ac consequat metus sapien', 1.1, 13, 60, 4, 'vivamus tortor duis mattis egestas metus aenean fermentum donec ut mauris eget massa tempor convallis', '2022-12-25 12:44:58', '2023-07-21 06:04:15', 2, '', false, 5);
insert into entry (entryId, dayRating, goodDay, moodRating, peopleSeen, meals, ozWater, hoursExercise, exerciseIntensity, hoursSleep, people, wakeUpTime, sleepTime, weather, primaryLocation, visibility, userId) values (6, 17, true, 1, 43, 'velit donec diam neque', 92.3, 3, 39, 2, 'in felis eu sapien cursus vestibulum proin eu mi', '2023-12-20 01:56:21', '2023-11-04 09:00:17', 5, 'nisl aenean lectus pellentesque eget nunc donec quis orci eget orci vehicula', false, 6);
insert into entry (entryId, dayRating, goodDay, moodRating, peopleSeen, meals, ozWater, hoursExercise, exerciseIntensity, hoursSleep, people, wakeUpTime, sleepTime, weather, primaryLocation, visibility, userId) values (7, 11, true, 9, 73, 'morbi ut odio cras mi pede malesuada in imperdiet et commodo vulputate justo in blandit ultrices enim', 38.4, 7, 40, 8, 'luctus nec molestie sed', '2022-12-31 16:32:50', '2023-04-23 07:21:59', 6, 'congue diam id ornare imperdiet sapien', false, 7);
insert into entry (entryId, dayRating, goodDay, moodRating, peopleSeen, meals, ozWater, hoursExercise, exerciseIntensity, hoursSleep, people, wakeUpTime, sleepTime, weather, primaryLocation, visibility, userId) values (8, 13, true, 2, 72, 'lacus morbi quis tortor id nulla ultrices aliquet maecenas leo odio condimentum id luctus nec molestie sed justo', 51.2, 0, 10, 6, 'faucibus accumsan odio curabitur convallis duis consequat dui nec nisi volutpat eleifend donec ut dolor morbi vel lectus', '2022-11-20 20:15:40', '2023-10-21 23:59:50', 3, 'pede venenatis non sodales sed tincidunt eu felis fusce posuere felis sed lacus morbi sem', false, 8);
insert into entry (entryId, dayRating, goodDay, moodRating, peopleSeen, meals, ozWater, hoursExercise, exerciseIntensity, hoursSleep, people, wakeUpTime, sleepTime, weather, primaryLocation, visibility, userId) values (9, 16, true, 1, 86, 'nulla ut erat id mauris vulputate elementum nullam varius nulla facilisi cras non velit nec nisi vulputate nonummy maecenas tincidunt', 72.4, 5, 74, 3, 'nibh fusce lacus purus aliquet at feugiat non pretium quis lectus suspendisse potenti in eleifend quam a odio in hac habitasse', '2022-06-24 11:20:39', '2023-03-06 23:47:17', 4, 'metus aenean fermentum donec ut mauris eget massa tempor convallis nulla', false, 9);
insert into entry (entryId, dayRating, goodDay, moodRating, peopleSeen, meals, ozWater, hoursExercise, exerciseIntensity, hoursSleep, people, wakeUpTime, sleepTime, weather, primaryLocation, visibility, userId) values (26, 15, true, 6, 58, 'faucibus accumsan odio curabitur convallis duis consequat dui nec nisi volutpat', 42.8, 5, 33, 7, 'viverra pede ac diam cras pellentesque volutpat dui maecenas tristique est et tempus semper est quam pharetra magna', '2022-11-29 03:11:27', '2023-08-30 02:02:18', 3, 'maecenas ut massa quis augue luctus tincidunt nulla mollis molestie lorem quisque', true, 1);
insert into entry (entryId, dayRating, goodDay, moodRating, peopleSeen, meals, ozWater, hoursExercise, exerciseIntensity, hoursSleep, people, wakeUpTime, sleepTime, weather, primaryLocation, visibility, userId) values (27, 5, false, 9, 78, 'suscipit nulla elit ac nulla sed vel enim sit amet nunc viverra dapibus nulla suscipit ligula in lacus curabitur at ipsum ac', 79.6, 8, 28, 6, 'sit amet nulla quisque arcu libero rutrum ac lobortis vel dapibus at diam', '2022-05-29 13:56:36', '2023-08-18 20:51:06', 5, 'nec euismod scelerisque quam turpis adipiscing lorem vitae mattis nibh ligula nec sem duis aliquam', true, 2);
insert into entry (entryId, dayRating, goodDay, moodRating, peopleSeen, meals, ozWater, hoursExercise, exerciseIntensity, hoursSleep, people, wakeUpTime, sleepTime, weather, primaryLocation, visibility, userId) values (28, 7, false, 10, 62, 'proin leo odio porttitor id consequat in consequat ut nulla sed accumsan felis ut at dolor quis odio consequat', 63.4, 11, 56, 8, 'duis mattis egestas metus aenean fermentum donec ut mauris eget massa tempor convallis nulla', '2023-10-26 02:38:58', '2022-12-03 02:23:24', 1, 'mauris non ligula pellentesque ultrices phasellus id sapien in sapien iaculis congue vivamus', true, 3);
insert into entry (entryId, dayRating, goodDay, moodRating, peopleSeen, meals, ozWater, hoursExercise, exerciseIntensity, hoursSleep, people, wakeUpTime, sleepTime, weather, primaryLocation, visibility, userId) values (29, 12, true, 4, 57, 'tortor quis turpis sed ante vivamus tortor duis mattis egestas metus aenean fermentum donec ut mauris eget', 84.1, 6, 45, 7, 'a odio in hac habitasse platea dictumst maecenas ut massa quis augue luctus tincidunt nulla mollis molestie lorem quisque', '2022-12-15 10:39:40', '2023-07-15 02:06:27', 5, 'elementum nullam varius nulla facilisi cras non velit nec nisi vulputate nonummy maecenas tincidunt', false, 4);
insert into entry (entryId, dayRating, goodDay, moodRating, peopleSeen, meals, ozWater, hoursExercise, exerciseIntensity, hoursSleep, people, wakeUpTime, sleepTime, weather, primaryLocation, visibility, userId) values (30, 3, true, 8, 51, 'quam fringilla rhoncus mauris enim leo rhoncus sed vestibulum sit amet cursus id turpis integer aliquet massa id', 92.3, 7, 0, 7, 'vestibulum vestibulum ante ipsum primis in faucibus orci luctus et ultrices posuere cubilia curae mauris viverra', '2022-05-13 03:31:01', '2023-09-15 15:10:20', 4, 'nisi vulputate nonummy maecenas tincidunt lacus at velit vivamus vel nulla eget eros elementum pellentesque quisque porta', false, 5);
insert into entry (entryId, dayRating, goodDay, moodRating, peopleSeen, meals, ozWater, hoursExercise, exerciseIntensity, hoursSleep, people, wakeUpTime, sleepTime, weather, primaryLocation, visibility, userId) values (31, 19, true, 6, 67, 'eget eros elementum pellentesque quisque porta volutpat erat quisque erat eros viverra eget congue eget semper rutrum', 97.2, 4, 30, 8, 'pellentesque ultrices phasellus id sapien in sapien iaculis congue vivamus metus arcu adipiscing molestie hendrerit at vulputate', '2023-01-02 02:21:09', '2023-03-21 20:22:39', 5, 'ante ipsum primis in faucibus orci luctus et ultrices posuere cubilia curae nulla dapibus dolor', true, 6);
insert into entry (entryId, dayRating, goodDay, moodRating, peopleSeen, meals, ozWater, hoursExercise, exerciseIntensity, hoursSleep, people, wakeUpTime, sleepTime, weather, primaryLocation, visibility, userId) values (32, 7, true, 8, 44, 'vestibulum ac est lacinia nisi venenatis tristique fusce congue diam id ornare imperdiet sapien urna pretium', 54.7, 9, 28, 8, 'aenean auctor gravida sem praesent id massa id nisl venenatis lacinia aenean', '2023-06-05 12:37:17', '2023-11-21 15:51:29', 3, 'amet consectetuer adipiscing elit proin interdum mauris non ligula pellentesque ultrices phasellus id sapien', false, 7);
insert into entry (entryId, dayRating, goodDay, moodRating, peopleSeen, meals, ozWater, hoursExercise, exerciseIntensity, hoursSleep, people, wakeUpTime, sleepTime, weather, primaryLocation, visibility, userId) values (33, 18, true, 2, 23, 'enim sit amet nunc viverra dapibus nulla suscipit ligula in lacus curabitur at ipsum ac tellus semper interdum mauris ullamcorper', 64.9, 13, 43, 6, 'nullam varius nulla facilisi cras non velit nec nisi vulputate nonummy maecenas tincidunt lacus at velit vivamus vel', '2023-03-14 18:27:42', '2023-10-08 09:33:36', 7, 'eu orci mauris lacinia sapien quis libero nullam sit amet turpis', false, 8);
insert into entry (entryId, dayRating, goodDay, moodRating, peopleSeen, meals, ozWater, hoursExercise, exerciseIntensity, hoursSleep, people, wakeUpTime, sleepTime, weather, primaryLocation, visibility, userId) values (34, 13, true, 10, 83, 'justo eu massa donec dapibus duis at velit eu est congue elementum in hac habitasse platea dictumst morbi vestibulum velit id', 90.5, 7, 40, 7, 'rutrum rutrum neque aenean auctor gravida sem praesent id massa id nisl venenatis lacinia aenean sit amet justo morbi', '2022-09-24 16:38:25', '2023-10-29 02:54:22', 4, 'turpis adipiscing lorem vitae mattis nibh ligula nec sem duis aliquam convallis nunc proin at turpis a pede posuere', false, 9);
insert into entry (entryId, dayRating, goodDay, moodRating, peopleSeen, meals, ozWater, hoursExercise, exerciseIntensity, hoursSleep, people, wakeUpTime, sleepTime, weather, primaryLocation, visibility, userId) values (35, 7, true, 4, 12, 'at velit vivamus vel nulla eget eros elementum pellentesque quisque porta volutpat erat quisque erat eros viverra eget congue', 81.6, 10, 51, 9, 'id lobortis convallis tortor risus dapibus augue vel accumsan tellus nisi eu orci mauris lacinia sapien quis libero', '2023-01-20 04:05:14', '2023-07-02 04:44:23', 3, 'sapien cursus vestibulum proin eu mi nulla ac enim in tempor turpis nec euismod scelerisque quam turpis adipiscing lorem', false, 10);
insert into entry (entryId, dayRating, goodDay, moodRating, peopleSeen, meals, ozWater, hoursExercise, exerciseIntensity, hoursSleep, people, wakeUpTime, sleepTime, weather, primaryLocation, visibility, userId) values (36, 3, false, 10, 39, 'risus praesent lectus vestibulum quam sapien varius ut blandit non interdum in ante vestibulum ante ipsum primis in faucibus orci luctus et', 95.2, 9, 14, 5, 'turpis a pede posuere nonummy integer non velit donec diam neque vestibulum eget vulputate ut ultrices', '2023-07-22 08:54:12', '2023-08-02 03:10:01', 2, 'sapien a libero nam dui proin leo odio porttitor id consequat in consequat ut nulla sed accumsan felis ut', true, 11);
insert into entry (entryId, dayRating, goodDay, moodRating, peopleSeen, meals, ozWater, hoursExercise, exerciseIntensity, hoursSleep, people, wakeUpTime, sleepTime, weather, primaryLocation, visibility, userId) values (37, 11, false, 5, 56, 'quisque ut erat curabitur gravida nisi at nibh in hac habitasse platea dictumst aliquam augue quam sollicitudin vitae consectetuer eget', 68.3, 14, 22, 8, 'massa donec dapibus duis at velit eu est congue elementum in hac habitasse platea dictumst morbi vestibulum velit id pretium', '2023-09-15 04:38:22', '2023-07-20 20:36:51', 3, 'pede justo lacinia eget tincidunt eget tempus vel pede morbi porttitor lorem id ligula suspendisse ornare consequat', true, 12);
insert into entry (entryId, dayRating, goodDay, moodRating, peopleSeen, meals, ozWater, hoursExercise, exerciseIntensity, hoursSleep, people, wakeUpTime, sleepTime, weather, primaryLocation, visibility, userId) values (38, 20, false, 8, 44, 'faucibus cursus urna ut tellus nulla ut erat id mauris vulputate elementum nullam varius nulla facilisi cras non velit nec nisi vulputate', 86.4, 8, 52, 5, 'proin interdum mauris non ligula pellentesque ultrices phasellus id sapien in sapien iaculis congue vivamus metus arcu', '2023-06-29 11:58:20', '2023-06-28 04:55:54', 5, 'molestie lorem quisque ut erat curabitur gravida nisi at nibh in hac habitasse platea dictumst aliquam', true, 13);
insert into entry (entryId, dayRating, goodDay, moodRating, peopleSeen, meals, ozWater, hoursExercise, exerciseIntensity, hoursSleep, people, wakeUpTime, sleepTime, weather, primaryLocation, visibility, userId) values (39, 3, true, 7, 14, 'nulla justo aliquam quis turpis eget elit sodales scelerisque mauris sit amet eros suspendisse accumsan tortor quis', 82.6, 5, 10, 9, 'magna at nunc commodo placerat praesent blandit nam nulla integer pede justo lacinia eget tincidunt eget tempus vel pede', '2023-01-05 13:45:17', '2023-12-17 21:11:27', 3, 'morbi non lectus aliquam sit amet diam in magna bibendum imperdiet nullam orci pede venenatis non sodales sed', false, 14);
insert into entry (entryId, dayRating, goodDay, moodRating, peopleSeen, meals, ozWater, hoursExercise, exerciseIntensity, hoursSleep, people, wakeUpTime, sleepTime, weather, primaryLocation, visibility, userId) values (40, 10, true, 8, 77, 'in magna bibendum imperdiet nullam orci pede venenatis non sodales sed tincidunt eu felis fusce posuere felis sed lacus', 73.1, 12, 20, 9, 'in eleifend quam a odio in hac habitasse platea dictumst maecenas ut massa quis augue luctus tincidunt nulla', '2023-05-06 05:37:58', '2023-09-08 10:18:17', 6, 'risus semper porta volutpat quam pede lobortis ligula sit amet eleifend pede libero quis orci nullam molestie', true, 15);
insert into entry (entryId, dayRating, goodDay, moodRating, peopleSeen, meals, ozWater, hoursExercise, exerciseIntensity, hoursSleep, people, wakeUpTime, sleepTime, weather, primaryLocation, visibility, userId) values (41, 3, false, 10, 10, 'sed augue aliquam erat volutpat in congue etiam justo etiam pretium iaculis justo in hac habitasse platea dictumst etiam', 93.2, 6, 32, 7, 'ut dolor morbi vel lectus in quam fringilla rhoncus mauris enim leo rhoncus sed vestibulum sit amet cursus id', '2022-12-15 10:01:31', '2023-08-28 02:39:52', 1, 'sed nisl nunc rhoncus dui vel sem sed sagittis nam congue risus semper porta volutpat quam pede lobortis ligula', false, 16);
insert into entry (entryId, dayRating, goodDay, moodRating, peopleSeen, meals, ozWater, hoursExercise, exerciseIntensity, hoursSleep, people, wakeUpTime, sleepTime, weather, primaryLocation, visibility, userId) values (42, 9, false, 4, 20, 'nulla sed vel enim sit amet nunc viverra dapibus nulla suscipit ligula in lacus curabitur at ipsum ac tellus', 72.7, 11, 24, 7, 'nec dui luctus rutrum nulla tellus in sagittis dui vel nisl duis ac nibh fusce lacus purus aliquet', '2022-12-22 08:56:28', '2023-12-16 20:05:34', 6, 'nunc donec quis orci eget orci vehicula condimentum curabitur in libero ut massa volutpat convallis morbi odio odio elementum', true, 17);
insert into entry (entryId, dayRating, goodDay, moodRating, peopleSeen, meals, ozWater, hoursExercise, exerciseIntensity, hoursSleep, people, wakeUpTime, sleepTime, weather, primaryLocation, visibility, userId) values (43, 19, false, 7, 16, 'amet consectetuer adipiscing elit proin interdum mauris non ligula pellentesque ultrices phasellus id sapien in sapien iaculis congue', 96.2, 9, 33, 9, 'eget nunc donec quis orci eget orci vehicula condimentum curabitur in libero ut massa volutpat convallis morbi odio odio', '2023-10-20 17:36:43', '2023-06-23 01:08:46', 7, 'amet nulla quisque arcu libero rutrum ac lobortis vel dapibus at diam nam tristique tortor eu pede', false, 18);
insert into entry (entryId, dayRating, goodDay, moodRating, peopleSeen, meals, ozWater, hoursExercise, exerciseIntensity, hoursSleep, people, wakeUpTime, sleepTime, weather, primaryLocation, visibility, userId) values (44, 16, false, 6, 42, 'non mauris morbi non lectus aliquam sit amet diam in magna bibendum imperdiet nullam orci pede venenatis non sodales sed', 69.5, 13, 28, 6, 'dapibus duis at velit eu est congue elementum in hac habitasse platea dictumst morbi vestibulum velit id pretium iaculis diam', '2022-09-16 01:38:31', '2023-08-19 23:23:11', 1, 'tellus nulla ut erat id mauris vulputate elementum nullam varius nulla facilisi cras non velit nec nisi vulputate nonummy', false, 19);
insert into entry (entryId, dayRating, goodDay, moodRating, peopleSeen, meals, ozWater, hoursExercise, exerciseIntensity, hoursSleep, people, wakeUpTime, sleepTime, weather, primaryLocation, visibility, userId) values (45, 13, false, 7, 70, 'ante ipsum primis in faucibus orci luctus et ultrices posuere cubilia curae donec pharetra magna vestibulum aliquet ultrices erat', 68.8, 11, 30, 5, 'pretium iaculis justo in hac habitasse platea dictumst etiam faucibus cursus urna ut tellus nulla ut erat id mauris vulputate', '2023-11-01 01:20:39', '2023-12-21 02:13:21', 7, 'pede justo eu massa donec dapibus duis at velit eu est congue elementum in hac habitasse platea dictumst', false, 20);
insert into entry (entryId, dayRating, goodDay, moodRating, peopleSeen, meals, ozWater, hoursExercise, exerciseIntensity, hoursSleep, people, wakeUpTime, sleepTime, weather, primaryLocation, visibility, userId) values (46, 15, true, 5, 51, 'eget tincidunt eget tempus vel pede morbi porttitor lorem id ligula suspendisse ornare consequat lectus in est risus', 86.9, 12, 45, 7, 'duis consequat dui nec nisi volutpat eleifend donec ut dolor morbi vel lectus in quam fringilla rhoncus mauris enim', '2023-01-16 11:49:05', '2023-10-26 10:07:07', 4, 'pretium quis lectus suspendisse potenti in eleifend quam a odio in hac habitasse platea dictumst maecenas', false, 21);
insert into entry (entryId, dayRating, goodDay, moodRating, peopleSeen, meals, ozWater, hoursExercise, exerciseIntensity, hoursSleep, people, wakeUpTime, sleepTime, weather, primaryLocation, visibility, userId) values (47, 8, false, 7, 64, 'non interdum in ante vestibulum ante ipsum primis in faucibus orci luctus et ultrices posuere cubilia curae nulla dapibus', 58.7, 14, 23, 5, 'massa donec dapibus duis at velit eu est congue elementum in hac habitasse platea dictumst morbi vestibulum velit', '2023-07-03 11:28:36', '2023-07-17 09:00:48', 1, 'aliquet at feugiat non pretium quis lectus suspendisse potenti in eleifend quam a odio in hac habitasse platea dictumst', false, 22);
insert into entry (entryId, dayRating, goodDay, moodRating, peopleSeen, meals, ozWater, hoursExercise, exerciseIntensity, hoursSleep, people, wakeUpTime, sleepTime, weather, primaryLocation, visibility, userId) values (48, 19, false, 10, 64, 'enim blandit mi in porttitor pede justo eu massa donec dapibus duis at velit eu est congue elementum in hac habitasse', 89.9, 9, 55, 8, 'justo eu massa donec dapibus duis at velit eu est congue elementum in hac habitasse platea dictumst morbi vestibulum', '2023-08-07 18:24:10', '2023-10-09 03:49:38', 3, 'augue a suscipit nulla elit ac nulla sed vel enim sit amet nunc viverra dapibus nulla suscipit ligula in', true, 23);
insert into entry (entryId, dayRating, goodDay, moodRating, peopleSeen, meals, ozWater, hoursExercise, exerciseIntensity, hoursSleep, people, wakeUpTime, sleepTime, weather, primaryLocation, visibility, userId) values (49, 10, false, 5, 22, 'amet turpis elementum ligula vehicula consequat morbi a ipsum integer a nibh in quis justo maecenas rhoncus aliquam', 85.1, 10, 19, 8, 'arcu libero rutrum ac lobortis vel dapibus at diam nam tristique tortor eu pede justo lacinia eget tincidunt eget', '2023-02-20 13:19:29', '2023-11-29 01:33:16', 6, 'nullam varius nulla facilisi cras non velit nec nisi vulputate nonummy maecenas tincidunt lacus at velit vivamus vel', false, 24);
insert into entry (entryId, dayRating, goodDay, moodRating, peopleSeen, meals, ozWater, hoursExercise, exerciseIntensity, hoursSleep, people, wakeUpTime, sleepTime, weather, primaryLocation, visibility, userId) values (50, 12, false, 7, 71, 'lorem ipsum dolor sit amet consectetuer adipiscing elit proin interdum mauris non ligula pellentesque ultrices phasellus id sapien in', 61.8, 8, 40, 5, 'ut erat id mauris vulputate elementum nullam varius nulla facilisi cras non velit nec nisi vulputate nonummy maecenas', '2023-06-10 12:58:22', '2023-09-18 03:14:49', 5, 'sed justo pellentesque viverra pede ac diam cras pellentesque volutpat dui maecenas tristique est et tempus', true, 25);
insert into entry (entryId, dayRating, goodDay, moodRating, peopleSeen, meals, ozWater, hoursExercise, exerciseIntensity, hoursSleep, people, wakeUpTime, sleepTime, weather, primaryLocation, visibility, userId) values (51, 7, true, 6, 69, 'sapien a libero nam dui proin leo odio porttitor id consequat in consequat ut nulla sed accumsan felis ut', 73.4, 13, 27, 7, 'eget tempus vel pede morbi porttitor lorem id ligula suspendisse ornare consequat lectus in est risus auctor', '2023-09-15 07:36:50', '2023-09-19 02:41:25', 4, 'in consequat ut nulla sed accumsan felis ut at dolor quis odio consequat varius integer ac leo pellentesque ultrices', false, 1);
insert into entry (entryId, dayRating, goodDay, moodRating, peopleSeen, meals, ozWater, hoursExercise, exerciseIntensity, hoursSleep, people, wakeUpTime, sleepTime, weather, primaryLocation, visibility, userId) values (52, 7, true, 3, 29, 'donec odio justo sollicitudin ut suscipit a feugiat et eros vestibulum ac est lacinia nisi venenatis tristique', 63.6, 10, 49, 6, 'consectetuer adipiscing elit proin interdum mauris non ligula pellentesque ultrices phasellus id sapien in sapien iaculis congue vivamus', '2023-11-07 19:46:22', '2023-11-08 01:01:23', 1, 'convallis nulla neque libero convallis eget eleifend luctus ultricies eu nibh quisque id justo sit amet sapien dignissim vestibulum', false, 2);
insert into entry (entryId, dayRating, goodDay, moodRating, peopleSeen, meals, ozWater, hoursExercise, exerciseIntensity, hoursSleep, people, wakeUpTime, sleepTime, weather, primaryLocation, visibility, userId) values (53, 15, false, 6, 27, 'morbi vel lectus in quam fringilla rhoncus mauris enim leo rhoncus sed vestibulum sit amet cursus id turpis integer', 79.4, 11, 54, 8, 'aenean fermentum donec ut mauris eget massa tempor convallis nulla neque libero convallis eget eleifend luctus ultricies eu', '2023-06-02 11:13:30', '2023-05-28 01:56:17', 3, 'orci eget orci vehicula condimentum curabitur in libero ut massa volutpat convallis morbi odio odio elementum eu', true, 3);
insert into entry (entryId, dayRating, goodDay, moodRating, peopleSeen, meals, ozWater, hoursExercise, exerciseIntensity, hoursSleep, people, wakeUpTime, sleepTime, weather, primaryLocation, visibility, userId) values (54, 9, true, 6, 56, 'mauris eget massa tempor convallis nulla neque libero convallis eget eleifend luctus ultricies eu nibh quisque id justo sit amet',)
insert into entry (entryId, dayRating, goodDay, moodRating, peopleSeen, meals, ozWater, hoursExercise, exerciseIntensity, hoursSleep, people, wakeUpTime, sleepTime, weather, primaryLocation, visibility, userId) values (55, 12, false, 7, 41, 'sapien in sapien iaculis congue vivamus metus arcu adipiscing molestie hendrerit at vulputate vitae nisl aenean lectus pellentesque eget', 84.2, 9, 29, 8, 'non sodales sed tincidunt eu felis fusce posuere felis sed lacus morbi sem mauris laoreet ut rhoncus aliquet', '2023-07-11 06:14:47', '2023-09-24 03:38:12', 7, 'nec nisi vulputate nonummy maecenas tincidunt lacus at velit vivamus vel nulla eget eros elementum pellentesque quisque porta', false, 4);
insert into entry (entryId, dayRating, goodDay, moodRating, peopleSeen, meals, ozWater, hoursExercise, exerciseIntensity, hoursSleep, people, wakeUpTime, sleepTime, weather, primaryLocation, visibility, userId) values (56, 15, false, 6, 54, 'non mauris morbi non lectus aliquam sit amet diam in magna bibendum imperdiet nullam orci pede venenatis non sodales sed', 76.5, 10, 49, 5, 'tincidunt eget tempus vel pede morbi porttitor lorem id ligula suspendisse ornare consequat lectus in est risus auctor', '2023-07-05 19:53:29', '2023-07-14 19:01:35', 4, 'ut blandit non interdum in ante vestibulum ante ipsum primis in faucibus orci luctus et ultrices posuere', true, 5);
insert into entry (entryId, dayRating, goodDay, moodRating, peopleSeen, meals, ozWater, hoursExercise, exerciseIntensity, hoursSleep, people, wakeUpTime, sleepTime, weather, primaryLocation, visibility, userId) values (57, 17, true, 10, 28, 'pede justo eu massa donec dapibus duis at velit eu est congue elementum in hac habitasse platea dictumst', 67.8, 12, 38, 8, 'turpis eget elit sodales scelerisque mauris sit amet eros suspendisse accumsan tortor quis turpis sed ante vivamus tortor', '2023-03-17 13:27:48', '2023-03-24 09:44:57', 6, 'consequat metus sapien ut nunc vestibulum ante ipsum primis in faucibus orci luctus et ultrices posuere', false, 6);
insert into entry (entryId, dayRating, goodDay, moodRating, peopleSeen, meals, ozWater, hoursExercise, exerciseIntensity, hoursSleep, people, wakeUpTime, sleepTime, weather, primaryLocation, visibility, userId) values (58, 7, true, 6, 52, 'dapibus duis at velit eu est congue elementum in hac habitasse platea dictumst morbi vestibulum velit id pretium iaculis', 70.2, 8, 42, 7, 'donec semper sapien a libero nam dui proin')


insert into goals (userId, goalId, completionStatus, description) values (1, 1001, true, 'vestibulum eget vulputate ut ultrices vel augue vestibulum ante ipsum');
insert into goals (userId, goalId, completionStatus, description) values (2, 1002, false, 'risus praesent lectus');
insert into goals (userId, goalId, completionStatus, description) values (3, 1003, null, 'vitae consectetuer eget rutrum at');
insert into goals (userId, goalId, completionStatus, description) values (4, 1004, false, 'ut tellus nulla ut erat id');
insert into goals (userId, goalId, completionStatus, description) values (5, 1005, false, 'interdum mauris non ligula');
insert into goals (userId, goalId, completionStatus, description) values (6, 1006, null, 'pede venenatis non sodales sed tincidunt eu felis');
insert into goals (userId, goalId, completionStatus, description) values (7, 1007, false, 'tortor duis');
insert into goals (userId, goalId, completionStatus, description) values (8, 1008, true, '');
insert into goals (userId, goalId, completionStatus, description) values (9, 1009, false, 'volutpat dui maecenas');
insert into goals (userId, goalId, completionStatus, description) values (10, 1010, null, 'at turpis donec posuere metus vitae ipsum aliquam');
insert into goals (userId, goalId, completionStatus, description) values (11, 1011, null, '');
insert into goals (userId, goalId, completionStatus, description) values (12, 1012, true, 'sit amet erat nulla tempus vivamus in');
insert into goals (userId, goalId, completionStatus, description) values (13, 1013, false, 'quis turpis eget elit sodales scelerisque mauris sit');
insert into goals (userId, goalId, completionStatus, description) values (14, 1014, true, 'pede');
insert into goals (userId, goalId, completionStatus, description) values (15, 1015, null, 'donec posuere metus');
insert into goals (userId, goalId, completionStatus, description) values (16, 1016, true, 'ut ultrices vel augue vestibulum ante ipsum');
insert into goals (userId, goalId, completionStatus, description) values (17, 1017, true, 'tortor id nulla ultrices aliquet');
insert into goals (userId, goalId, completionStatus, description) values (18, 1018, true, 'ut tellus nulla ut erat id mauris');
insert into goals (userId, goalId, completionStatus, description) values (19, 1019, false, 'non');
insert into goals (userId, goalId, completionStatus, description) values (20, 1020, false, '');
insert into goals (userId, goalId, completionStatus, description) values (21, 1021, true, 'parturient montes nascetur ridiculus mus vivamus');
insert into goals (userId, goalId, completionStatus, description) values (22, 1022, false, 'natoque penatibus et magnis dis parturient montes nascetur ridiculus mus');
insert into goals (userId, goalId, completionStatus, description) values (23, 1023, false, 'sit amet sem fusce consequat nulla nisl nunc nisl duis');
insert into goals (userId, goalId, completionStatus, description) values (24, 1024, false, 'augue a suscipit nulla');
insert into goals (userId, goalId, completionStatus, description) values (25, 1025, false, 'gravida sem');
insert into goals (userId, goalId, completionStatus, description) values (26, 1026, true, 'nulla dapibus');
insert into goals (userId, goalId, completionStatus, description) values (27, 1027, true, 'porta volutpat erat quisque erat');
insert into goals (userId, goalId, completionStatus, description) values (28, 1028, false, 'convallis morbi odio odio');
insert into goals (userId, goalId, completionStatus, description) values (29, 1029, null, 'nulla quisque arcu libero rutrum ac lobortis');
insert into goals (userId, goalId, completionStatus, description) values (30, 1030, true, 'duis consequat dui nec nisi volutpat');
insert into goals (userId, goalId, completionStatus, description) values (31, 1031, false, 'tincidunt lacus at velit vivamus');
insert into goals (userId, goalId, completionStatus, description) values (32, 1032, true, 'magna vestibulum');
insert into goals (userId, goalId, completionStatus, description) values (33, 1033, true, 'augue vestibulum ante ipsum');
insert into goals (userId, goalId, completionStatus, description) values (34, 1034, false, 'viverra eget congue eget semper rutrum nulla nunc');
insert into goals (userId, goalId, completionStatus, description) values (35, 1035, true, 'orci eget orci vehicula condimentum curabitur in libero ut massa');
insert into goals (userId, goalId, completionStatus, description) values (36, 1036, null, 'cubilia curae');
insert into goals (userId, goalId, completionStatus, description) values (37, 1037, true, 'nulla integer pede justo lacinia eget tincidunt eget tempus vel');
insert into goals (userId, goalId, completionStatus, description) values (38, 1038, true, 'magna vestibulum aliquet ultrices erat tortor');
insert into goals (userId, goalId, completionStatus, description) values (39, 1039, false, 'integer');
insert into goals (userId, goalId, completionStatus, description) values (40, 1040, null, 'fusce consequat nulla nisl');
insert into goals (userId, goalId, completionStatus, description) values (41, 1041, false, 'quisque id');
insert into goals (userId, goalId, completionStatus, description) values (42, 1042, true, 'ac leo');
insert into goals (userId, goalId, completionStatus, description) values (43, 1043, true, 'ligula');
insert into goals (userId, goalId, completionStatus, description) values (44, 1044, false, 'convallis duis');
insert into goals (userId, goalId, completionStatus, description) values (45, 1045, null, 'convallis tortor risus dapibus augue vel accumsan tellus');
insert into goals (userId, goalId, completionStatus, description) values (46, 1046, true, 'lacus curabitur at ipsum ac');
insert into goals (userId, goalId, completionStatus, description) values (47, 1047, false, 'vestibulum');
insert into goals (userId, goalId, completionStatus, description) values (48, 1048, true, 'gravida sem praesent id');
insert into goals (userId, goalId, completionStatus, description) values (49, 1049, false, 'felis ut at dolor quis odio consequat varius');
insert into goals (userId, goalId, completionStatus, description) values (50, 1050, true, '');
insert into goals (userId, goalId, completionStatus, description) values (51, 1051, false, 'praesent blandit lacinia erat vestibulum sed');
insert into goals (userId, goalId, completionStatus, description) values (52, 1052, true, '');
insert into goals (userId, goalId, completionStatus, description) values (53, 1053, null, 'mauris enim');
insert into goals (userId, goalId, completionStatus, description) values (54, 1054, true, '');
insert into goals (userId, goalId, completionStatus, description) values (55, 1055, false, 'mollis molestie lorem');
insert into goals (userId, goalId, completionStatus, description) values (56, 1056, true, 'nisl venenatis lacinia aenean sit');
insert into goals (userId, goalId, completionStatus, description) values (57, 1057, false, 'faucibus orci luctus');
insert into goals (userId, goalId, completionStatus, description) values (58, 1058, false, 'molestie lorem');
insert into goals (userId, goalId, completionStatus, description) values (59, 1059, null, '');
insert into goals (userId, goalId, completionStatus, description) values (60, 1060, true, 'ornare imperdiet sapien urna pretium nisl ut volutpat sapien');
insert into goals (userId, goalId, completionStatus, description) values (61, 1061, false, '');
insert into goals (userId, goalId, completionStatus, description) values (62, 1062, false, 'sapien sapien non');
insert into goals (userId, goalId, completionStatus, description) values (63, 1063, null, '');
insert into goals (userId, goalId, completionStatus, description) values (64, 1064, true, 'vivamus tortor duis mattis egestas metus');
insert into goals (userId, goalId, completionStatus, description) values (65, 1065, null, 'nulla neque libero convallis eget eleifend luctus ultricies eu nibh');
insert into goals (userId, goalId, completionStatus, description) values (66, 1066, false, null);
insert into goals (userId, goalId, completionStatus, description) values (67, 1067, true, 'ut nunc vestibulum ante');
insert into goals (userId, goalId, completionStatus, description) values (68, 1068, null, 'tellus semper interdum mauris ullamcorper purus');
insert into goals (userId, goalId, completionStatus, description) values (69, 1069, null, 'placerat praesent blandit nam nulla integer pede justo lacinia');
insert into goals (userId, goalId, completionStatus, description) values (70, 1070, true, '');
insert into goals (userId, goalId, completionStatus, description) values (71, 1071, false, 'lorem ipsum dolor sit amet consectetuer');
insert into goals (userId, goalId, completionStatus, description) values (72, 1072, false, 'orci luctus et');
insert into goals (userId, goalId, completionStatus, description) values (73, 1073, true, 'erat quisque erat eros viverra eget congue eget semper rutrum');
insert into goals (userId, goalId, completionStatus, description) values (74, 1074, true, 'eu pede');
insert into goals (userId, goalId, completionStatus, description) values (75, 1075, null, 'luctus');
insert into goals (userId, goalId, completionStatus, description) values (76, 1076, true, null);
insert into goals (userId, goalId, completionStatus, description) values (77, 1077, false, 'porta volutpat quam pede lobortis ligula sit amet');
insert into goals (userId, goalId, completionStatus, description) values (78, 1078, true, 'mattis odio donec vitae nisi nam ultrices libero non mattis');
insert into goals (userId, goalId, completionStatus, description) values (79, 1079, true, 'in');
insert into goals (userId, goalId, completionStatus, description) values (80, 1080, false, null);
insert into goals (userId, goalId, completionStatus, description) values (81, 1081, true, 'eros elementum pellentesque quisque porta volutpat erat quisque erat');
insert into goals (userId, goalId, completionStatus, description) values (82, 1082, null, 'in quis justo maecenas rhoncus aliquam');
insert into goals (userId, goalId, completionStatus, description) values (83, 1083, true, 'ullamcorper purus sit amet nulla quisque arcu libero');
insert into goals (userId, goalId, completionStatus, description) values (84, 1084, false, 'lacus curabitur at ipsum');
insert into goals (userId, goalId, completionStatus, description) values (85, 1085, true, 'vestibulum rutrum rutrum');
insert into goals (userId, goalId, completionStatus, description) values (86, 1086, false, '');
insert into goals (userId, goalId, completionStatus, description) values (87, 1087, true, 'purus phasellus in');
insert into goals (userId, goalId, completionStatus, description) values (88, 1088, false, 'varius integer ac leo pellentesque ultrices');
insert into goals (userId, goalId, completionStatus, description) values (89, 1089, null, 'risus auctor sed tristique');
insert into goals (userId, goalId, completionStatus, description) values (90, 1090, false, 'phasellus id sapien');
insert into goals (userId, goalId, completionStatus, description) values (91, 1091, null, 'quis orci nullam molestie nibh in lectus pellentesque at');
insert into goals (userId, goalId, completionStatus, description) values (92, 1092, null, 'amet consectetuer');
insert into goals (userId, goalId, completionStatus, description) values (93, 1093, false, 'luctus et');
insert into goals (userId, goalId, completionStatus, description) values (94, 1094, false, 'ac consequat metus sapien ut nunc');
insert into goals (userId, goalId, completionStatus, description) values (95, 1095, null, 'posuere cubilia');
insert into goals (userId, goalId, completionStatus, description) values (96, 1096, false, 'lacinia erat vestibulum sed');
insert into goals (userId, goalId, completionStatus, description) values (97, 1097, null, 'vel ipsum praesent blandit');
insert into goals (userId, goalId, completionStatus, description) values (98, 1098, false, 'sapien ut nunc');
insert into goals (userId, goalId, completionStatus, description) values (99, 1099, true, 'amet');
insert into goals (userId, goalId, completionStatus, description) values (100, 1100, null, 'consectetuer eget');
insert into goals (userId, goalId, completionStatus, description) values (101, 1101, true, 'in leo maecenas pulvinar lobortis est phasellus sit');
insert into goals (userId, goalId, completionStatus, description) values (102, 1102, true, null);
insert into goals (userId, goalId, completionStatus, description) values (103, 1103, false, 'integer ac');
insert into goals (userId, goalId, completionStatus, description) values (104, 1104, true, 'aliquet maecenas');
insert into goals (userId, goalId, completionStatus, description) values (105, 1105, false, 'suscipit a feugiat et eros vestibulum');
insert into goals (userId, goalId, completionStatus, description) values (106, 1106, false, 'ultrices libero non');
insert into goals (userId, goalId, completionStatus, description) values (107, 1107, false, 'sollicitudin ut suscipit a feugiat et eros vestibulum ac est');
insert into goals (userId, goalId, completionStatus, description) values (108, 1108, true, 'nascetur ridiculus mus vivamus vestibulum');
insert into goals (userId, goalId, completionStatus, description) values (109, 1109, null, 'ultricies eu nibh quisque');
insert into goals (userId, goalId, completionStatus, description) values (110, 1110, true, 'lacinia erat vestibulum sed magna at nunc commodo placerat');
insert into goals (userId, goalId, completionStatus, description) values (111, 1111, null, '');
insert into goals (userId, goalId, completionStatus, description) values (112, 1112, false, 'vivamus vel nulla');
insert into goals (userId, goalId, completionStatus, description) values (113, 1113, true, 'iaculis diam erat fermentum justo nec condimentum neque sapien placerat');
insert into goals (userId, goalId, completionStatus, description) values (114, 1114, true, 'iaculis diam erat fermentum justo');
insert into goals (userId, goalId, completionStatus, description) values (115, 1115, false, null);
insert into goals (userId, goalId, completionStatus, description) values (116, 1116, null, 'scelerisque mauris sit amet eros suspendisse accumsan tortor');
insert into goals (userId, goalId, completionStatus, description) values (117, 1117, false, 'odio cras');
insert into goals (userId, goalId, completionStatus, description) values (118, 1118, false, 'pede justo');
insert into goals (userId, goalId, completionStatus, description) values (119, 1119, true, 'morbi porttitor lorem id ligula suspendisse ornare consequat lectus in');
insert into goals (userId, goalId, completionStatus, description) values (120, 1120, false, 'mauris vulputate elementum nullam varius nulla facilisi cras');
insert into goals (userId, goalId, completionStatus, description) values (121, 1121, false, 'gravida nisi at nibh');
insert into goals (userId, goalId, completionStatus, description) values (122, 1122, false, 'maecenas tincidunt lacus');
insert into goals (userId, goalId, completionStatus, description) values (123, 1123, true, 'leo odio condimentum id luctus nec molestie sed justo');
insert into goals (userId, goalId, completionStatus, description) values (124, 1124, true, 'id nulla ultrices aliquet maecenas leo odio condimentum id luctus');
insert into goals (userId, goalId, completionStatus, description) values (125, 1125, true, 'ac lobortis vel dapibus at');
insert into goals (userId, goalId, completionStatus, description) values (126, 1126, true, 'consequat lectus in est');
insert into goals (userId, goalId, completionStatus, description) values (127, 1127, true, '');
insert into goals (userId, goalId, completionStatus, description) values (128, 1128, true, 'amet lobortis sapien sapien non mi integer ac neque duis');
insert into goals (userId, goalId, completionStatus, description) values (129, 1129, true, 'arcu sed augue aliquam erat volutpat in congue etiam justo');
insert into goals (userId, goalId, completionStatus, description) values (130, 1130, false, null);
insert into goals (userId, goalId, completionStatus, description) values (131, 1131, true, 'odio justo sollicitudin ut suscipit a feugiat');
insert into goals (userId, goalId, completionStatus, description) values (132, 1132, true, '');
insert into goals (userId, goalId, completionStatus, description) values (133, 1133, null, 'fusce lacus purus aliquet');
insert into goals (userId, goalId, completionStatus, description) values (134, 1134, false, 'viverra diam vitae quam suspendisse');
insert into goals (userId, goalId, completionStatus, description) values (135, 1135, null, 'tincidunt eu felis fusce posuere');
insert into goals (userId, goalId, completionStatus, description) values (136, 1136, null, 'augue vestibulum ante ipsum primis in faucibus orci luctus et');
insert into goals (userId, goalId, completionStatus, description) values (137, 1137, false, 'in libero ut massa volutpat convallis morbi odio');
insert into goals (userId, goalId, completionStatus, description) values (138, 1138, true, 'neque duis bibendum morbi non');
insert into goals (userId, goalId, completionStatus, description) values (139, 1139, true, 'integer aliquet massa id');
insert into goals (userId, goalId, completionStatus, description) values (140, 1140, true, 'sit amet cursus id turpis integer aliquet');
insert into goals (userId, goalId, completionStatus, description) values (141, 1141, true, 'rutrum nulla tellus in sagittis dui vel nisl duis ac');
insert into goals (userId, goalId, completionStatus, description) values (142, 1142, true, '');
insert into goals (userId, goalId, completionStatus, description) values (143, 1143, false, null);
insert into goals (userId, goalId, completionStatus, description) values (144, 1144, false, 'id ornare imperdiet sapien urna pretium');
insert into goals (userId, goalId, completionStatus, description) values (145, 1145, false, 'consequat lectus in est risus auctor sed');
insert into goals (userId, goalId, completionStatus, description) values (146, 1146, false, 'posuere cubilia curae nulla dapibus dolor vel est donec odio');
insert into goals (userId, goalId, completionStatus, description) values (147, 1147, true, '');
insert into goals (userId, goalId, completionStatus, description) values (148, 1148, true, '');
insert into goals (userId, goalId, completionStatus, description) values (149, 1149, true, 'volutpat sapien arcu sed augue aliquam erat volutpat in congue');
insert into goals (userId, goalId, completionStatus, description) values (150, 1150, null, 'curabitur convallis duis consequat dui nec nisi');
insert into goals (userId, goalId, completionStatus, description) values (151, 1151, false, 'vivamus');
insert into goals (userId, goalId, completionStatus, description) values (152, 1152, true, 'morbi ut odio cras mi');
insert into goals (userId, goalId, completionStatus, description) values (153, 1153, false, 'primis in faucibus orci luctus et ultrices');
insert into goals (userId, goalId, completionStatus, description) values (154, 1154, false, 'phasellus in felis donec semper sapien a libero');
insert into goals (userId, goalId, completionStatus, description) values (155, 1155, true, 'ut');
insert into goals (userId, goalId, completionStatus, description) values (156, 1156, false, 'suspendisse potenti');
insert into goals (userId, goalId, completionStatus, description) values (157, 1157, false, 'vestibulum ac est lacinia nisi venenatis tristique');
insert into goals (userId, goalId, completionStatus, description) values (158, 1158, true, 'in');
insert into goals (userId, goalId, completionStatus, description) values (159, 1159, false, 'turpis a pede posuere nonummy integer non velit donec');
insert into goals (userId, goalId, completionStatus, description) values (160, 1160, true, 'nulla mollis molestie lorem quisque ut erat curabitur gravida');
insert into goals (userId, goalId, completionStatus, description) values (161, 1161, null, 'adipiscing elit proin risus praesent lectus');
insert into goals (userId, goalId, completionStatus, description) values (162, 1162, true, 'amet');
insert into goals (userId, goalId, completionStatus, description) values (163, 1163, false, 'rhoncus sed vestibulum sit amet cursus id turpis');
insert into goals (userId, goalId, completionStatus, description) values (164, 1164, null, 'eget congue eget');
insert into goals (userId, goalId, completionStatus, description) values (165, 1165, false, 'nisl');
insert into goals (userId, goalId, completionStatus, description) values (166, 1166, true, null);
insert into goals (userId, goalId, completionStatus, description) values (167, 1167, null, 'sapien non mi integer ac');
insert into goals (userId, goalId, completionStatus, description) values (168, 1168, true, 'mauris');
insert into goals (userId, goalId, completionStatus, description) values (169, 1169, false, 'in');
insert into goals (userId, goalId, completionStatus, description) values (170, 1170, false, 'integer ac neque duis bibendum morbi');
insert into goals (userId, goalId, completionStatus, description) values (171, 1171, false, 'congue diam id ornare imperdiet');
insert into goals (userId, goalId, completionStatus, description) values (172, 1172, null, 'vulputate ut ultrices vel');
insert into goals (userId, goalId, completionStatus, description) values (173, 1173, null, 'sit');
insert into goals (userId, goalId, completionStatus, description) values (174, 1174, true, 'vitae nisi nam ultrices libero non mattis pulvinar nulla');
insert into goals (userId, goalId, completionStatus, description) values (175, 1175, true, 'consequat nulla nisl nunc nisl duis bibendum felis sed');
insert into goals (userId, goalId, completionStatus, description) values (176, 1176, false, '');
insert into goals (userId, goalId, completionStatus, description) values (177, 1177, true, 'augue luctus tincidunt nulla mollis molestie');
insert into goals (userId, goalId, completionStatus, description) values (178, 1178, false, 'lorem integer tincidunt ante vel ipsum praesent blandit');
insert into goals (userId, goalId, completionStatus, description) values (179, 1179, true, 'eros viverra eget congue eget');
insert into goals (userId, goalId, completionStatus, description) values (180, 1180, false, 'ut dolor morbi vel lectus in quam fringilla');
insert into goals (userId, goalId, completionStatus, description) values (181, 1181, false, 'vel nulla eget eros elementum pellentesque quisque porta');
insert into goals (userId, goalId, completionStatus, description) values (182, 1182, null, 'posuere cubilia curae duis faucibus accumsan odio curabitur');
insert into goals (userId, goalId, completionStatus, description) values (183, 1183, true, 'orci mauris lacinia sapien quis libero nullam');
insert into goals (userId, goalId, completionStatus, description) values (184, 1184, true, 'dapibus');
insert into goals (userId, goalId, completionStatus, description) values (185, 1185, null, '');
insert into goals (userId, goalId, completionStatus, description) values (186, 1186, true, 'quis odio consequat varius');
insert into goals (userId, goalId, completionStatus, description) values (187, 1187, true, 'ut nulla sed');
insert into goals (userId, goalId, completionStatus, description) values (188, 1188, null, '');
insert into goals (userId, goalId, completionStatus, description) values (189, 1189, true, 'nam ultrices libero non mattis pulvinar nulla pede ullamcorper');
insert into goals (userId, goalId, completionStatus, description) values (190, 1190, true, 'pede libero quis orci nullam molestie nibh in lectus');
insert into goals (userId, goalId, completionStatus, description) values (191, 1191, true, 'congue etiam');
insert into goals (userId, goalId, completionStatus, description) values (192, 1192, null, 'donec diam neque vestibulum eget');
insert into goals (userId, goalId, completionStatus, description) values (193, 1193, false, 'aliquet maecenas');
insert into goals (userId, goalId, completionStatus, description) values (194, 1194, false, 'augue a suscipit nulla elit ac');
insert into goals (userId, goalId, completionStatus, description) values (195, 1195, false, 'libero convallis eget eleifend luctus ultricies eu nibh');
insert into goals (userId, goalId, completionStatus, description) values (196, 1196, true, 'eleifend donec ut dolor morbi vel lectus in quam');
insert into goals (userId, goalId, completionStatus, description) values (197, 1197, null, 'primis');
insert into goals (userId, goalId, completionStatus, description) values (198, 1198, false, 'quis turpis eget elit sodales scelerisque mauris');
insert into goals (userId, goalId, completionStatus, description) values (199, 1199, false, 'magna ac consequat metus sapien ut nunc vestibulum ante ipsum');
insert into goals (userId, goalId, completionStatus, description) values (200, 1200, false, '');









insert into meeting (meetingId, timestamp, topic, isVirtual, therapistId, userId) values (10001, null, 'justo nec condimentum neque sapien placerat ante nulla', false, 101, 1);
insert into meeting (meetingId, timestamp, topic, isVirtual, therapistId, userId) values (10002, '2024-03-19', 'quam pharetra magna ac consequat metus sapien', null, 102, 2);
insert into meeting (meetingId, timestamp, topic, isVirtual, therapistId, userId) values (10003, '2023-11-09', 'et eros vestibulum ac est lacinia nisi', false, 103, 3);
insert into meeting (meetingId, timestamp, topic, isVirtual, therapistId, userId) values (10004, null, 'augue a suscipit nulla', false, 104, 4);
insert into meeting (meetingId, timestamp, topic, isVirtual, therapistId, userId) values (10005, '2023-12-04', 'tortor duis mattis', true, 105, 5);
insert into meeting (meetingId, timestamp, topic, isVirtual, therapistId, userId) values (10006, '2024-03-06', 'integer', true, 106, 6);
insert into meeting (meetingId, timestamp, topic, isVirtual, therapistId, userId) values (10007, '2023-09-08', 'in', true, 107, 7);
insert into meeting (meetingId, timestamp, topic, isVirtual, therapistId, userId) values (10008, '2024-01-03', 'tortor quis turpis', null, 108, 8);
insert into meeting (meetingId, timestamp, topic, isVirtual, therapistId, userId) values (10009, '2023-07-27', 'felis fusce posuere felis sed lacus morbi', false, 109, 9);
insert into meeting (meetingId, timestamp, topic, isVirtual, therapistId, userId) values (10010, '2024-01-01', 'fusce posuere felis', true, 110, 10);
insert into meeting (meetingId, timestamp, topic, isVirtual, therapistId, userId) values (10011, '2023-10-30', null, true, 111, 11);
insert into meeting (meetingId, timestamp, topic, isVirtual, therapistId, userId) values (10012, '2024-01-04', 'nisl nunc nisl duis bibendum felis sed', false, 112, 12);
insert into meeting (meetingId, timestamp, topic, isVirtual, therapistId, userId) values (10013, null, 'tortor sollicitudin mi sit amet', true, 113, 13);
insert into meeting (meetingId, timestamp, topic, isVirtual, therapistId, userId) values (10014, '2023-07-26', 'maecenas tincidunt lacus at velit vivamus vel nulla eget eros', true, 114, 14);
insert into meeting (meetingId, timestamp, topic, isVirtual, therapistId, userId) values (10015, '2023-04-29', 'ut nunc vestibulum ante ipsum primis in', false, 115, 15);
insert into meeting (meetingId, timestamp, topic, isVirtual, therapistId, userId) values (10016, null, 'sed', null, 116, 16);
insert into meeting (meetingId, timestamp, topic, isVirtual, therapistId, userId) values (10017, '2023-04-14', null, true, 117, 17);
insert into meeting (meetingId, timestamp, topic, isVirtual, therapistId, userId) values (10018, '2023-06-08', 'posuere nonummy integer', true, 118, 18);
insert into meeting (meetingId, timestamp, topic, isVirtual, therapistId, userId) values (10019, '2023-11-05', 'integer ac leo pellentesque ultrices mattis', null, 119, 19);
insert into meeting (meetingId, timestamp, topic, isVirtual, therapistId, userId) values (10020, null, 'orci luctus et ultrices posuere', true, 120, 20);
insert into meeting (meetingId, timestamp, topic, isVirtual, therapistId, userId) values (10021, '2023-08-25', 'bibendum felis sed interdum venenatis turpis', true, 121, 21);
insert into meeting (meetingId, timestamp, topic, isVirtual, therapistId, userId) values (10022, '2024-02-04', 'at velit', false, 122, 22);
insert into meeting (meetingId, timestamp, topic, isVirtual, therapistId, userId) values (10023, '2023-06-04', 'vestibulum sed magna at nunc commodo placerat praesent', true, 123, 23);
insert into meeting (meetingId, timestamp, topic, isVirtual, therapistId, userId) values (10024, null, 'porttitor lorem id ligula suspendisse', false, 124, 24);
insert into meeting (meetingId, timestamp, topic, isVirtual, therapistId, userId) values (10025, '2024-02-20', 'ultrices phasellus id sapien in sapien iaculis congue vivamus', false, 125, 25);
insert into meeting (meetingId, timestamp, topic, isVirtual, therapistId, userId) values (10026, '2023-08-19', 'suscipit ligula in lacus curabitur at', false, 126, 26);
insert into meeting (meetingId, timestamp, topic, isVirtual, therapistId, userId) values (10027, null, 'diam neque vestibulum eget vulputate ut ultrices', null, 127, 27);
insert into meeting (meetingId, timestamp, topic, isVirtual, therapistId, userId) values (10028, '2023-08-05', 'quisque arcu libero rutrum ac', true, 128, 28);
insert into meeting (meetingId, timestamp, topic, isVirtual, therapistId, userId) values (10029, '2023-08-07', 'aliquam lacus morbi quis', true, 129, 29);
insert into meeting (meetingId, timestamp, topic, isVirtual, therapistId, userId) values (10030, '2023-10-15', 'mauris morbi non lectus aliquam sit amet diam in magna', false, 130, 30);
insert into meeting (meetingId, timestamp, topic, isVirtual, therapistId, userId) values (10031, '2023-08-18', 'massa id lobortis', false, 131, 31);
insert into meeting (meetingId, timestamp, topic, isVirtual, therapistId, userId) values (10032, null, 'sem mauris laoreet', null, 132, 32);
insert into meeting (meetingId, timestamp, topic, isVirtual, therapistId, userId) values (10033, '2023-07-08', 'vulputate nonummy maecenas tincidunt', false, 133, 33);
insert into meeting (meetingId, timestamp, topic, isVirtual, therapistId, userId) values (10034, '2023-09-08', 'nunc', true, 134, 34);
insert into meeting (meetingId, timestamp, topic, isVirtual, therapistId, userId) values (10035, '2024-02-03', 'eu interdum eu tincidunt in', false, 135, 35);
insert into meeting (meetingId, timestamp, topic, isVirtual, therapistId, userId) values (10036, '2024-02-01', 'tristique', false, 136, 36);
insert into meeting (meetingId, timestamp, topic, isVirtual, therapistId, userId) values (10037, '2023-09-29', 'integer a nibh in quis justo maecenas rhoncus aliquam lacus', true, 137, 37);
insert into meeting (meetingId, timestamp, topic, isVirtual, therapistId, userId) values (10038, '2023-12-13', '', false, 138, 38);
insert into meeting (meetingId, timestamp, topic, isVirtual, therapistId, userId) values (10039, '2023-07-13', 'rutrum ac lobortis vel dapibus at diam', false, 139, 39);
insert into meeting (meetingId, timestamp, topic, isVirtual, therapistId, userId) values (10040, '2024-03-28', 'sapien non mi integer ac neque duis bibendum morbi', true, 140, 40);
insert into meeting (meetingId, timestamp, topic, isVirtual, therapistId, userId) values (10041, null, 'massa donec dapibus', null, 141, 41);
insert into meeting (meetingId, timestamp, topic, isVirtual, therapistId, userId) values (10042, '2023-05-21', 'eu nibh quisque', true, 142, 42);
insert into meeting (meetingId, timestamp, topic, isVirtual, therapistId, userId) values (10043, null, 'sem duis aliquam convallis nunc', true, 143, 43);
insert into meeting (meetingId, timestamp, topic, isVirtual, therapistId, userId) values (10044, '2023-04-23', 'natoque penatibus et magnis dis parturient', null, 144, 44);
insert into meeting (meetingId, timestamp, topic, isVirtual, therapistId, userId) values (10045, null, 'justo eu massa donec', true, 145, 45);
insert into meeting (meetingId, timestamp, topic, isVirtual, therapistId, userId) values (10046, '2023-06-24', 'purus phasellus in felis', false, 146, 46);
insert into meeting (meetingId, timestamp, topic, isVirtual, therapistId, userId) values (10047, '2023-12-14', 'sapien dignissim vestibulum', false, 147, 47);
insert into meeting (meetingId, timestamp, topic, isVirtual, therapistId, userId) values (10048, '2023-07-31', 'tempus semper est quam pharetra magna ac consequat metus', true, 148, 48);
insert into meeting (meetingId, timestamp, topic, isVirtual, therapistId, userId) values (10049, null, 'natoque penatibus et magnis', false, 149, 49);
insert into meeting (meetingId, timestamp, topic, isVirtual, therapistId, userId) values (10050, '2023-05-16', 'interdum eu tincidunt in leo', null, 150, 50);
insert into meeting (meetingId, timestamp, topic, isVirtual, therapistId, userId) values (10051, '2023-11-02', '', null, 151, 51);
insert into meeting (meetingId, timestamp, topic, isVirtual, therapistId, userId) values (10052, null, 'suspendisse potenti', false, 152, 52);
insert into meeting (meetingId, timestamp, topic, isVirtual, therapistId, userId) values (10053, '2023-09-15', 'imperdiet et', false, 153, 53);
insert into meeting (meetingId, timestamp, topic, isVirtual, therapistId, userId) values (10054, '2024-03-10', 'mattis odio donec vitae', false, 154, 54);
insert into meeting (meetingId, timestamp, topic, isVirtual, therapistId, userId) values (10055, '2023-05-19', 'turpis', true, 155, 55);
insert into meeting (meetingId, timestamp, topic, isVirtual, therapistId, userId) values (10056, '2024-01-13', 'in purus eu magna vulputate luctus cum sociis natoque penatibus', false, 156, 56);
insert into meeting (meetingId, timestamp, topic, isVirtual, therapistId, userId) values (10057, '2024-03-23', '', false, 157, 57);
insert into meeting (meetingId, timestamp, topic, isVirtual, therapistId, userId) values (10058, '2023-10-31', '', null, 158, 58);
insert into meeting (meetingId, timestamp, topic, isVirtual, therapistId, userId) values (10059, '2024-02-15', 'at turpis a', true, 159, 59);
insert into meeting (meetingId, timestamp, topic, isVirtual, therapistId, userId) values (10060, '2023-06-26', 'ipsum dolor sit amet consectetuer adipiscing elit', true, 160, 60);
insert into meeting (meetingId, timestamp, topic, isVirtual, therapistId, userId) values (10061, '2024-01-17', null, false, 161, 61);
insert into meeting (meetingId, timestamp, topic, isVirtual, therapistId, userId) values (10062, '2024-03-29', 'dui nec', true, 162, 62);
insert into meeting (meetingId, timestamp, topic, isVirtual, therapistId, userId) values (10063, '2023-05-14', 'sit amet lobortis', false, 163, 63);
insert into meeting (meetingId, timestamp, topic, isVirtual, therapistId, userId) values (10064, '2023-10-22', null, null, 164, 64);
insert into meeting (meetingId, timestamp, topic, isVirtual, therapistId, userId) values (10065, '2023-11-11', null, true, 165, 65);
insert into meeting (meetingId, timestamp, topic, isVirtual, therapistId, userId) values (10066, '2023-09-26', 'id', false, 166, 66);
insert into meeting (meetingId, timestamp, topic, isVirtual, therapistId, userId) values (10067, '2024-03-05', 'nec euismod scelerisque quam', true, 167, 67);
insert into meeting (meetingId, timestamp, topic, isVirtual, therapistId, userId) values (10068, null, 'nisi at nibh in hac habitasse platea dictumst aliquam augue', true, 168, 68);
insert into meeting (meetingId, timestamp, topic, isVirtual, therapistId, userId) values (10069, '2024-01-26', 'ipsum primis', true, 169, 69);
insert into meeting (meetingId, timestamp, topic, isVirtual, therapistId, userId) values (10070, null, 'etiam pretium', true, 170, 70);
insert into meeting (meetingId, timestamp, topic, isVirtual, therapistId, userId) values (10071, '2023-05-29', 'quam sapien varius ut blandit', true, 171, 71);
insert into meeting (meetingId, timestamp, topic, isVirtual, therapistId, userId) values (10072, '2024-01-13', 'nulla pede ullamcorper augue a suscipit nulla elit ac nulla', true, 172, 72);
insert into meeting (meetingId, timestamp, topic, isVirtual, therapistId, userId) values (10073, '2023-10-28', 'ut suscipit a', true, 173, 73);
insert into meeting (meetingId, timestamp, topic, isVirtual, therapistId, userId) values (10074, '2024-03-24', 'consequat', true, 174, 74);
insert into meeting (meetingId, timestamp, topic, isVirtual, therapistId, userId) values (10075, '2023-04-16', 'pharetra magna', null, 175, 75);
insert into meeting (meetingId, timestamp, topic, isVirtual, therapistId, userId) values (10076, '2023-08-01', 'a nibh in quis justo', true, 176, 76);
insert into meeting (meetingId, timestamp, topic, isVirtual, therapistId, userId) values (10077, '2023-05-30', 'vel sem sed sagittis', null, 177, 77);
insert into meeting (meetingId, timestamp, topic, isVirtual, therapistId, userId) values (10078, null, 'magna vulputate luctus cum sociis natoque penatibus et magnis dis', false, 178, 78);
insert into meeting (meetingId, timestamp, topic, isVirtual, therapistId, userId) values (10079, '2024-03-31', 'neque aenean auctor gravida sem praesent id massa id nisl', false, 179, 79);
insert into meeting (meetingId, timestamp, topic, isVirtual, therapistId, userId) values (10080, '2023-10-10', 'suspendisse accumsan tortor quis turpis sed ante vivamus tortor duis', true, 180, 80);
insert into meeting (meetingId, timestamp, topic, isVirtual, therapistId, userId) values (10081, '2024-04-07', 'id', false, 181, 81);
insert into meeting (meetingId, timestamp, topic, isVirtual, therapistId, userId) values (10082, '2023-09-11', 'interdum mauris ullamcorper purus sit amet nulla quisque', true, 182, 82);
insert into meeting (meetingId, timestamp, topic, isVirtual, therapistId, userId) values (10083, '2023-06-17', 'eleifend quam a odio in hac habitasse platea', false, 183, 83);
insert into meeting (meetingId, timestamp, topic, isVirtual, therapistId, userId) values (10084, '2023-05-31', 'ultrices libero non mattis pulvinar nulla pede ullamcorper', false, 184, 84);
insert into meeting (meetingId, timestamp, topic, isVirtual, therapistId, userId) values (10085, '2024-01-31', 'quis justo maecenas rhoncus aliquam', null, 185, 85);
insert into meeting (meetingId, timestamp, topic, isVirtual, therapistId, userId) values (10086, '2023-06-26', '', true, 186, 86);
insert into meeting (meetingId, timestamp, topic, isVirtual, therapistId, userId) values (10087, '2023-09-29', 'vulputate', null, 187, 87);
insert into meeting (meetingId, timestamp, topic, isVirtual, therapistId, userId) values (10088, '2023-08-29', 'sit', true, 188, 88);
insert into meeting (meetingId, timestamp, topic, isVirtual, therapistId, userId) values (10089, null, 'nullam molestie nibh in lectus', false, 189, 89);
insert into meeting (meetingId, timestamp, topic, isVirtual, therapistId, userId) values (10090, '2024-01-31', 'libero nam dui proin leo odio porttitor', false, 190, 90);
insert into meeting (meetingId, timestamp, topic, isVirtual, therapistId, userId) values (10091, '2023-11-12', 'pellentesque viverra pede ac', true, 191, 91);
insert into meeting (meetingId, timestamp, topic, isVirtual, therapistId, userId) values (10092, '2023-08-21', 'nunc vestibulum ante ipsum', false, 192, 92);
insert into meeting (meetingId, timestamp, topic, isVirtual, therapistId, userId) values (10093, '2024-03-11', 'non ligula pellentesque ultrices phasellus id sapien', true, 193, 93);
insert into meeting (meetingId, timestamp, topic, isVirtual, therapistId, userId) values (10094, '2024-04-12', 'pede libero quis orci nullam molestie nibh in lectus pellentesque', false, 194, 94);
insert into meeting (meetingId, timestamp, topic, isVirtual, therapistId, userId) values (10095, '2023-08-18', 'odio elementum eu interdum', true, 195, 95);
insert into meeting (meetingId, timestamp, topic, isVirtual, therapistId, userId) values (10096, '2023-08-20', 'habitasse platea dictumst', true, 196, 96);
insert into meeting (meetingId, timestamp, topic, isVirtual, therapistId, userId) values (10097, '2024-03-27', 'id nulla ultrices aliquet', false, 197, 97);
insert into meeting (meetingId, timestamp, topic, isVirtual, therapistId, userId) values (10098, null, 'sollicitudin mi sit amet lobortis sapien sapien non', false, 198, 98);
insert into meeting (meetingId, timestamp, topic, isVirtual, therapistId, userId) values (10099, '2024-04-11', 'commodo vulputate justo in blandit ultrices', false, 199, 99);
insert into meeting (meetingId, timestamp, topic, isVirtual, therapistId, userId) values (10100, null, 'quis turpis eget elit sodales scelerisque mauris sit', true, 200, 100);
insert into meeting (meetingId, timestamp, topic, isVirtual, therapistId, userId) values (10101, '2023-05-30', 'mauris viverra', false, 201, 101);
insert into meeting (meetingId, timestamp, topic, isVirtual, therapistId, userId) values (10102, null, 'dolor morbi vel lectus', true, 202, 102);
insert into meeting (meetingId, timestamp, topic, isVirtual, therapistId, userId) values (10103, '2024-03-26', 'cubilia', true, 203, 103);
insert into meeting (meetingId, timestamp, topic, isVirtual, therapistId, userId) values (10104, null, 'pede posuere nonummy integer non', true, 204, 104);
insert into meeting (meetingId, timestamp, topic, isVirtual, therapistId, userId) values (10105, '2023-12-22', '', false, 205, 105);
insert into meeting (meetingId, timestamp, topic, isVirtual, therapistId, userId) values (10106, null, 'sed accumsan felis ut at dolor quis', false, 206, 106);
insert into meeting (meetingId, timestamp, topic, isVirtual, therapistId, userId) values (10107, '2024-03-13', 'sit amet diam in magna bibendum imperdiet nullam orci pede', true, 207, 107);
insert into meeting (meetingId, timestamp, topic, isVirtual, therapistId, userId) values (10108, '2023-04-30', 'urna ut tellus nulla ut erat', false, 208, 108);
insert into meeting (meetingId, timestamp, topic, isVirtual, therapistId, userId) values (10109, '2024-04-12', 'pulvinar nulla', true, 209, 109);
insert into meeting (meetingId, timestamp, topic, isVirtual, therapistId, userId) values (10110, '2023-10-17', 'quam sapien varius ut blandit', false, 210, 110);
insert into meeting (meetingId, timestamp, topic, isVirtual, therapistId, userId) values (10111, '2024-01-14', 'convallis tortor', false, 211, 111);
insert into meeting (meetingId, timestamp, topic, isVirtual, therapistId, userId) values (10112, '2024-01-30', 'nisl venenatis lacinia', true, 212, 112);
insert into meeting (meetingId, timestamp, topic, isVirtual, therapistId, userId) values (10113, '2024-03-12', 'sed magna at nunc commodo', true, 213, 113);
insert into meeting (meetingId, timestamp, topic, isVirtual, therapistId, userId) values (10114, null, 'diam in magna bibendum imperdiet nullam', true, 214, 114);
insert into meeting (meetingId, timestamp, topic, isVirtual, therapistId, userId) values (10115, '2023-08-08', 'primis in faucibus orci luctus et ultrices posuere cubilia curae', false, 215, 115);
insert into meeting (meetingId, timestamp, topic, isVirtual, therapistId, userId) values (10116, '2023-05-18', 'eget vulputate ut ultrices vel augue vestibulum ante', null, 216, 116);
insert into meeting (meetingId, timestamp, topic, isVirtual, therapistId, userId) values (10117, '2023-09-27', 'nunc proin', true, 217, 117);
insert into meeting (meetingId, timestamp, topic, isVirtual, therapistId, userId) values (10118, '2023-07-15', 'amet', null, 218, 118);
insert into meeting (meetingId, timestamp, topic, isVirtual, therapistId, userId) values (10119, null, 'in quam fringilla rhoncus mauris enim leo rhoncus', null, 219, 119);
insert into meeting (meetingId, timestamp, topic, isVirtual, therapistId, userId) values (10120, '2024-03-16', 'accumsan odio curabitur convallis duis consequat dui nec nisi volutpat', false, 220, 120);
insert into meeting (meetingId, timestamp, topic, isVirtual, therapistId, userId) values (10121, null, 'cras non velit nec nisi vulputate nonummy', true, 221, 121);
insert into meeting (meetingId, timestamp, topic, isVirtual, therapistId, userId) values (10122, '2023-11-03', 'pede justo', false, 222, 122);
insert into meeting (meetingId, timestamp, topic, isVirtual, therapistId, userId) values (10123, '2023-05-25', '', false, 223, 123);
insert into meeting (meetingId, timestamp, topic, isVirtual, therapistId, userId) values (10124, '2023-08-24', 'accumsan', true, 224, 124);
insert into meeting (meetingId, timestamp, topic, isVirtual, therapistId, userId) values (10125, '2023-12-20', 'et ultrices posuere', true, 225, 125);
insert into meeting (meetingId, timestamp, topic, isVirtual, therapistId, userId) values (10126, '2024-04-06', 'felis fusce posuere', true, 226, 126);
insert into meeting (meetingId, timestamp, topic, isVirtual, therapistId, userId) values (10127, null, 'odio', false, 227, 127);
insert into meeting (meetingId, timestamp, topic, isVirtual, therapistId, userId) values (10128, '2024-02-29', 'lorem vitae mattis nibh ligula nec sem duis', false, 228, 128);
insert into meeting (meetingId, timestamp, topic, isVirtual, therapistId, userId) values (10129, '2023-08-31', 'nunc vestibulum ante ipsum primis', true, 229, 129);
insert into meeting (meetingId, timestamp, topic, isVirtual, therapistId, userId) values (10130, '2023-11-15', 'nulla tellus in sagittis', true, 230, 130);
insert into meeting (meetingId, timestamp, topic, isVirtual, therapistId, userId) values (10131, '2024-03-05', 'et commodo vulputate justo', true, 231, 131);
insert into meeting (meetingId, timestamp, topic, isVirtual, therapistId, userId) values (10132, '2024-02-23', '', true, 232, 132);
insert into meeting (meetingId, timestamp, topic, isVirtual, therapistId, userId) values (10133, '2023-08-20', 'elementum', false, 233, 133);
insert into meeting (meetingId, timestamp, topic, isVirtual, therapistId, userId) values (10134, '2023-05-07', 'morbi', null, 234, 134);
insert into meeting (meetingId, timestamp, topic, isVirtual, therapistId, userId) values (10135, '2023-10-13', 'hac habitasse platea', true, 235, 135);
insert into meeting (meetingId, timestamp, topic, isVirtual, therapistId, userId) values (10136, '2023-10-11', 'leo maecenas pulvinar lobortis est phasellus sit amet erat', false, 236, 136);
insert into meeting (meetingId, timestamp, topic, isVirtual, therapistId, userId) values (10137, '2023-10-03', 'lacus at turpis donec posuere metus vitae ipsum', true, 237, 137);
insert into meeting (meetingId, timestamp, topic, isVirtual, therapistId, userId) values (10138, '2023-12-28', 'tortor risus dapibus augue vel accumsan tellus nisi', true, 238, 138);
insert into meeting (meetingId, timestamp, topic, isVirtual, therapistId, userId) values (10139, null, 'justo lacinia eget tincidunt', true, 239, 139);
insert into meeting (meetingId, timestamp, topic, isVirtual, therapistId, userId) values (10140, '2023-11-09', 'auctor gravida sem', null, 240, 140);
insert into meeting (meetingId, timestamp, topic, isVirtual, therapistId, userId) values (10141, '2023-09-06', '', true, 241, 141);
insert into meeting (meetingId, timestamp, topic, isVirtual, therapistId, userId) values (10142, '2024-03-15', 'est phasellus sit amet erat nulla tempus vivamus in', true, 242, 142);
insert into meeting (meetingId, timestamp, topic, isVirtual, therapistId, userId) values (10143, '2023-09-06', 'elit proin risus praesent lectus vestibulum quam sapien', false, 243, 143);
insert into meeting (meetingId, timestamp, topic, isVirtual, therapistId, userId) values (10144, '2024-01-30', 'faucibus orci luctus', false, 244, 144);
insert into meeting (meetingId, timestamp, topic, isVirtual, therapistId, userId) values (10145, '2023-12-25', 'varius ut', true, 245, 145);
insert into meeting (meetingId, timestamp, topic, isVirtual, therapistId, userId) values (10146, '2023-05-16', 'leo pellentesque ultrices mattis', false, 246, 146);
insert into meeting (meetingId, timestamp, topic, isVirtual, therapistId, userId) values (10147, null, '', false, 247, 147);
insert into meeting (meetingId, timestamp, topic, isVirtual, therapistId, userId) values (10148, null, '', false, 248, 148);
insert into meeting (meetingId, timestamp, topic, isVirtual, therapistId, userId) values (10149, '2023-11-17', 'sodales scelerisque mauris sit amet eros suspendisse accumsan tortor quis', null, 249, 149);
insert into meeting (meetingId, timestamp, topic, isVirtual, therapistId, userId) values (10150, '2024-01-10', 'erat eros viverra eget', true, 250, 150);
insert into meeting (meetingId, timestamp, topic, isVirtual, therapistId, userId) values (10151, null, 'augue', null, 251, 151);
insert into meeting (meetingId, timestamp, topic, isVirtual, therapistId, userId) values (10152, '2023-12-29', 'id ornare imperdiet sapien urna pretium nisl', false, 252, 152);
insert into meeting (meetingId, timestamp, topic, isVirtual, therapistId, userId) values (10153, '2023-08-14', 'lobortis ligula sit amet eleifend pede', true, 253, 153);
insert into meeting (meetingId, timestamp, topic, isVirtual, therapistId, userId) values (10154, null, 'ridiculus', false, 254, 154);
insert into meeting (meetingId, timestamp, topic, isVirtual, therapistId, userId) values (10155, '2023-08-30', 'et ultrices posuere cubilia curae', true, 255, 155);
insert into meeting (meetingId, timestamp, topic, isVirtual, therapistId, userId) values (10156, null, 'ut', true, 256, 156);
insert into meeting (meetingId, timestamp, topic, isVirtual, therapistId, userId) values (10157, '2023-06-19', 'sem mauris laoreet ut rhoncus aliquet pulvinar sed nisl', false, 257, 157);
insert into meeting (meetingId, timestamp, topic, isVirtual, therapistId, userId) values (10158, '2024-01-29', 'nec euismod scelerisque quam turpis adipiscing lorem', true, 258, 158);
insert into meeting (meetingId, timestamp, topic, isVirtual, therapistId, userId) values (10159, '2023-06-02', 'vel augue vestibulum', true, 259, 159);
insert into meeting (meetingId, timestamp, topic, isVirtual, therapistId, userId) values (10160, '2024-01-29', 'pulvinar sed nisl nunc', true, 260, 160);
insert into meeting (meetingId, timestamp, topic, isVirtual, therapistId, userId) values (10161, null, 'odio porttitor id consequat in consequat', true, 261, 161);
insert into meeting (meetingId, timestamp, topic, isVirtual, therapistId, userId) values (10162, '2024-02-07', '', false, 262, 162);
insert into meeting (meetingId, timestamp, topic, isVirtual, therapistId, userId) values (10163, '2023-12-07', 'amet cursus id turpis integer aliquet massa id lobortis', false, 263, 163);
insert into meeting (meetingId, timestamp, topic, isVirtual, therapistId, userId) values (10164, '2024-02-27', 'maecenas tristique est et tempus semper est', true, 264, 164);
insert into meeting (meetingId, timestamp, topic, isVirtual, therapistId, userId) values (10165, null, 'ante ipsum primis in faucibus orci luctus et ultrices posuere', false, 265, 165);
insert into meeting (meetingId, timestamp, topic, isVirtual, therapistId, userId) values (10166, null, 'a pede', true, 266, 166);
insert into meeting (meetingId, timestamp, topic, isVirtual, therapistId, userId) values (10167, null, 'at lorem integer tincidunt', null, 267, 167);
insert into meeting (meetingId, timestamp, topic, isVirtual, therapistId, userId) values (10168, '2023-04-14', 'et ultrices posuere cubilia curae duis faucibus accumsan', true, 268, 168);
insert into meeting (meetingId, timestamp, topic, isVirtual, therapistId, userId) values (10169, '2023-11-15', 'vel lectus in quam fringilla rhoncus', null, 269, 169);
insert into meeting (meetingId, timestamp, topic, isVirtual, therapistId, userId) values (10170, '2023-07-31', 'bibendum felis sed', true, 270, 170);
insert into meeting (meetingId, timestamp, topic, isVirtual, therapistId, userId) values (10171, null, 'tellus nisi eu orci mauris lacinia', null, 271, 171);
insert into meeting (meetingId, timestamp, topic, isVirtual, therapistId, userId) values (10172, '2023-09-12', 'in', false, 272, 172);
insert into meeting (meetingId, timestamp, topic, isVirtual, therapistId, userId) values (10173, '2023-09-29', 'consequat in consequat ut nulla sed accumsan felis', true, 273, 173);
insert into meeting (meetingId, timestamp, topic, isVirtual, therapistId, userId) values (10174, '2023-10-28', 'imperdiet nullam orci pede venenatis non', true, 274, 174);
insert into meeting (meetingId, timestamp, topic, isVirtual, therapistId, userId) values (10175, '2024-03-27', 'nullam orci pede venenatis non sodales sed', false, 275, 175);
insert into meeting (meetingId, timestamp, topic, isVirtual, therapistId, userId) values (10176, '2023-11-12', 'quam', true, 276, 176);
insert into meeting (meetingId, timestamp, topic, isVirtual, therapistId, userId) values (10177, null, 'volutpat', null, 277, 177);
insert into meeting (meetingId, timestamp, topic, isVirtual, therapistId, userId) values (10178, '2023-05-24', '', false, 278, 178);
insert into meeting (meetingId, timestamp, topic, isVirtual, therapistId, userId) values (10179, '2024-04-06', 'ut volutpat sapien arcu sed augue', false, 279, 179);
insert into meeting (meetingId, timestamp, topic, isVirtual, therapistId, userId) values (10180, '2023-08-15', 'curabitur convallis duis consequat dui nec nisi volutpat eleifend', true, 280, 180);
insert into meeting (meetingId, timestamp, topic, isVirtual, therapistId, userId) values (10181, '2024-01-13', 'vivamus tortor duis mattis egestas metus aenean fermentum', false, 281, 181);
insert into meeting (meetingId, timestamp, topic, isVirtual, therapistId, userId) values (10182, null, '', null, 282, 182);
insert into meeting (meetingId, timestamp, topic, isVirtual, therapistId, userId) values (10183, '2023-12-20', 'tincidunt lacus', true, 283, 183);
insert into meeting (meetingId, timestamp, topic, isVirtual, therapistId, userId) values (10184, '2024-01-05', 'magnis dis parturient montes nascetur ridiculus mus vivamus vestibulum', false, 284, 184);
insert into meeting (meetingId, timestamp, topic, isVirtual, therapistId, userId) values (10185, '2023-12-20', 'mauris laoreet ut rhoncus aliquet pulvinar', null, 285, 185);
insert into meeting (meetingId, timestamp, topic, isVirtual, therapistId, userId) values (10186, '2024-01-09', 'vel nisl duis ac nibh fusce', true, 286, 186);
insert into meeting (meetingId, timestamp, topic, isVirtual, therapistId, userId) values (10187, '2023-10-22', 'neque sapien', true, 287, 187);
insert into meeting (meetingId, timestamp, topic, isVirtual, therapistId, userId) values (10188, '2023-11-15', 'maecenas tincidunt lacus at velit', true, 288, 188);
insert into meeting (meetingId, timestamp, topic, isVirtual, therapistId, userId) values (10189, '2024-03-16', 'in sagittis dui', true, 289, 189);
insert into meeting (meetingId, timestamp, topic, isVirtual, therapistId, userId) values (10190, '2024-03-04', 'feugiat et eros vestibulum ac est lacinia nisi', null, 290, 190);
insert into meeting (meetingId, timestamp, topic, isVirtual, therapistId, userId) values (10191, null, 'rutrum rutrum neque aenean auctor', true, 291, 191);
insert into meeting (meetingId, timestamp, topic, isVirtual, therapistId, userId) values (10192, '2023-09-09', 'cursus id turpis integer aliquet massa id', false, 292, 192);
insert into meeting (meetingId, timestamp, topic, isVirtual, therapistId, userId) values (10193, '2024-04-07', 'integer', false, 293, 193);
insert into meeting (meetingId, timestamp, topic, isVirtual, therapistId, userId) values (10194, '2024-01-05', 'urna ut tellus nulla ut erat id', true, 294, 194);
insert into meeting (meetingId, timestamp, topic, isVirtual, therapistId, userId) values (10195, '2023-07-15', 'feugiat non pretium', false, 295, 195);
insert into meeting (meetingId, timestamp, topic, isVirtual, therapistId, userId) values (10196, '2024-03-14', 'metus aenean fermentum donec', true, 296, 196);
insert into meeting (meetingId, timestamp, topic, isVirtual, therapistId, userId) values (10197, '2023-10-16', 'donec vitae nisi', false, 297, 197);
insert into meeting (meetingId, timestamp, topic, isVirtual, therapistId, userId) values (10198, null, 'fermentum donec', false, 298, 198);
insert into meeting (meetingId, timestamp, topic, isVirtual, therapistId, userId) values (10199, '2024-03-28', '', true, 299, 199);
insert into meeting (meetingId, timestamp, topic, isVirtual, therapistId, userId) values (10200, null, 'augue luctus tincidunt nulla mollis molestie', false, 300, 200);








insert into subscription (userId, subscriptionId, subscriptionType, price, startDate) values (1, 100000001, 'enim', 0.04, '2023-12-11');
insert into subscription (userId, subscriptionId, subscriptionType, price, startDate) values (2, 100000002, 'in', 13.82, '2023-11-02');
insert into subscription (userId, subscriptionId, subscriptionType, price, startDate) values (3, 100000003, 'vehicula', 9.21, '2023-10-27');
insert into subscription (userId, subscriptionId, subscriptionType, price, startDate) values (4, 100000004, 'eget', 19.02, '2023-04-10');
insert into subscription (userId, subscriptionId, subscriptionType, price, startDate) values (5, 100000005, 'est', 18.8, '2023-02-26');
insert into subscription (userId, subscriptionId, subscriptionType, price, startDate) values (6, 100000006, 'libero', 17.32, '2023-03-03');
insert into subscription (userId, subscriptionId, subscriptionType, price, startDate) values (7, 100000007, 'blandit', 19.31, '2022-07-27');
insert into subscription (userId, subscriptionId, subscriptionType, price, startDate) values (8, 100000008, 'tortor', 3.28, '2023-04-06');
insert into subscription (userId, subscriptionId, subscriptionType, price, startDate) values (9, 100000009, 'justo', 4.09, '2023-04-22');
insert into subscription (userId, subscriptionId, subscriptionType, price, startDate) values (10, 100000010, 'interdum', 5.02, '2024-01-20');
insert into subscription (userId, subscriptionId, subscriptionType, price, startDate) values (11, 100000011, 'sit', 17.48, '2022-10-03');
insert into subscription (userId, subscriptionId, subscriptionType, price, startDate) values (12, 100000012, 'congue', 8.89, '2023-08-22');
insert into subscription (userId, subscriptionId, subscriptionType, price, startDate) values (13, 100000013, 'luctus', 18.8, '2022-11-22');
insert into subscription (userId, subscriptionId, subscriptionType, price, startDate) values (14, 100000014, 'sapien', 13.29, '2022-06-10');
insert into subscription (userId, subscriptionId, subscriptionType, price, startDate) values (15, 100000015, 'massa', 2.34, '2023-05-02');
insert into subscription (userId, subscriptionId, subscriptionType, price, startDate) values (16, 100000016, 'blandit', 19.4, '2023-03-19');
insert into subscription (userId, subscriptionId, subscriptionType, price, startDate) values (17, 100000017, 'neque', 11.3, '2023-03-31');
insert into subscription (userId, subscriptionId, subscriptionType, price, startDate) values (18, 100000018, 'scelerisque', 18.17, '2022-11-26');
insert into subscription (userId, subscriptionId, subscriptionType, price, startDate) values (19, 100000019, 'in', 3.24, '2023-11-10');
insert into subscription (userId, subscriptionId, subscriptionType, price, startDate) values (20, 100000020, 'pede', 11.81, '2024-03-24');
insert into subscription (userId, subscriptionId, subscriptionType, price, startDate) values (21, 100000021, 'nec', 9.58, '2024-02-08');
insert into subscription (userId, subscriptionId, subscriptionType, price, startDate) values (22, 100000022, 'sit', 11.51, '2023-04-29');
insert into subscription (userId, subscriptionId, subscriptionType, price, startDate) values (23, 100000023, 'cubilia', 10.67, '2022-08-03');
insert into subscription (userId, subscriptionId, subscriptionType, price, startDate) values (24, 100000024, 'aenean', 1.41, '2024-02-02');
insert into subscription (userId, subscriptionId, subscriptionType, price, startDate) values (25, 100000025, 'sit', 5.39, '2022-04-18');
insert into subscription (userId, subscriptionId, subscriptionType, price, startDate) values (26, 100000026, 'pellentesque', 12.16, '2022-11-13');
insert into subscription (userId, subscriptionId, subscriptionType, price, startDate) values (27, 100000027, 'vestibulum', 9.84, '2024-01-02');
insert into subscription (userId, subscriptionId, subscriptionType, price, startDate) values (28, 100000028, 'justo', 8.99, '2023-04-25');
insert into subscription (userId, subscriptionId, subscriptionType, price, startDate) values (29, 100000029, 'luctus', 5.93, '2022-08-22');
insert into subscription (userId, subscriptionId, subscriptionType, price, startDate) values (30, 100000030, 'ultrices', 3.88, '2023-09-15');
insert into subscription (userId, subscriptionId, subscriptionType, price, startDate) values (31, 100000031, 'erat', 3.33, '2023-05-26');
insert into subscription (userId, subscriptionId, subscriptionType, price, startDate) values (32, 100000032, 'neque', 2.03, '2024-02-07');
insert into subscription (userId, subscriptionId, subscriptionType, price, startDate) values (33, 100000033, 'purus', 11.17, '2023-02-21');
insert into subscription (userId, subscriptionId, subscriptionType, price, startDate) values (34, 100000034, 'vivamus', 3.27, '2022-11-12');
insert into subscription (userId, subscriptionId, subscriptionType, price, startDate) values (35, 100000035, 'in', 3.0, '2022-12-02');
insert into subscription (userId, subscriptionId, subscriptionType, price, startDate) values (36, 100000036, 'in', 10.26, '2022-11-29');
insert into subscription (userId, subscriptionId, subscriptionType, price, startDate) values (37, 100000037, 'integer', 0.23, '2023-12-15');
insert into subscription (userId, subscriptionId, subscriptionType, price, startDate) values (38, 100000038, 'nibh', 10.59, '2022-12-30');
insert into subscription (userId, subscriptionId, subscriptionType, price, startDate) values (39, 100000039, 'adipiscing', 9.67, '2023-09-01');
insert into subscription (userId, subscriptionId, subscriptionType, price, startDate) values (40, 100000040, 'congue', 10.34, '2022-04-23');
insert into subscription (userId, subscriptionId, subscriptionType, price, startDate) values (41, 100000041, 'quis', 9.05, '2022-09-05');
insert into subscription (userId, subscriptionId, subscriptionType, price, startDate) values (42, 100000042, 'odio', 12.38, '2022-09-19');
insert into subscription (userId, subscriptionId, subscriptionType, price, startDate) values (43, 100000043, 'aliquam', 18.18, '2024-02-23');
insert into subscription (userId, subscriptionId, subscriptionType, price, startDate) values (44, 100000044, 'primis', 19.2, '2023-08-31');
insert into subscription (userId, subscriptionId, subscriptionType, price, startDate) values (45, 100000045, 'diam', 13.39, '2023-04-02');
insert into subscription (userId, subscriptionId, subscriptionType, price, startDate) values (46, 100000046, 'tortor', 5.15, '2022-10-12');
insert into subscription (userId, subscriptionId, subscriptionType, price, startDate) values (47, 100000047, 'arcu', 7.65, '2023-10-30');
insert into subscription (userId, subscriptionId, subscriptionType, price, startDate) values (48, 100000048, 'posuere', 19.48, '2022-07-30');
insert into subscription (userId, subscriptionId, subscriptionType, price, startDate) values (49, 100000049, 'suscipit', 3.25, '2022-06-30');
insert into subscription (userId, subscriptionId, subscriptionType, price, startDate) values (50, 100000050, 'in', 10.11, '2022-08-06');
insert into subscription (userId, subscriptionId, subscriptionType, price, startDate) values (51, 100000051, 'sollicitudin', 0.0, '2024-02-25');
insert into subscription (userId, subscriptionId, subscriptionType, price, startDate) values (52, 100000052, 'ante', 4.48, '2023-08-02');
insert into subscription (userId, subscriptionId, subscriptionType, price, startDate) values (53, 100000053, 'vulputate', 3.3, '2023-05-27');
insert into subscription (userId, subscriptionId, subscriptionType, price, startDate) values (54, 100000054, 'dui', 1.03, '2023-01-22');
insert into subscription (userId, subscriptionId, subscriptionType, price, startDate) values (55, 100000055, 'nisi', 6.01, '2022-04-29');
insert into subscription (userId, subscriptionId, subscriptionType, price, startDate) values (56, 100000056, 'justo', 14.41, '2024-04-12');
insert into subscription (userId, subscriptionId, subscriptionType, price, startDate) values (57, 100000057, 'luctus', 17.21, '2022-08-11');
insert into subscription (userId, subscriptionId, subscriptionType, price, startDate) values (58, 100000058, 'elementum', 6.84, '2023-10-24');
insert into subscription (userId, subscriptionId, subscriptionType, price, startDate) values (59, 100000059, 'mauris', 10.71, '2022-11-22');
insert into subscription (userId, subscriptionId, subscriptionType, price, startDate) values (60, 100000060, 'eu', 19.08, '2022-11-29');







insert into suggestions (sugId, description, therapistId, userId) values (10001, 'eget tempus vel pede morbi porttitor lorem id ligula suspendisse ornare', 101, 1);
insert into suggestions (sugId, description, therapistId, userId) values (10002, null, null, 2);
insert into suggestions (sugId, description, therapistId, userId) values (10003, 'bibendum imperdiet nullam orci pede venenatis non sodales sed tincidunt eu felis fusce', 103, 3);
insert into suggestions (sugId, description, therapistId, userId) values (10004, null, 104, 4);
insert into suggestions (sugId, description, therapistId, userId) values (10005, 'pede venenatis non sodales sed tincidunt eu felis fusce posuere felis', 105, 5);
insert into suggestions (sugId, description, therapistId, userId) values (10006, 'felis sed lacus morbi sem mauris laoreet ut rhoncus aliquet pulvinar sed nisl nunc rhoncus dui vel sem sed sagittis', 106, 6);
insert into suggestions (sugId, description, therapistId, userId) values (10007, 'sed vestibulum sit amet cursus id turpis integer aliquet massa id lobortis convallis tortor risus dapibus augue vel accumsan', 107, 7);
insert into suggestions (sugId, description, therapistId, userId) values (10008, 'lacus morbi quis tortor id nulla ultrices aliquet maecenas leo odio condimentum id luctus', 108, 8);
insert into suggestions (sugId, description, therapistId, userId) values (10009, null, 109, 9);
insert into suggestions (sugId, description, therapistId, userId) values (10010, 'phasellus sit amet erat nulla tempus vivamus in felis eu sapien cursus', 110, 10);
insert into suggestions (sugId, description, therapistId, userId) values (10011, null, 111, 11);
insert into suggestions (sugId, description, therapistId, userId) values (10012, 'luctus nec molestie sed justo pellentesque viverra pede ac diam cras pellentesque volutpat', 112, 12);
insert into suggestions (sugId, description, therapistId, userId) values (10013, 'pellentesque viverra pede ac diam cras pellentesque volutpat dui maecenas', 113, 13);
insert into suggestions (sugId, description, therapistId, userId) values (10014, null, 114, 14);
insert into suggestions (sugId, description, therapistId, userId) values (10015, 'purus phasellus in felis donec semper sapien a libero nam dui proin leo odio', 115, 15);
insert into suggestions (sugId, description, therapistId, userId) values (10016, 'ligula pellentesque ultrices phasellus id sapien in sapien iaculis congue vivamus metus arcu adipiscing molestie', 116, 16);
insert into suggestions (sugId, description, therapistId, userId) values (10017, 'ultrices posuere cubilia curae donec pharetra magna vestibulum aliquet ultrices erat tortor sollicitudin mi sit amet', 117, 17);
insert into suggestions (sugId, description, therapistId, userId) values (10018, null, 118, 18);
insert into suggestions (sugId, description, therapistId, userId) values (10019, 'est quam pharetra magna ac consequat metus sapien ut nunc', 119, 19);
insert into suggestions (sugId, description, therapistId, userId) values (10020, null, 120, 20);
insert into suggestions (sugId, description, therapistId, userId) values (10021, 'lacinia nisi venenatis tristique fusce congue diam id ornare imperdiet', 121, 21);
insert into suggestions (sugId, description, therapistId, userId) values (10022, 'molestie hendrerit at vulputate vitae nisl aenean lectus pellentesque eget nunc donec', 122, 22);
insert into suggestions (sugId, description, therapistId, userId) values (10023, 'porttitor lorem id ligula suspendisse ornare consequat lectus in est risus auctor sed tristique in tempus sit', 123, 23);
insert into suggestions (sugId, description, therapistId, userId) values (10024, 'at nulla suspendisse potenti cras in purus eu magna vulputate luctus cum sociis natoque penatibus', 124, 24);
insert into suggestions (sugId, description, therapistId, userId) values (10025, 'lectus pellentesque eget nunc donec quis orci eget orci vehicula condimentum', 125, 25);
insert into suggestions (sugId, description, therapistId, userId) values (10026, 'ac consequat metus sapien ut nunc vestibulum ante ipsum primis in faucibus orci luctus et ultrices posuere', 126, 26);
insert into suggestions (sugId, description, therapistId, userId) values (10027, 'eleifend luctus ultricies eu nibh quisque id justo sit amet sapien dignissim', null, 27);
insert into suggestions (sugId, description, therapistId, userId) values (10028, 'aliquet pulvinar sed nisl nunc rhoncus dui vel sem sed sagittis nam congue risus semper porta volutpat quam pede', null, 28);
insert into suggestions (sugId, description, therapistId, userId) values (10029, 'a libero nam dui proin leo odio porttitor id consequat in consequat', 129, 29);
insert into suggestions (sugId, description, therapistId, userId) values (10030, 'erat quisque erat eros viverra eget congue eget semper rutrum nulla nunc purus phasellus in felis', 130, 30);
insert into suggestions (sugId, description, therapistId, userId) values (10031, 'vel augue vestibulum rutrum rutrum neque aenean auctor gravida sem', 131, 31);
insert into suggestions (sugId, description, therapistId, userId) values (10032, 'justo pellentesque viverra pede ac diam cras pellentesque volutpat dui maecenas tristique est et tempus semper est quam', 132, 32);
insert into suggestions (sugId, description, therapistId, userId) values (10033, null, 133, 33);
insert into suggestions (sugId, description, therapistId, userId) values (10034, 'at ipsum ac tellus semper interdum mauris ullamcorper purus sit amet nulla quisque arcu libero rutrum ac lobortis', 134, 34);
insert into suggestions (sugId, description, therapistId, userId) values (10035, 'ac diam cras pellentesque volutpat dui maecenas tristique est et tempus semper', 135, 35);
insert into suggestions (sugId, description, therapistId, userId) values (10036, null, 136, 36);
insert into suggestions (sugId, description, therapistId, userId) values (10037, 'faucibus cursus urna ut tellus nulla ut erat id mauris vulputate elementum nullam varius nulla facilisi', 137, 37);
insert into suggestions (sugId, description, therapistId, userId) values (10038, 'lacus curabitur at ipsum ac tellus semper interdum mauris ullamcorper purus sit amet nulla quisque arcu libero rutrum', 138, 38);
insert into suggestions (sugId, description, therapistId, userId) values (10039, null, 139, 39);
insert into suggestions (sugId, description, therapistId, userId) values (10040, 'vestibulum sagittis sapien cum sociis natoque penatibus et magnis dis parturient montes nascetur ridiculus mus etiam vel augue', 140, 40);
insert into suggestions (sugId, description, therapistId, userId) values (10041, null, 141, 41);
insert into suggestions (sugId, description, therapistId, userId) values (10042, 'arcu sed augue aliquam erat volutpat in congue etiam justo', 142, 42);
insert into suggestions (sugId, description, therapistId, userId) values (10043, 'felis ut at dolor quis odio consequat varius integer ac leo', 143, 43);
insert into suggestions (sugId, description, therapistId, userId) values (10044, null, 144, 44);
insert into suggestions (sugId, description, therapistId, userId) values (10045, 'felis donec semper sapien a libero nam dui proin leo odio porttitor id consequat in consequat ut nulla sed', 145, 45);
insert into suggestions (sugId, description, therapistId, userId) values (10046, 'cursus id turpis integer aliquet massa id lobortis convallis tortor', 146, 46);
insert into suggestions (sugId, description, therapistId, userId) values (10047, 'in quis justo maecenas rhoncus aliquam lacus morbi quis tortor id nulla ultrices aliquet maecenas leo odio condimentum id', 147, 47);
insert into suggestions (sugId, description, therapistId, userId) values (10048, null, 148, 48);
insert into suggestions (sugId, description, therapistId, userId) values (10049, 'dui vel nisl duis ac nibh fusce lacus purus aliquet at feugiat non pretium quis', 149, 49);
insert into suggestions (sugId, description, therapistId, userId) values (10050, 'aenean lectus pellentesque eget nunc donec quis orci eget orci vehicula condimentum curabitur in libero ut massa volutpat', 150, 50);
insert into suggestions (sugId, description, therapistId, userId) values (10051, null, 151, 51);
insert into suggestions (sugId, description, therapistId, userId) values (10052, 'consequat lectus in est risus auctor sed tristique in tempus sit amet', 152, 52);
insert into suggestions (sugId, description, therapistId, userId) values (10053, 'sem praesent id massa id nisl venenatis lacinia aenean sit amet justo morbi ut odio', null, 53);
insert into suggestions (sugId, description, therapistId, userId) values (10054, 'justo maecenas rhoncus aliquam lacus morbi quis tortor id nulla ultrices aliquet maecenas', 154, 54);
insert into suggestions (sugId, description, therapistId, userId) values (10055, 'sit amet nulla quisque arcu libero rutrum ac lobortis vel dapibus at diam nam tristique tortor eu', 155, 55);
insert into suggestions (sugId, description, therapistId, userId) values (10056, 'aliquam non mauris morbi non lectus aliquam sit amet diam in magna bibendum imperdiet nullam orci pede venenatis', null, 56);
insert into suggestions (sugId, description, therapistId, userId) values (10057, 'est lacinia nisi venenatis tristique fusce congue diam id ornare imperdiet sapien', null, 57);
insert into suggestions (sugId, description, therapistId, userId) values (10058, 'phasellus sit amet erat nulla tempus vivamus in felis eu sapien', 158, 58);
insert into suggestions (sugId, description, therapistId, userId) values (10059, null, 159, 59);
insert into suggestions (sugId, description, therapistId, userId) values (10060, null, 160, 60);
insert into suggestions (sugId, description, therapistId, userId) values (10061, 'purus aliquet at feugiat non pretium quis lectus suspendisse potenti in eleifend quam a odio', 161, 61);
insert into suggestions (sugId, description, therapistId, userId) values (10062, null, 162, 62);
insert into suggestions (sugId, description, therapistId, userId) values (10063, 'sapien dignissim vestibulum vestibulum ante ipsum primis in faucibus orci luctus et ultrices posuere cubilia curae', 163, 63);
insert into suggestions (sugId, description, therapistId, userId) values (10064, 'cum sociis natoque penatibus et magnis dis parturient montes nascetur ridiculus mus etiam vel augue', 164, 64);
insert into suggestions (sugId, description, therapistId, userId) values (10065, 'consequat in consequat ut nulla sed accumsan felis ut at', 165, 65);
insert into suggestions (sugId, description, therapistId, userId) values (10066, 'fringilla rhoncus mauris enim leo rhoncus sed vestibulum sit amet cursus id turpis integer aliquet massa id lobortis convallis tortor', 166, 66);
insert into suggestions (sugId, description, therapistId, userId) values (10067, 'accumsan felis ut at dolor quis odio consequat varius integer ac leo', 167, 67);
insert into suggestions (sugId, description, therapistId, userId) values (10068, 'lectus aliquam sit amet diam in magna bibendum imperdiet nullam orci pede venenatis non sodales sed tincidunt', 168, 68);
insert into suggestions (sugId, description, therapistId, userId) values (10069, 'cras in purus eu magna vulputate luctus cum sociis natoque penatibus et magnis dis parturient montes', 169, 69);
insert into suggestions (sugId, description, therapistId, userId) values (10070, 'montes nascetur ridiculus mus etiam vel augue vestibulum rutrum rutrum', 170, 70);
insert into suggestions (sugId, description, therapistId, userId) values (10071, 'eu orci mauris lacinia sapien quis libero nullam sit amet turpis elementum ligula vehicula consequat morbi', 171, 71);
insert into suggestions (sugId, description, therapistId, userId) values (10072, 'dui vel nisl duis ac nibh fusce lacus purus aliquet at feugiat non pretium quis lectus suspendisse potenti in', null, 72);
insert into suggestions (sugId, description, therapistId, userId) values (10073, 'purus aliquet at feugiat non pretium quis lectus suspendisse potenti', 173, 73);
insert into suggestions (sugId, description, therapistId, userId) values (10074, null, 174, 74);
insert into suggestions (sugId, description, therapistId, userId) values (10075, null, null, 75);
insert into suggestions (sugId, description, therapistId, userId) values (10076, 'at velit eu est congue elementum in hac habitasse platea dictumst morbi vestibulum velit id pretium iaculis diam', 176, 76);
insert into suggestions (sugId, description, therapistId, userId) values (10077, 'dui luctus rutrum nulla tellus in sagittis dui vel nisl duis ac nibh fusce lacus purus aliquet at feugiat non', 177, 77);
insert into suggestions (sugId, description, therapistId, userId) values (10078, 'quis tortor id nulla ultrices aliquet maecenas leo odio condimentum id luctus nec molestie', 178, 78);
insert into suggestions (sugId, description, therapistId, userId) values (10079, null, 179, 79);
insert into suggestions (sugId, description, therapistId, userId) values (10080, 'eget semper rutrum nulla nunc purus phasellus in felis donec semper sapien a libero nam dui proin', 180, 80);
insert into suggestions (sugId, description, therapistId, userId) values (10081, 'sit amet consectetuer adipiscing elit proin interdum mauris non ligula pellentesque ultrices phasellus id sapien in sapien iaculis', 181, 81);
insert into suggestions (sugId, description, therapistId, userId) values (10082, 'sagittis dui vel nisl duis ac nibh fusce lacus purus aliquet at feugiat non pretium quis lectus suspendisse', null, 82);
insert into suggestions (sugId, description, therapistId, userId) values (10083, 'nulla nisl nunc nisl duis bibendum felis sed interdum venenatis turpis enim blandit', 183, 83);
insert into suggestions (sugId, description, therapistId, userId) values (10084, 'erat tortor sollicitudin mi sit amet lobortis sapien sapien non mi integer', 184, 84);
insert into suggestions (sugId, description, therapistId, userId) values (10085, 'erat quisque erat eros viverra eget congue eget semper rutrum', 185, 85);
insert into suggestions (sugId, description, therapistId, userId) values (10086, 'ut massa volutpat convallis morbi odio odio elementum eu interdum', 186, 86);
insert into suggestions (sugId, description, therapistId, userId) values (10087, null, 187, 87);
insert into suggestions (sugId, description, therapistId, userId) values (10088, 'eu felis fusce posuere felis sed lacus morbi sem mauris laoreet', 188, 88);
insert into suggestions (sugId, description, therapistId, userId) values (10089, null, null, 89);
insert into suggestions (sugId, description, therapistId, userId) values (10090, null, 190, 90);
insert into suggestions (sugId, description, therapistId, userId) values (10091, 'etiam pretium iaculis justo in hac habitasse platea dictumst etiam', 191, 91);
insert into suggestions (sugId, description, therapistId, userId) values (10092, 'nulla ut erat id mauris vulputate elementum nullam varius nulla', 192, 92);
insert into suggestions (sugId, description, therapistId, userId) values (10093, 'rutrum neque aenean auctor gravida sem praesent id massa id nisl', 193, 93);
insert into suggestions (sugId, description, therapistId, userId) values (10094, 'elementum nullam varius nulla facilisi cras non velit nec nisi vulputate nonummy', 194, 94);
insert into suggestions (sugId, description, therapistId, userId) values (10095, 'dictumst etiam faucibus cursus urna ut tellus nulla ut erat id mauris vulputate elementum nullam', 195, 95);
insert into suggestions (sugId, description, therapistId, userId) values (10096, null, null, 96);
insert into suggestions (sugId, description, therapistId, userId) values (10097, 'ultrices phasellus id sapien in sapien iaculis congue vivamus metus arcu adipiscing molestie hendrerit at vulputate vitae nisl', 197, 97);
insert into suggestions (sugId, description, therapistId, userId) values (10098, 'in hac habitasse platea dictumst etiam faucibus cursus urna ut tellus nulla ut erat id mauris vulputate', 198, 98);
insert into suggestions (sugId, description, therapistId, userId) values (10099, null, 199, 99);
insert into suggestions (sugId, description, therapistId, userId) values (10100, 'dui luctus rutrum nulla tellus in sagittis dui vel nisl duis ac nibh fusce lacus purus aliquet at', 200, 100);
insert into suggestions (sugId, description, therapistId, userId) values (10101, 'arcu sed augue aliquam erat volutpat in congue etiam justo', 201, 101);
insert into suggestions (sugId, description, therapistId, userId) values (10102, null, null, 102);
insert into suggestions (sugId, description, therapistId, userId) values (10103, null, 203, 103);
insert into suggestions (sugId, description, therapistId, userId) values (10104, 'neque aenean auctor gravida sem praesent id massa id nisl venenatis lacinia aenean sit amet justo morbi ut odio', 204, 104);
insert into suggestions (sugId, description, therapistId, userId) values (10105, 'nulla elit ac nulla sed vel enim sit amet nunc viverra dapibus nulla suscipit ligula in lacus curabitur at ipsum', 205, 105);
insert into suggestions (sugId, description, therapistId, userId) values (10106, 'interdum eu tincidunt in leo maecenas pulvinar lobortis est phasellus sit amet erat nulla tempus vivamus in felis', 206, 106);
insert into suggestions (sugId, description, therapistId, userId) values (10107, 'donec quis orci eget orci vehicula condimentum curabitur in libero ut massa volutpat convallis morbi odio odio elementum', null, 107);
insert into suggestions (sugId, description, therapistId, userId) values (10108, null, 208, 108);
insert into suggestions (sugId, description, therapistId, userId) values (10109, 'lobortis convallis tortor risus dapibus augue vel accumsan tellus nisi eu orci mauris', 209, 109);
insert into suggestions (sugId, description, therapistId, userId) values (10110, null, 210, 110);
insert into suggestions (sugId, description, therapistId, userId) values (10111, 'praesent id massa id nisl venenatis lacinia aenean sit amet justo morbi ut odio cras mi pede malesuada in imperdiet', 211, 111);
insert into suggestions (sugId, description, therapistId, userId) values (10112, 'mauris laoreet ut rhoncus aliquet pulvinar sed nisl nunc rhoncus dui vel sem', null, 112);
insert into suggestions (sugId, description, therapistId, userId) values (10113, 'morbi sem mauris laoreet ut rhoncus aliquet pulvinar sed nisl nunc rhoncus dui vel sem', 213, 113);
insert into suggestions (sugId, description, therapistId, userId) values (10114, 'turpis donec posuere metus vitae ipsum aliquam non mauris morbi non lectus aliquam sit amet', 214, 114);
insert into suggestions (sugId, description, therapistId, userId) values (10115, 'dui vel nisl duis ac nibh fusce lacus purus aliquet at feugiat non pretium quis lectus suspendisse', 215, 115);
insert into suggestions (sugId, description, therapistId, userId) values (10116, 'morbi sem mauris laoreet ut rhoncus aliquet pulvinar sed nisl nunc rhoncus dui', 216, 116);
insert into suggestions (sugId, description, therapistId, userId) values (10117, 'ultrices posuere cubilia curae nulla dapibus dolor vel est donec odio justo sollicitudin ut suscipit a', 217, 117);
insert into suggestions (sugId, description, therapistId, userId) values (10118, 'ipsum integer a nibh in quis justo maecenas rhoncus aliquam lacus morbi quis', 218, 118);
insert into suggestions (sugId, description, therapistId, userId) values (10119, null, 219, 119);
insert into suggestions (sugId, description, therapistId, userId) values (10120, null, 220, 120);
insert into suggestions (sugId, description, therapistId, userId) values (10121, null, 221, 121);
insert into suggestions (sugId, description, therapistId, userId) values (10122, 'dolor sit amet consectetuer adipiscing elit proin risus praesent lectus vestibulum quam', 222, 122);
insert into suggestions (sugId, description, therapistId, userId) values (10123, 'enim leo rhoncus sed vestibulum sit amet cursus id turpis integer aliquet massa id lobortis', null, 123);
insert into suggestions (sugId, description, therapistId, userId) values (10124, null, 224, 124);
insert into suggestions (sugId, description, therapistId, userId) values (10125, 'luctus cum sociis natoque penatibus et magnis dis parturient montes nascetur ridiculus', 225, 125);
insert into suggestions (sugId, description, therapistId, userId) values (10126, 'porttitor lorem id ligula suspendisse ornare consequat lectus in est risus auctor sed tristique in tempus', 226, 126);
insert into suggestions (sugId, description, therapistId, userId) values (10127, 'erat fermentum justo nec condimentum neque sapien placerat ante nulla justo aliquam quis turpis eget elit sodales scelerisque mauris sit', 227, 127);
insert into suggestions (sugId, description, therapistId, userId) values (10128, 'in consequat ut nulla sed accumsan felis ut at dolor quis odio consequat varius integer', null, 128);
insert into suggestions (sugId, description, therapistId, userId) values (10129, null, 229, 129);
insert into suggestions (sugId, description, therapistId, userId) values (10130, 'magnis dis parturient montes nascetur ridiculus mus vivamus vestibulum sagittis', 230, 130);
insert into suggestions (sugId, description, therapistId, userId) values (10131, null, 231, 131);
insert into suggestions (sugId, description, therapistId, userId) values (10132, null, 232, 132);
insert into suggestions (sugId, description, therapistId, userId) values (10133, null, 233, 133);
insert into suggestions (sugId, description, therapistId, userId) values (10134, null, 234, 134);
insert into suggestions (sugId, description, therapistId, userId) values (10135, 'et ultrices posuere cubilia curae duis faucibus accumsan odio curabitur convallis duis consequat dui nec nisi volutpat eleifend donec', 235, 135);
insert into suggestions (sugId, description, therapistId, userId) values (10136, 'imperdiet nullam orci pede venenatis non sodales sed tincidunt eu felis fusce posuere felis sed lacus morbi sem mauris laoreet', 236, 136);
insert into suggestions (sugId, description, therapistId, userId) values (10137, 'ligula pellentesque ultrices phasellus id sapien in sapien iaculis congue vivamus metus', 237, 137);
insert into suggestions (sugId, description, therapistId, userId) values (10138, null, 238, 138);
insert into suggestions (sugId, description, therapistId, userId) values (10139, 'volutpat in congue etiam justo etiam pretium iaculis justo in hac habitasse platea', 239, 139);
insert into suggestions (sugId, description, therapistId, userId) values (10140, 'nulla nisl nunc nisl duis bibendum felis sed interdum venenatis turpis enim', 240, 140);
insert into suggestions (sugId, description, therapistId, userId) values (10141, 'et ultrices posuere cubilia curae mauris viverra diam vitae quam suspendisse potenti nullam porttitor lacus at turpis donec', 241, 141);
insert into suggestions (sugId, description, therapistId, userId) values (10142, 'sapien cum sociis natoque penatibus et magnis dis parturient montes nascetur ridiculus mus', 242, 142);
insert into suggestions (sugId, description, therapistId, userId) values (10143, null, 243, 143);
insert into suggestions (sugId, description, therapistId, userId) values (10144, 'ut odio cras mi pede malesuada in imperdiet et commodo vulputate justo in', 244, 144);
insert into suggestions (sugId, description, therapistId, userId) values (10145, 'ornare consequat lectus in est risus auctor sed tristique in tempus', 245, 145);
insert into suggestions (sugId, description, therapistId, userId) values (10146, 'morbi a ipsum integer a nibh in quis justo maecenas rhoncus aliquam lacus morbi quis tortor', 246, 146);
insert into suggestions (sugId, description, therapistId, userId) values (10147, null, 247, 147);
insert into suggestions (sugId, description, therapistId, userId) values (10148, 'nibh in lectus pellentesque at nulla suspendisse potenti cras in purus eu magna vulputate luctus', 248, 148);
insert into suggestions (sugId, description, therapistId, userId) values (10149, 'sapien arcu sed augue aliquam erat volutpat in congue etiam justo etiam pretium iaculis justo in hac habitasse platea dictumst', 249, 149);
insert into suggestions (sugId, description, therapistId, userId) values (10150, 'dui vel nisl duis ac nibh fusce lacus purus aliquet at feugiat non pretium quis lectus suspendisse potenti in eleifend', 250, 150);
insert into suggestions (sugId, description, therapistId, userId) values (10151, 'suspendisse accumsan tortor quis turpis sed ante vivamus tortor duis mattis egestas metus', 251, 151);
insert into suggestions (sugId, description, therapistId, userId) values (10152, 'eget congue eget semper rutrum nulla nunc purus phasellus in felis donec semper', 252, 152);
insert into suggestions (sugId, description, therapistId, userId) values (10153, 'in lectus pellentesque at nulla suspendisse potenti cras in purus eu magna vulputate luctus cum sociis natoque', 253, 153);
insert into suggestions (sugId, description, therapistId, userId) values (10154, 'erat vestibulum sed magna at nunc commodo placerat praesent blandit', 254, 154);
insert into suggestions (sugId, description, therapistId, userId) values (10155, 'lobortis ligula sit amet eleifend pede libero quis orci nullam molestie', 255, 155);
insert into suggestions (sugId, description, therapistId, userId) values (10156, 'curabitur in libero ut massa volutpat convallis morbi odio odio elementum eu interdum eu tincidunt', 256, 156);
insert into suggestions (sugId, description, therapistId, userId) values (10157, 'sit amet eros suspendisse accumsan tortor quis turpis sed ante', 257, 157);
insert into suggestions (sugId, description, therapistId, userId) values (10158, 'volutpat sapien arcu sed augue aliquam erat volutpat in congue etiam justo', 258, 158);
insert into suggestions (sugId, description, therapistId, userId) values (10159, null, 259, 159);
insert into suggestions (sugId, description, therapistId, userId) values (10160, 'dui maecenas tristique est et tempus semper est quam pharetra magna ac consequat metus sapien ut nunc vestibulum ante', null, 160);
insert into suggestions (sugId, description, therapistId, userId) values (10161, 'rhoncus dui vel sem sed sagittis nam congue risus semper porta volutpat quam pede lobortis ligula sit', 261, 161);
insert into suggestions (sugId, description, therapistId, userId) values (10162, 'ipsum primis in faucibus orci luctus et ultrices posuere cubilia curae mauris viverra diam vitae quam suspendisse potenti nullam porttitor', 262, 162);
insert into suggestions (sugId, description, therapistId, userId) values (10163, null, 263, 163);
insert into suggestions (sugId, description, therapistId, userId) values (10164, 'faucibus orci luctus et ultrices posuere cubilia curae mauris viverra diam vitae quam suspendisse potenti nullam porttitor', 264, 164);
insert into suggestions (sugId, description, therapistId, userId) values (10165, null, 265, 165);
insert into suggestions (sugId, description, therapistId, userId) values (10166, 'fusce congue diam id ornare imperdiet sapien urna pretium nisl ut volutpat sapien arcu sed', 266, 166);
insert into suggestions (sugId, description, therapistId, userId) values (10167, 'nonummy integer non velit donec diam neque vestibulum eget vulputate ut ultrices vel augue vestibulum ante', 267, 167);
insert into suggestions (sugId, description, therapistId, userId) values (10168, null, 268, 168);
insert into suggestions (sugId, description, therapistId, userId) values (10169, 'congue etiam justo etiam pretium iaculis justo in hac habitasse platea dictumst etiam faucibus cursus', null, 169);
insert into suggestions (sugId, description, therapistId, userId) values (10170, 'ut ultrices vel augue vestibulum ante ipsum primis in faucibus orci luctus et ultrices posuere', 270, 170);
insert into suggestions (sugId, description, therapistId, userId) values (10171, null, 271, 171);
insert into suggestions (sugId, description, therapistId, userId) values (10172, 'pede justo eu massa donec dapibus duis at velit eu est congue elementum in hac habitasse platea dictumst morbi vestibulum', 272, 172);
insert into suggestions (sugId, description, therapistId, userId) values (10173, 'curae donec pharetra magna vestibulum aliquet ultrices erat tortor sollicitudin', 273, 173);
insert into suggestions (sugId, description, therapistId, userId) values (10174, 'morbi sem mauris laoreet ut rhoncus aliquet pulvinar sed nisl', null, 174);
insert into suggestions (sugId, description, therapistId, userId) values (10175, 'duis ac nibh fusce lacus purus aliquet at feugiat non', 275, 175);
insert into suggestions (sugId, description, therapistId, userId) values (10176, 'congue diam id ornare imperdiet sapien urna pretium nisl ut volutpat sapien', 276, 176);
insert into suggestions (sugId, description, therapistId, userId) values (10177, null, null, 177);
insert into suggestions (sugId, description, therapistId, userId) values (10178, 'ultrices phasellus id sapien in sapien iaculis congue vivamus metus arcu adipiscing molestie hendrerit at', 278, 178);
insert into suggestions (sugId, description, therapistId, userId) values (10179, 'ipsum primis in faucibus orci luctus et ultrices posuere cubilia curae', 279, 179);
insert into suggestions (sugId, description, therapistId, userId) values (10180, 'nunc proin at turpis a pede posuere nonummy integer non velit donec diam neque vestibulum eget vulputate ut', 280, 180);
insert into suggestions (sugId, description, therapistId, userId) values (10181, 'quis odio consequat varius integer ac leo pellentesque ultrices mattis odio donec vitae nisi nam ultrices libero', 281, 181);
insert into suggestions (sugId, description, therapistId, userId) values (10182, 'dolor sit amet consectetuer adipiscing elit proin risus praesent lectus vestibulum quam sapien varius ut blandit non interdum', 282, 182);
insert into suggestions (sugId, description, therapistId, userId) values (10183, 'a odio in hac habitasse platea dictumst maecenas ut massa quis augue', 283, 183);
insert into suggestions (sugId, description, therapistId, userId) values (10184, 'duis bibendum morbi non quam nec dui luctus rutrum nulla tellus in sagittis dui vel', 284, 184);
insert into suggestions (sugId, description, therapistId, userId) values (10185, 'in porttitor pede justo eu massa donec dapibus duis at velit eu est congue elementum in', null, 185);
insert into suggestions (sugId, description, therapistId, userId) values (10186, 'lacus at velit vivamus vel nulla eget eros elementum pellentesque quisque porta volutpat erat quisque erat eros', null, 186);
insert into suggestions (sugId, description, therapistId, userId) values (10187, 'eleifend quam a odio in hac habitasse platea dictumst maecenas ut massa quis augue luctus tincidunt nulla mollis molestie', 287, 187);
insert into suggestions (sugId, description, therapistId, userId) values (10188, 'nisi at nibh in hac habitasse platea dictumst aliquam augue quam sollicitudin', 288, 188);
insert into suggestions (sugId, description, therapistId, userId) values (10189, 'orci nullam molestie nibh in lectus pellentesque at nulla suspendisse potenti cras in purus eu magna vulputate luctus', 289, 189);
insert into suggestions (sugId, description, therapistId, userId) values (10190, 'luctus cum sociis natoque penatibus et magnis dis parturient montes nascetur ridiculus mus vivamus vestibulum sagittis', 290, 190);
insert into suggestions (sugId, description, therapistId, userId) values (10191, 'turpis enim blandit mi in porttitor pede justo eu massa donec dapibus', null, 191);
insert into suggestions (sugId, description, therapistId, userId) values (10192, 'est congue elementum in hac habitasse platea dictumst morbi vestibulum velit', 292, 192);
insert into suggestions (sugId, description, therapistId, userId) values (10193, 'posuere cubilia curae nulla dapibus dolor vel est donec odio justo sollicitudin', 293, 193);
insert into suggestions (sugId, description, therapistId, userId) values (10194, null, 294, 194);
insert into suggestions (sugId, description, therapistId, userId) values (10195, 'est quam pharetra magna ac consequat metus sapien ut nunc vestibulum ante ipsum primis in faucibus orci luctus et', 295, 195);
insert into suggestions (sugId, description, therapistId, userId) values (10196, 'convallis tortor risus dapibus augue vel accumsan tellus nisi eu orci mauris lacinia sapien quis libero', 296, 196);
insert into suggestions (sugId, description, therapistId, userId) values (10197, null, 297, 197);
insert into suggestions (sugId, description, therapistId, userId) values (10198, 'id sapien in sapien iaculis congue vivamus metus arcu adipiscing molestie hendrerit at vulputate vitae nisl aenean lectus pellentesque', 298, 198);
insert into suggestions (sugId, description, therapistId, userId) values (10199, 'elit ac nulla sed vel enim sit amet nunc viverra dapibus nulla suscipit ligula in lacus curabitur', 299, 199);
insert into suggestions (sugId, description, therapistId, userId) values (10200, 'elementum nullam varius nulla facilisi cras non velit nec nisi vulputate nonummy maecenas tincidunt lacus at velit vivamus vel', 300, 200);






insert into therapist (therapistId, firstName, lastName, email, phone) values (101, 'Marlee', 'Stackbridge', 'mstackbridge0@rambler.ru', '433-341-6761');
insert into therapist (therapistId, firstName, lastName, email, phone) values (102, 'Alwin', 'Lehmann', 'alehmann1@mozilla.com', '581-882-3097');
insert into therapist (therapistId, firstName, lastName, email, phone) values (103, 'Findlay', 'Jewiss', 'fjewiss2@youtube.com', '607-573-1073');
insert into therapist (therapistId, firstName, lastName, email, phone) values (104, 'Cass', 'Stroband', 'cstroband3@hugedomains.com', '260-730-7751');
insert into therapist (therapistId, firstName, lastName, email, phone) values (105, 'Jarrad', 'Enevold', 'jenevold4@psu.edu', '654-749-5223');
insert into therapist (therapistId, firstName, lastName, email, phone) values (106, 'Tedman', 'McMeekin', 'tmcmeekin5@omniture.com', '161-700-7697');
insert into therapist (therapistId, firstName, lastName, email, phone) values (107, 'Zitella', 'Echelle', 'zechelle6@hao123.com', '937-326-5721');
insert into therapist (therapistId, firstName, lastName, email, phone) values (108, 'Clare', 'Seman', 'cseman7@pbs.org', '542-324-9975');
insert into therapist (therapistId, firstName, lastName, email, phone) values (109, 'Rog', 'Camolli', 'rcamolli8@bravesites.com', '621-770-5379');
insert into therapist (therapistId, firstName, lastName, email, phone) values (110, 'Ulrika', 'Botright', 'ubotright9@nsw.gov.au', '231-731-8470');
insert into therapist (therapistId, firstName, lastName, email, phone) values (111, 'Lettie', 'Tillot', 'ltillota@51.la', '450-752-0148');
insert into therapist (therapistId, firstName, lastName, email, phone) values (112, 'Garek', 'Pensom', 'gpensomb@issuu.com', '944-574-3357');
insert into therapist (therapistId, firstName, lastName, email, phone) values (113, 'Kevan', 'Conkey', 'kconkeyc@digg.com', '290-345-0595');
insert into therapist (therapistId, firstName, lastName, email, phone) values (114, 'Ruben', 'Carter', 'rcarterd@jalbum.net', '135-210-1631');
insert into therapist (therapistId, firstName, lastName, email, phone) values (115, 'Gasparo', 'Conaghy', 'gconaghye@utexas.edu', '990-894-5427');
insert into therapist (therapistId, firstName, lastName, email, phone) values (116, 'Whitney', 'Dicey', 'wdiceyf@cornell.edu', '380-336-6041');
insert into therapist (therapistId, firstName, lastName, email, phone) values (117, 'Lanny', 'Caraher', 'lcaraherg@adobe.com', '583-303-0186');
insert into therapist (therapistId, firstName, lastName, email, phone) values (118, 'Clara', 'Jandl', 'cjandlh@google.com.br', '826-700-2699');
insert into therapist (therapistId, firstName, lastName, email, phone) values (119, 'Axel', 'Greenshiels', 'agreenshielsi@dedecms.com', '250-739-1916');
insert into therapist (therapistId, firstName, lastName, email, phone) values (120, 'Tiffi', 'Ludvigsen', 'tludvigsenj@123-reg.co.uk', '133-878-4178');
insert into therapist (therapistId, firstName, lastName, email, phone) values (121, 'Joseito', 'Beale', 'jbealek@yale.edu', '250-146-5779');
insert into therapist (therapistId, firstName, lastName, email, phone) values (122, 'Jo ann', 'Tolchar', 'jtolcharl@hexun.com', '874-161-7225');
insert into therapist (therapistId, firstName, lastName, email, phone) values (123, 'Keri', 'Ickov', 'kickovm@csmonitor.com', '357-866-0770');
insert into therapist (therapistId, firstName, lastName, email, phone) values (124, 'Jarrad', 'Wiffill', 'jwiffilln@miitbeian.gov.cn', '556-457-9583');
insert into therapist (therapistId, firstName, lastName, email, phone) values (125, 'Irina', 'Rogeon', 'irogeono@issuu.com', '175-608-2175');
insert into therapist (therapistId, firstName, lastName, email, phone) values (126, 'Clementina', 'Barlace', 'cbarlacep@ted.com', '612-989-3459');
insert into therapist (therapistId, firstName, lastName, email, phone) values (127, 'Brnaba', 'Nettle', 'bnettleq@taobao.com', '703-985-6832');
insert into therapist (therapistId, firstName, lastName, email, phone) values (128, 'Elvyn', 'D''Alessandro', 'edalessandror@i2i.jp', '989-335-6993');
insert into therapist (therapistId, firstName, lastName, email, phone) values (129, 'Ximenes', 'Medlin', 'xmedlins@youtu.be', '262-486-7178');
insert into therapist (therapistId, firstName, lastName, email, phone) values (130, 'Aline', 'Cambridge', 'acambridget@ucla.edu', '567-483-6623');
insert into therapist (therapistId, firstName, lastName, email, phone) values (131, 'Bernadette', 'Sipson', 'bsipsonu@spiegel.de', '344-292-2689');
insert into therapist (therapistId, firstName, lastName, email, phone) values (132, 'Kiley', 'Raun', 'kraunv@a8.net', '873-823-5486');
insert into therapist (therapistId, firstName, lastName, email, phone) values (133, 'Jenni', 'Farbrace', 'jfarbracew@stanford.edu', '354-835-2491');
insert into therapist (therapistId, firstName, lastName, email, phone) values (134, 'Doralyn', 'Kyngdon', 'dkyngdonx@paypal.com', '530-441-7639');
insert into therapist (therapistId, firstName, lastName, email, phone) values (135, 'Dee dee', 'Blaszkiewicz', 'dblaszkiewiczy@cdbaby.com', '957-136-2242');
insert into therapist (therapistId, firstName, lastName, email, phone) values (136, 'Lenna', 'Stairmand', 'lstairmandz@topsy.com', '453-116-6763');
insert into therapist (therapistId, firstName, lastName, email, phone) values (137, 'Lydon', 'Monketon', 'lmonketon10@imgur.com', '485-359-5636');
insert into therapist (therapistId, firstName, lastName, email, phone) values (138, 'Aline', 'Gribbell', 'agribbell11@biblegateway.com', '668-240-5732');
insert into therapist (therapistId, firstName, lastName, email, phone) values (139, 'Charles', 'Kroch', 'ckroch12@nature.com', '490-586-8691');
insert into therapist (therapistId, firstName, lastName, email, phone) values (140, 'Dalia', 'Hugh', 'dhugh13@mlb.com', '541-313-6321');
insert into therapist (therapistId, firstName, lastName, email, phone) values (141, 'Patrica', 'Hillaby', 'phillaby14@1688.com', '534-670-3570');
insert into therapist (therapistId, firstName, lastName, email, phone) values (142, 'Nanon', 'Allsupp', 'nallsupp15@booking.com', '351-158-6922');
insert into therapist (therapistId, firstName, lastName, email, phone) values (143, 'Harrie', 'Steven', 'hsteven16@addthis.com', '335-847-5619');
insert into therapist (therapistId, firstName, lastName, email, phone) values (144, 'Athena', 'Philson', 'aphilson17@ft.com', '215-889-8075');
insert into therapist (therapistId, firstName, lastName, email, phone) values (145, 'Aleksandr', 'Gentzsch', 'agentzsch18@is.gd', '800-477-0245');
insert into therapist (therapistId, firstName, lastName, email, phone) values (146, 'Lon', 'Signoret', 'lsignoret19@nsw.gov.au', '931-313-8234');
insert into therapist (therapistId, firstName, lastName, email, phone) values (147, 'Kylie', 'Patterson', 'kpatterson1a@scribd.com', '155-518-4436');
insert into therapist (therapistId, firstName, lastName, email, phone) values (148, 'Cherise', 'Dowey', 'cdowey1b@craigslist.org', '788-908-2821');
insert into therapist (therapistId, firstName, lastName, email, phone) values (149, 'Camille', 'Dennert', 'cdennert1c@springer.com', '990-204-3497');
insert into therapist (therapistId, firstName, lastName, email, phone) values (150, 'Katine', 'Synke', 'ksynke1d@mediafire.com', '986-473-1663');
insert into therapist (therapistId, firstName, lastName, email, phone) values (151, 'Charlene', 'Whitington', 'cwhitington1e@tumblr.com', '236-944-1043');
insert into therapist (therapistId, firstName, lastName, email, phone) values (152, 'Olivia', 'Towll', 'otowll1f@imdb.com', '849-279-0505');
insert into therapist (therapistId, firstName, lastName, email, phone) values (153, 'Giffy', 'Butner', 'gbutner1g@pcworld.com', '277-899-2765');
insert into therapist (therapistId, firstName, lastName, email, phone) values (154, 'Romy', 'Boggish', 'rboggish1h@sun.com', '728-375-0303');
insert into therapist (therapistId, firstName, lastName, email, phone) values (155, 'Thomasine', 'Mufford', 'tmufford1i@macromedia.com', '946-430-7429');
insert into therapist (therapistId, firstName, lastName, email, phone) values (156, 'Benetta', 'Abley', 'babley1j@alexa.com', '199-603-2493');
insert into therapist (therapistId, firstName, lastName, email, phone) values (157, 'Oberon', 'Ackwood', 'oackwood1k@creativecommons.org', '229-715-4946');
insert into therapist (therapistId, firstName, lastName, email, phone) values (158, 'Eleonora', 'Ryburn', 'eryburn1l@blogger.com', '546-430-3426');
insert into therapist (therapistId, firstName, lastName, email, phone) values (159, 'Andra', 'Georger', 'ageorger1m@merriam-webster.com', '138-379-1833');
insert into therapist (therapistId, firstName, lastName, email, phone) values (160, 'Jackqueline', 'Haugeh', 'jhaugeh1n@sbwire.com', '792-295-8145');
insert into therapist (therapistId, firstName, lastName, email, phone) values (161, 'Shena', 'Braime', 'sbraime1o@com.com', '327-958-3277');
insert into therapist (therapistId, firstName, lastName, email, phone) values (162, 'Thorpe', 'Burbage', 'tburbage1p@bizjournals.com', '317-245-2312');
insert into therapist (therapistId, firstName, lastName, email, phone) values (163, 'Osbourne', 'Kelcher', 'okelcher1q@census.gov', '124-826-9084');
insert into therapist (therapistId, firstName, lastName, email, phone) values (164, 'Emmy', 'Gateley', 'egateley1r@cdbaby.com', '521-482-3358');
insert into therapist (therapistId, firstName, lastName, email, phone) values (165, 'Lonee', 'Gush', 'lgush1s@seattletimes.com', '435-915-0026');
insert into therapist (therapistId, firstName, lastName, email, phone) values (166, 'Nickola', 'Gwatkin', 'ngwatkin1t@google.co.uk', '131-765-6138');
insert into therapist (therapistId, firstName, lastName, email, phone) values (167, 'Romain', 'Boagey', 'rboagey1u@fema.gov', '849-357-3441');
insert into therapist (therapistId, firstName, lastName, email, phone) values (168, 'Robinetta', 'Van der Baaren', 'rvanderbaaren1v@sciencedirect.com', '506-415-2580');
insert into therapist (therapistId, firstName, lastName, email, phone) values (169, 'Adelina', 'Vidgeon', 'avidgeon1w@networkadvertising.org', '922-474-4720');
insert into therapist (therapistId, firstName, lastName, email, phone) values (170, 'Marielle', 'Halfhyde', 'mhalfhyde1x@multiply.com', '482-249-9076');
insert into therapist (therapistId, firstName, lastName, email, phone) values (171, 'Charlie', 'Peete', 'cpeete1y@blogger.com', '941-548-5448');
insert into therapist (therapistId, firstName, lastName, email, phone) values (172, 'Gonzales', 'Glendenning', 'gglendenning1z@narod.ru', '322-880-3721');
insert into therapist (therapistId, firstName, lastName, email, phone) values (173, 'Skip', 'Geer', 'sgeer20@friendfeed.com', '983-856-1734');
insert into therapist (therapistId, firstName, lastName, email, phone) values (174, 'Eula', 'Heffernan', 'eheffernan21@prnewswire.com', '658-684-0263');
insert into therapist (therapistId, firstName, lastName, email, phone) values (175, 'Serene', 'Van Der Weedenburg', 'svanderweedenburg22@hud.gov', '924-651-1311');
insert into therapist (therapistId, firstName, lastName, email, phone) values (176, 'Anna-diana', 'Augar', 'aaugar23@businessweek.com', '901-642-5220');
insert into therapist (therapistId, firstName, lastName, email, phone) values (177, 'Katharyn', 'Hallatt', 'khallatt24@seattletimes.com', '467-176-0243');
insert into therapist (therapistId, firstName, lastName, email, phone) values (178, 'Allina', 'Forgie', 'aforgie25@symantec.com', '905-192-4829');
insert into therapist (therapistId, firstName, lastName, email, phone) values (179, 'Evey', 'Tomsett', 'etomsett26@businessweek.com', '766-602-5944');
insert into therapist (therapistId, firstName, lastName, email, phone) values (180, 'Jecho', 'Warham', 'jwarham27@skype.com', '895-155-6587');
insert into therapist (therapistId, firstName, lastName, email, phone) values (181, 'Nickolai', 'Blackborough', 'nblackborough28@ca.gov', '928-574-9823');
insert into therapist (therapistId, firstName, lastName, email, phone) values (182, 'Bobinette', 'Giorgio', 'bgiorgio29@issuu.com', '232-663-2291');
insert into therapist (therapistId, firstName, lastName, email, phone) values (183, 'Wilow', 'Jahncke', 'wjahncke2a@networkadvertising.org', '908-992-3769');
insert into therapist (therapistId, firstName, lastName, email, phone) values (184, 'Hedvige', 'Swinburn', 'hswinburn2b@wikia.com', '718-374-3757');
insert into therapist (therapistId, firstName, lastName, email, phone) values (185, 'Giffard', 'Hargreaves', 'ghargreaves2c@sitemeter.com', '304-724-4861');
insert into therapist (therapistId, firstName, lastName, email, phone) values (186, 'Gabie', 'Grinaugh', 'ggrinaugh2d@paginegialle.it', '259-832-2626');
insert into therapist (therapistId, firstName, lastName, email, phone) values (187, 'Doralin', 'Ponting', 'dponting2e@wisc.edu', '630-905-9052');
insert into therapist (therapistId, firstName, lastName, email, phone) values (188, 'Kristina', 'Pymer', 'kpymer2f@whitehouse.gov', '306-239-7690');
insert into therapist (therapistId, firstName, lastName, email, phone) values (189, 'Alisun', 'Sydall', 'asydall2g@exblog.jp', '361-574-9710');
insert into therapist (therapistId, firstName, lastName, email, phone) values (190, 'Car', 'Youster', 'cyouster2h@live.com', '348-571-8722');
insert into therapist (therapistId, firstName, lastName, email, phone) values (191, 'Grove', 'Roskelly', 'groskelly2i@printfriendly.com', '986-867-5428');
insert into therapist (therapistId, firstName, lastName, email, phone) values (192, 'Glyn', 'Sante', 'gsante2j@plala.or.jp', '931-176-0988');
insert into therapist (therapistId, firstName, lastName, email, phone) values (193, 'Stella', 'Blackborne', 'sblackborne2k@macromedia.com', '597-732-1495');
insert into therapist (therapistId, firstName, lastName, email, phone) values (194, 'Con', 'Doggrell', 'cdoggrell2l@seesaa.net', '592-910-6834');
insert into therapist (therapistId, firstName, lastName, email, phone) values (195, 'Thurston', 'Decourcy', 'tdecourcy2m@bluehost.com', '400-328-1617');
insert into therapist (therapistId, firstName, lastName, email, phone) values (196, 'Merrie', 'Mullally', 'mmullally2n@webnode.com', '967-645-8948');
insert into therapist (therapistId, firstName, lastName, email, phone) values (197, 'Kincaid', 'Backshill', 'kbackshill2o@tuttocitta.it', '727-667-0170');
insert into therapist (therapistId, firstName, lastName, email, phone) values (198, 'Henri', 'Chapelle', 'hchapelle2p@chronoengine.com', '361-116-8806');
insert into therapist (therapistId, firstName, lastName, email, phone) values (199, 'Cilka', 'Mein', 'cmein2q@youtu.be', '388-437-1254');
insert into therapist (therapistId, firstName, lastName, email, phone) values (200, 'Therese', 'Wallwood', 'twallwood2r@arstechnica.com', '351-399-8203');
insert into therapist (therapistId, firstName, lastName, email, phone) values (201, 'Emera', 'Vigrass', 'evigrass2s@over-blog.com', '759-596-6931');
insert into therapist (therapistId, firstName, lastName, email, phone) values (202, 'Bud', 'Mordue', 'bmordue2t@pbs.org', '658-325-4950');
insert into therapist (therapistId, firstName, lastName, email, phone) values (203, 'Alida', 'Rettie', 'arettie2u@si.edu', '505-659-6490');
insert into therapist (therapistId, firstName, lastName, email, phone) values (204, 'Eal', 'Maudlen', 'emaudlen2v@reverbnation.com', '694-833-6215');
insert into therapist (therapistId, firstName, lastName, email, phone) values (205, 'Editha', 'Skeath', 'eskeath2w@bloglovin.com', '689-414-3145');
insert into therapist (therapistId, firstName, lastName, email, phone) values (206, 'Harriette', 'MacIver', 'hmaciver2x@phpbb.com', '713-667-2951');
insert into therapist (therapistId, firstName, lastName, email, phone) values (207, 'Malynda', 'Curling', 'mcurling2y@barnesandnoble.com', '559-526-8109');
insert into therapist (therapistId, firstName, lastName, email, phone) values (208, 'Alic', 'Lighton', 'alighton2z@bbc.co.uk', '293-275-1554');
insert into therapist (therapistId, firstName, lastName, email, phone) values (209, 'Zed', 'Popescu', 'zpopescu30@usgs.gov', '672-968-4410');
insert into therapist (therapistId, firstName, lastName, email, phone) values (210, 'Roxi', 'McQuillan', 'rmcquillan31@patch.com', '971-315-1571');
insert into therapist (therapistId, firstName, lastName, email, phone) values (211, 'Lisha', 'Worthy', 'lworthy32@redcross.org', '365-920-8901');
insert into therapist (therapistId, firstName, lastName, email, phone) values (212, 'Dusty', 'Bernardotti', 'dbernardotti33@sbwire.com', '205-577-8022');
insert into therapist (therapistId, firstName, lastName, email, phone) values (213, 'Garrett', 'Hansemann', 'ghansemann34@wikia.com', '544-840-3714');
insert into therapist (therapistId, firstName, lastName, email, phone) values (214, 'Kimberlyn', 'Vines', 'kvines35@irs.gov', '463-139-0251');
insert into therapist (therapistId, firstName, lastName, email, phone) values (215, 'Spence', 'MacGaughie', 'smacgaughie36@zimbio.com', '560-709-1316');
insert into therapist (therapistId, firstName, lastName, email, phone) values (216, 'Lynnell', 'Snepp', 'lsnepp37@gravatar.com', '550-752-5165');
insert into therapist (therapistId, firstName, lastName, email, phone) values (217, 'Urbano', 'Snasel', 'usnasel38@google.es', '533-424-8652');
insert into therapist (therapistId, firstName, lastName, email, phone) values (218, 'Vaughan', 'Rhydderch', 'vrhydderch39@wsj.com', '108-347-8256');
insert into therapist (therapistId, firstName, lastName, email, phone) values (219, 'Gustave', 'Fairpool', 'gfairpool3a@vkontakte.ru', '686-499-1123');
insert into therapist (therapistId, firstName, lastName, email, phone) values (220, 'Natka', 'Meijer', 'nmeijer3b@artisteer.com', '825-967-2989');
insert into therapist (therapistId, firstName, lastName, email, phone) values (221, 'Ferdinanda', 'MacEvilly', 'fmacevilly3c@berkeley.edu', '324-415-4839');
insert into therapist (therapistId, firstName, lastName, email, phone) values (222, 'Bettina', 'Edmands', 'bedmands3d@webmd.com', '876-692-6175');
insert into therapist (therapistId, firstName, lastName, email, phone) values (223, 'Otto', 'Langstaff', 'olangstaff3e@ft.com', '984-533-4741');
insert into therapist (therapistId, firstName, lastName, email, phone) values (224, 'Mae', 'Southwell', 'msouthwell3f@furl.net', '897-182-7385');
insert into therapist (therapistId, firstName, lastName, email, phone) values (225, 'Federica', 'Blinco', 'fblinco3g@samsung.com', '575-154-2160');
insert into therapist (therapistId, firstName, lastName, email, phone) values (226, 'Gabrielle', 'Crusham', 'gcrusham3h@alibaba.com', '267-717-6791');
insert into therapist (therapistId, firstName, lastName, email, phone) values (227, 'Thebault', 'Fibbitts', 'tfibbitts3i@ning.com', '704-410-9205');
insert into therapist (therapistId, firstName, lastName, email, phone) values (228, 'Mirabella', 'Cuardall', 'mcuardall3j@accuweather.com', '609-230-3182');
insert into therapist (therapistId, firstName, lastName, email, phone) values (229, 'Pieter', 'Pegg', 'ppegg3k@people.com.cn', '159-998-4776');
insert into therapist (therapistId, firstName, lastName, email, phone) values (230, 'Kippy', 'Cullimore', 'kcullimore3l@freewebs.com', '285-391-7095');
insert into therapist (therapistId, firstName, lastName, email, phone) values (231, 'Sayers', 'Grovier', 'sgrovier3m@gnu.org', '336-580-1192');
insert into therapist (therapistId, firstName, lastName, email, phone) values (232, 'Glen', 'Bolte', 'gbolte3n@oaic.gov.au', '427-357-9839');
insert into therapist (therapistId, firstName, lastName, email, phone) values (233, 'Tarah', 'Bruckstein', 'tbruckstein3o@php.net', '847-490-7249');
insert into therapist (therapistId, firstName, lastName, email, phone) values (234, 'Ronnie', 'Romanetti', 'rromanetti3p@ebay.com', '155-112-0389');
insert into therapist (therapistId, firstName, lastName, email, phone) values (235, 'Lorna', 'Matthisson', 'lmatthisson3q@prlog.org', '181-455-1663');
insert into therapist (therapistId, firstName, lastName, email, phone) values (236, 'Glyn', 'Drissell', 'gdrissell3r@godaddy.com', '580-902-3599');
insert into therapist (therapistId, firstName, lastName, email, phone) values (237, 'Renee', 'Edmonson', 'redmonson3s@howstuffworks.com', '306-942-2751');
insert into therapist (therapistId, firstName, lastName, email, phone) values (238, 'Salaidh', 'Peppard', 'speppard3t@usa.gov', '631-217-9937');
insert into therapist (therapistId, firstName, lastName, email, phone) values (239, 'Iona', 'Conibear', 'iconibear3u@ed.gov', '590-995-2983');
insert into therapist (therapistId, firstName, lastName, email, phone) values (240, 'Zola', 'Rispine', 'zrispine3v@japanpost.jp', '884-313-9621');
insert into therapist (therapistId, firstName, lastName, email, phone) values (241, 'Paxton', 'Ferrick', 'pferrick3w@economist.com', '991-314-2818');
insert into therapist (therapistId, firstName, lastName, email, phone) values (242, 'Ulrica', 'Woloschin', 'uwoloschin3x@ask.com', '611-185-3783');
insert into therapist (therapistId, firstName, lastName, email, phone) values (243, 'Malva', 'Arnaldy', 'marnaldy3y@360.cn', '564-344-0268');
insert into therapist (therapistId, firstName, lastName, email, phone) values (244, 'Glenn', 'MacIlhagga', 'gmacilhagga3z@taobao.com', '280-668-8993');
insert into therapist (therapistId, firstName, lastName, email, phone) values (245, 'Bobbye', 'Wayland', 'bwayland40@usatoday.com', '994-272-6004');
insert into therapist (therapistId, firstName, lastName, email, phone) values (246, 'Jennifer', 'Cello', 'jcello41@fema.gov', '235-475-1827');
insert into therapist (therapistId, firstName, lastName, email, phone) values (247, 'Donna', 'Neville', 'dneville42@bbc.co.uk', '893-956-6808');
insert into therapist (therapistId, firstName, lastName, email, phone) values (248, 'Christabel', 'Firk', 'cfirk43@studiopress.com', '392-748-4305');
insert into therapist (therapistId, firstName, lastName, email, phone) values (249, 'Trude', 'Row', 'trow44@hexun.com', '161-275-0473');
insert into therapist (therapistId, firstName, lastName, email, phone) values (250, 'Reinhold', 'Eymer', 'reymer45@bbb.org', '453-830-7931');
insert into therapist (therapistId, firstName, lastName, email, phone) values (251, 'Hashim', 'Tirone', 'htirone46@lulu.com', '244-685-9743');
insert into therapist (therapistId, firstName, lastName, email, phone) values (252, 'Osbourne', 'Swannell', 'oswannell47@artisteer.com', '320-292-5504');
insert into therapist (therapistId, firstName, lastName, email, phone) values (253, 'Wes', 'Tatem', 'wtatem48@paypal.com', '108-756-7879');
insert into therapist (therapistId, firstName, lastName, email, phone) values (254, 'Sacha', 'Scown', 'sscown49@washingtonpost.com', '512-534-9563');
insert into therapist (therapistId, firstName, lastName, email, phone) values (255, 'Torie', 'Louisot', 'tlouisot4a@aboutads.info', '790-826-4935');
insert into therapist (therapistId, firstName, lastName, email, phone) values (256, 'Lynnea', 'Luckhurst', 'lluckhurst4b@w3.org', '493-677-3808');
insert into therapist (therapistId, firstName, lastName, email, phone) values (257, 'Daniele', 'Tasker', 'dtasker4c@tinypic.com', '984-106-3509');
insert into therapist (therapistId, firstName, lastName, email, phone) values (258, 'Curry', 'Yandle', 'cyandle4d@yellowbook.com', '787-963-0172');
insert into therapist (therapistId, firstName, lastName, email, phone) values (259, 'Babs', 'Carnew', 'bcarnew4e@sakura.ne.jp', '715-486-4919');
insert into therapist (therapistId, firstName, lastName, email, phone) values (260, 'Maryann', 'Reitenbach', 'mreitenbach4f@shop-pro.jp', '500-697-5137');
insert into therapist (therapistId, firstName, lastName, email, phone) values (261, 'Elaina', 'Dell Casa', 'edellcasa4g@angelfire.com', '930-675-8400');
insert into therapist (therapistId, firstName, lastName, email, phone) values (262, 'Corie', 'Oattes', 'coattes4h@wordpress.org', '258-963-4817');
insert into therapist (therapistId, firstName, lastName, email, phone) values (263, 'Elly', 'Preist', 'epreist4i@aol.com', '668-477-5677');
insert into therapist (therapistId, firstName, lastName, email, phone) values (264, 'Guillaume', 'Amberg', 'gamberg4j@linkedin.com', '457-874-7010');
insert into therapist (therapistId, firstName, lastName, email, phone) values (265, 'Mason', 'Wyman', 'mwyman4k@nhs.uk', '755-184-0822');;







insert into user_settings (userId, notifications_on, contacts_on) values (1, false, false);
insert into user_settings (userId, notifications_on, contacts_on) values (2, true, null);
insert into user_settings (userId, notifications_on, contacts_on) values (3, true, null);
insert into user_settings (userId, notifications_on, contacts_on) values (4, false, false);
insert into user_settings (userId, notifications_on, contacts_on) values (5, null, true);
insert into user_settings (userId, notifications_on, contacts_on) values (6, null, null);
insert into user_settings (userId, notifications_on, contacts_on) values (7, null, false);
insert into user_settings (userId, notifications_on, contacts_on) values (8, null, null);
insert into user_settings (userId, notifications_on, contacts_on) values (9, null, true);
insert into user_settings (userId, notifications_on, contacts_on) values (10, false, false);
insert into user_settings (userId, notifications_on, contacts_on) values (11, false, false);
insert into user_settings (userId, notifications_on, contacts_on) values (12, false, true);
insert into user_settings (userId, notifications_on, contacts_on) values (13, true, null);
insert into user_settings (userId, notifications_on, contacts_on) values (14, true, false);
insert into user_settings (userId, notifications_on, contacts_on) values (15, null, null);
insert into user_settings (userId, notifications_on, contacts_on) values (16, false, false);
insert into user_settings (userId, notifications_on, contacts_on) values (17, null, false);
insert into user_settings (userId, notifications_on, contacts_on) values (18, false, true);
insert into user_settings (userId, notifications_on, contacts_on) values (19, null, true);
insert into user_settings (userId, notifications_on, contacts_on) values (20, null, false);
insert into user_settings (userId, notifications_on, contacts_on) values (21, null, null);
insert into user_settings (userId, notifications_on, contacts_on) values (22, true, true);
insert into user_settings (userId, notifications_on, contacts_on) values (23, true, false);
insert into user_settings (userId, notifications_on, contacts_on) values (24, false, false);
insert into user_settings (userId, notifications_on, contacts_on) values (25, false, null);
insert into user_settings (userId, notifications_on, contacts_on) values (26, null, false);
insert into user_settings (userId, notifications_on, contacts_on) values (27, true, true);
insert into user_settings (userId, notifications_on, contacts_on) values (28, true, true);
insert into user_settings (userId, notifications_on, contacts_on) values (29, true, true);
insert into user_settings (userId, notifications_on, contacts_on) values (30, true, false);
insert into user_settings (userId, notifications_on, contacts_on) values (31, null, false);
insert into user_settings (userId, notifications_on, contacts_on) values (32, null, false);
insert into user_settings (userId, notifications_on, contacts_on) values (33, false, false);
insert into user_settings (userId, notifications_on, contacts_on) values (34, true, true);
insert into user_settings (userId, notifications_on, contacts_on) values (35, false, true);
insert into user_settings (userId, notifications_on, contacts_on) values (36, false, false);
insert into user_settings (userId, notifications_on, contacts_on) values (37, false, null);
insert into user_settings (userId, notifications_on, contacts_on) values (38, true, true);
insert into user_settings (userId, notifications_on, contacts_on) values (39, null, false);
insert into user_settings (userId, notifications_on, contacts_on) values (40, false, false);
insert into user_settings (userId, notifications_on, contacts_on) values (41, false, true);
insert into user_settings (userId, notifications_on, contacts_on) values (42, false, true);
insert into user_settings (userId, notifications_on, contacts_on) values (43, null, null);
insert into user_settings (userId, notifications_on, contacts_on) values (44, false, true);
insert into user_settings (userId, notifications_on, contacts_on) values (45, false, false);
insert into user_settings (userId, notifications_on, contacts_on) values (46, true, null);
insert into user_settings (userId, notifications_on, contacts_on) values (47, false, true);
insert into user_settings (userId, notifications_on, contacts_on) values (48, false, true);
insert into user_settings (userId, notifications_on, contacts_on) values (49, null, true);
insert into user_settings (userId, notifications_on, contacts_on) values (50, false, true);
insert into user_settings (userId, notifications_on, contacts_on) values (51, false, true);
insert into user_settings (userId, notifications_on, contacts_on) values (52, null, false);
insert into user_settings (userId, notifications_on, contacts_on) values (53, false, null);
insert into user_settings (userId, notifications_on, contacts_on) values (54, null, false);
insert into user_settings (userId, notifications_on, contacts_on) values (55, true, true);
insert into user_settings (userId, notifications_on, contacts_on) values (56, null, false);
insert into user_settings (userId, notifications_on, contacts_on) values (57, false, false);
insert into user_settings (userId, notifications_on, contacts_on) values (58, true, true);
insert into user_settings (userId, notifications_on, contacts_on) values (59, true, true);
insert into user_settings (userId, notifications_on, contacts_on) values (60, false, true);
insert into user_settings (userId, notifications_on, contacts_on) values (61, false, true);
insert into user_settings (userId, notifications_on, contacts_on) values (62, null, true);
insert into user_settings (userId, notifications_on, contacts_on) values (63, false, false);
insert into user_settings (userId, notifications_on, contacts_on) values (64, false, null);
insert into user_settings (userId, notifications_on, contacts_on) values (65, true, null);
insert into user_settings (userId, notifications_on, contacts_on) values (66, false, null);
insert into user_settings (userId, notifications_on, contacts_on) values (67, null, true);
insert into user_settings (userId, notifications_on, contacts_on) values (68, true, true);
insert into user_settings (userId, notifications_on, contacts_on) values (69, null, true);
insert into user_settings (userId, notifications_on, contacts_on) values (70, true, true);
insert into user_settings (userId, notifications_on, contacts_on) values (71, false, false);
insert into user_settings (userId, notifications_on, contacts_on) values (72, true, null);
insert into user_settings (userId, notifications_on, contacts_on) values (73, null, null);
insert into user_settings (userId, notifications_on, contacts_on) values (74, true, true);
insert into user_settings (userId, notifications_on, contacts_on) values (75, true, true);
insert into user_settings (userId, notifications_on, contacts_on) values (76, true, true);
insert into user_settings (userId, notifications_on, contacts_on) values (77, true, false);
insert into user_settings (userId, notifications_on, contacts_on) values (78, false, false);
insert into user_settings (userId, notifications_on, contacts_on) values (79, false, null);
insert into user_settings (userId, notifications_on, contacts_on) values (80, null, false);
insert into user_settings (userId, notifications_on, contacts_on) values (81, null, true);
insert into user_settings (userId, notifications_on, contacts_on) values (82, false, true);
insert into user_settings (userId, notifications_on, contacts_on) values (83, false, null);
insert into user_settings (userId, notifications_on, contacts_on) values (84, false, null);
insert into user_settings (userId, notifications_on, contacts_on) values (85, true, false);
insert into user_settings (userId, notifications_on, contacts_on) values (86, false, false);
insert into user_settings (userId, notifications_on, contacts_on) values (87, null, null);
insert into user_settings (userId, notifications_on, contacts_on) values (88, true, true);
insert into user_settings (userId, notifications_on, contacts_on) values (89, false, null);
insert into user_settings (userId, notifications_on, contacts_on) values (90, true, null);
insert into user_settings (userId, notifications_on, contacts_on) values (91, true, false);
insert into user_settings (userId, notifications_on, contacts_on) values (92, null, true);
insert into user_settings (userId, notifications_on, contacts_on) values (93, null, false);
insert into user_settings (userId, notifications_on, contacts_on) values (94, false, false);
insert into user_settings (userId, notifications_on, contacts_on) values (95, false, true);
insert into user_settings (userId, notifications_on, contacts_on) values (96, false, null);
insert into user_settings (userId, notifications_on, contacts_on) values (97, null, null);
insert into user_settings (userId, notifications_on, contacts_on) values (98, false, false);
insert into user_settings (userId, notifications_on, contacts_on) values (99, false, null);
insert into user_settings (userId, notifications_on, contacts_on) values (100, false, null);
insert into user_settings (userId, notifications_on, contacts_on) values (101, false, true);
insert into user_settings (userId, notifications_on, contacts_on) values (102, true, false);
insert into user_settings (userId, notifications_on, contacts_on) values (103, true, false);
insert into user_settings (userId, notifications_on, contacts_on) values (104, true, true);
insert into user_settings (userId, notifications_on, contacts_on) values (105, null, true);
insert into user_settings (userId, notifications_on, contacts_on) values (106, false, null);
insert into user_settings (userId, notifications_on, contacts_on) values (107, false, true);
insert into user_settings (userId, notifications_on, contacts_on) values (108, null, null);
insert into user_settings (userId, notifications_on, contacts_on) values (109, false, false);
insert into user_settings (userId, notifications_on, contacts_on) values (110, false, null);
insert into user_settings (userId, notifications_on, contacts_on) values (111, true, true);
insert into user_settings (userId, notifications_on, contacts_on) values (112, false, true);
insert into user_settings (userId, notifications_on, contacts_on) values (113, false, false);
insert into user_settings (userId, notifications_on, contacts_on) values (114, false, false);
insert into user_settings (userId, notifications_on, contacts_on) values (115, true, true);
insert into user_settings (userId, notifications_on, contacts_on) values (116, true, true);
insert into user_settings (userId, notifications_on, contacts_on) values (117, true, false);
insert into user_settings (userId, notifications_on, contacts_on) values (118, true, null);
insert into user_settings (userId, notifications_on, contacts_on) values (119, true, true);
insert into user_settings (userId, notifications_on, contacts_on) values (120, false, false);
insert into user_settings (userId, notifications_on, contacts_on) values (121, true, true);
insert into user_settings (userId, notifications_on, contacts_on) values (122, null, true);
insert into user_settings (userId, notifications_on, contacts_on) values (123, true, null);
insert into user_settings (userId, notifications_on, contacts_on) values (124, true, false);
insert into user_settings (userId, notifications_on, contacts_on) values (125, null, null);
insert into user_settings (userId, notifications_on, contacts_on) values (126, false, null);
insert into user_settings (userId, notifications_on, contacts_on) values (127, false, false);
insert into user_settings (userId, notifications_on, contacts_on) values (128, true, false);
insert into user_settings (userId, notifications_on, contacts_on) values (129, null, true);
insert into user_settings (userId, notifications_on, contacts_on) values (130, true, false);
insert into user_settings (userId, notifications_on, contacts_on) values (131, null, false);
insert into user_settings (userId, notifications_on, contacts_on) values (132, null, false);
insert into user_settings (userId, notifications_on, contacts_on) values (133, false, false);
insert into user_settings (userId, notifications_on, contacts_on) values (134, false, true);
insert into user_settings (userId, notifications_on, contacts_on) values (135, true, false);
insert into user_settings (userId, notifications_on, contacts_on) values (136, false, false);
insert into user_settings (userId, notifications_on, contacts_on) values (137, true, true);
insert into user_settings (userId, notifications_on, contacts_on) values (138, false, null);
insert into user_settings (userId, notifications_on, contacts_on) values (139, false, null);
insert into user_settings (userId, notifications_on, contacts_on) values (140, false, false);
insert into user_settings (userId, notifications_on, contacts_on) values (141, true, true);
insert into user_settings (userId, notifications_on, contacts_on) values (142, null, false);
insert into user_settings (userId, notifications_on, contacts_on) values (143, true, null);
insert into user_settings (userId, notifications_on, contacts_on) values (144, false, false);
insert into user_settings (userId, notifications_on, contacts_on) values (145, true, true);
insert into user_settings (userId, notifications_on, contacts_on) values (146, true, null);
insert into user_settings (userId, notifications_on, contacts_on) values (147, null, true);
insert into user_settings (userId, notifications_on, contacts_on) values (148, true, false);
insert into user_settings (userId, notifications_on, contacts_on) values (149, true, null);
insert into user_settings (userId, notifications_on, contacts_on) values (150, true, true);
insert into user_settings (userId, notifications_on, contacts_on) values (151, false, true);
insert into user_settings (userId, notifications_on, contacts_on) values (152, true, true);
insert into user_settings (userId, notifications_on, contacts_on) values (153, null, true);
insert into user_settings (userId, notifications_on, contacts_on) values (154, false, true);
insert into user_settings (userId, notifications_on, contacts_on) values (155, true, false);
insert into user_settings (userId, notifications_on, contacts_on) values (156, false, true);
insert into user_settings (userId, notifications_on, contacts_on) values (157, true, true);
insert into user_settings (userId, notifications_on, contacts_on) values (158, null, null);
insert into user_settings (userId, notifications_on, contacts_on) values (159, true, false);
insert into user_settings (userId, notifications_on, contacts_on) values (160, false, true);
insert into user_settings (userId, notifications_on, contacts_on) values (161, true, true);
insert into user_settings (userId, notifications_on, contacts_on) values (162, null, true);
insert into user_settings (userId, notifications_on, contacts_on) values (163, true, false);
insert into user_settings (userId, notifications_on, contacts_on) values (164, null, true);
insert into user_settings (userId, notifications_on, contacts_on) values (165, true, null);
insert into user_settings (userId, notifications_on, contacts_on) values (166, true, null);
insert into user_settings (userId, notifications_on, contacts_on) values (167, false, true);
insert into user_settings (userId, notifications_on, contacts_on) values (168, null, true);
insert into user_settings (userId, notifications_on, contacts_on) values (169, true, false);
insert into user_settings (userId, notifications_on, contacts_on) values (170, true, true);
insert into user_settings (userId, notifications_on, contacts_on) values (171, false, null);
insert into user_settings (userId, notifications_on, contacts_on) values (172, false, true);
insert into user_settings (userId, notifications_on, contacts_on) values (173, true, true);
insert into user_settings (userId, notifications_on, contacts_on) values (174, null, true);
insert into user_settings (userId, notifications_on, contacts_on) values (175, true, false);
insert into user_settings (userId, notifications_on, contacts_on) values (176, false, true);
insert into user_settings (userId, notifications_on, contacts_on) values (177, false, false);
insert into user_settings (userId, notifications_on, contacts_on) values (178, false, true);
insert into user_settings (userId, notifications_on, contacts_on) values (179, false, true);
insert into user_settings (userId, notifications_on, contacts_on) values (180, false, true);
insert into user_settings (userId, notifications_on, contacts_on) values (181, null, null);
insert into user_settings (userId, notifications_on, contacts_on) values (182, true, true);
insert into user_settings (userId, notifications_on, contacts_on) values (183, null, null);
insert into user_settings (userId, notifications_on, contacts_on) values (184, null, false);
insert into user_settings (userId, notifications_on, contacts_on) values (185, false, false);
insert into user_settings (userId, notifications_on, contacts_on) values (186, false, true);
insert into user_settings (userId, notifications_on, contacts_on) values (187, false, null);
insert into user_settings (userId, notifications_on, contacts_on) values (188, true, null);
insert into user_settings (userId, notifications_on, contacts_on) values (189, null, true);
insert into user_settings (userId, notifications_on, contacts_on) values (190, false, true);
insert into user_settings (userId, notifications_on, contacts_on) values (191, false, true);
insert into user_settings (userId, notifications_on, contacts_on) values (192, null, true);
insert into user_settings (userId, notifications_on, contacts_on) values (193, true, null);
insert into user_settings (userId, notifications_on, contacts_on) values (194, true, false);
insert into user_settings (userId, notifications_on, contacts_on) values (195, false, false);
insert into user_settings (userId, notifications_on, contacts_on) values (196, true, false);
insert into user_settings (userId, notifications_on, contacts_on) values (197, null, null);
insert into user_settings (userId, notifications_on, contacts_on) values (198, false, null);
insert into user_settings (userId, notifications_on, contacts_on) values (199, null, false);
insert into user_settings (userId, notifications_on, contacts_on) values (200, null, false);







insert into user (userId, firstName, lastName, email, therapistId) values (1, 'Janaye', 'Hafner', 'jhafner0@pen.io', 1);
insert into user (userId, firstName, lastName, email, therapistId) values (2, 'Doralin', 'Houldcroft', 'dhouldcroft1@senate.gov', 2);
insert into user (userId, firstName, lastName, email, therapistId) values (3, 'Mead', 'Proven', 'mproven2@walmart.com', 3);
insert into user (userId, firstName, lastName, email, therapistId) values (4, 'Bevvy', 'Braunthal', 'bbraunthal3@twitpic.com', 4);
insert into user (userId, firstName, lastName, email, therapistId) values (5, 'Archibaldo', 'Prin', 'aprin4@census.gov', 5);
insert into user (userId, firstName, lastName, email, therapistId) values (6, 'Cornelia', 'Haldenby', 'chaldenby5@livejournal.com', 6);
insert into user (userId, firstName, lastName, email, therapistId) values (7, 'Renell', 'Boas', 'rboas6@hexun.com', 7);
insert into user (userId, firstName, lastName, email, therapistId) values (8, 'Claudine', 'Rabbitts', 'crabbitts7@ning.com', 8);
insert into user (userId, firstName, lastName, email, therapistId) values (9, 'Tully', 'Winfindale', 'twinfindale8@vistaprint.com', 9);
insert into user (userId, firstName, lastName, email, therapistId) values (10, 'Chaddy', 'MacGowan', 'cmacgowan9@sphinn.com', 10);
insert into user (userId, firstName, lastName, email, therapistId) values (11, 'Obed', 'Simioli', 'osimiolia@comsenz.com', 11);
insert into user (userId, firstName, lastName, email, therapistId) values (12, 'Mel', 'Alan', 'malanb@nationalgeographic.com', 12);
insert into user (userId, firstName, lastName, email, therapistId) values (13, 'Germain', 'Cuxon', 'gcuxonc@prweb.com', 13);
insert into user (userId, firstName, lastName, email, therapistId) values (14, 'Ibbie', 'Carleman', 'icarlemand@shop-pro.jp', 14);
insert into user (userId, firstName, lastName, email, therapistId) values (15, 'Cairistiona', 'Ornils', 'cornilse@bing.com', 15);
insert into user (userId, firstName, lastName, email, therapistId) values (16, 'Dorey', 'Barosch', 'dbaroschf@baidu.com', 16);
insert into user (userId, firstName, lastName, email, therapistId) values (17, 'Robinett', 'Embling', 'remblingg@youku.com', 17);
insert into user (userId, firstName, lastName, email, therapistId) values (18, 'Alissa', 'Carrell', 'acarrellh@google.fr', 18);
insert into user (userId, firstName, lastName, email, therapistId) values (19, 'Rudd', 'Capron', 'rcaproni@nature.com', 19);
insert into user (userId, firstName, lastName, email, therapistId) values (20, 'Stefanie', 'Volant', 'svolantj@delicious.com', 20);
insert into user (userId, firstName, lastName, email, therapistId) values (21, 'Shannon', 'Forrestall', 'sforrestallk@mysql.com', 21);
insert into user (userId, firstName, lastName, email, therapistId) values (22, 'Giorgi', 'Mocher', 'gmocherl@sbwire.com', 22);
insert into user (userId, firstName, lastName, email, therapistId) values (23, 'Richmond', 'Darlington', 'rdarlingtonm@fda.gov', 23);
insert into user (userId, firstName, lastName, email, therapistId) values (24, 'Shepperd', 'Cleary', 'sclearyn@simplemachines.org', 24);
insert into user (userId, firstName, lastName, email, therapistId) values (25, 'Dorie', 'Frankiewicz', 'dfrankiewiczo@ihg.com', 25);
insert into user (userId, firstName, lastName, email, therapistId) values (26, 'Tiffy', 'Stonebridge', 'tstonebridgep@accuweather.com', 26);
insert into user (userId, firstName, lastName, email, therapistId) values (27, 'Missy', 'Gothrup', 'mgothrupq@hostgator.com', 27);
insert into user (userId, firstName, lastName, email, therapistId) values (28, 'Tim', 'Groucutt', 'tgroucuttr@mysql.com', 28);
insert into user (userId, firstName, lastName, email, therapistId) values (29, 'Yankee', 'Beernaert', 'ybeernaerts@bbc.co.uk', 29);
insert into user (userId, firstName, lastName, email, therapistId) values (30, 'Ford', 'Ivanyukov', 'fivanyukovt@reference.com', 30);
insert into user (userId, firstName, lastName, email, therapistId) values (31, 'Katha', 'Beacock', 'kbeacocku@jimdo.com', 31);
insert into user (userId, firstName, lastName, email, therapistId) values (32, 'Chicky', 'Ilyas', 'cilyasv@latimes.com', 32);
insert into user (userId, firstName, lastName, email, therapistId) values (33, 'Parker', 'Binns', 'pbinnsw@google.ru', 33);
insert into user (userId, firstName, lastName, email, therapistId) values (34, 'Melody', 'Serotsky', 'mserotskyx@g.co', 34);
insert into user (userId, firstName, lastName, email, therapistId) values (35, 'Audrie', 'Portsmouth', 'aportsmouthy@xing.com', 35);
insert into user (userId, firstName, lastName, email, therapistId) values (36, 'Jeralee', 'Morcomb', 'jmorcombz@reuters.com', 36);
insert into user (userId, firstName, lastName, email, therapistId) values (37, 'Ogdan', 'Clarricoates', 'oclarricoates10@comcast.net', 37);
insert into user (userId, firstName, lastName, email, therapistId) values (38, 'Alaric', 'Purseglove', 'apurseglove11@nps.gov', 38);
insert into user (userId, firstName, lastName, email, therapistId) values (39, 'Karol', 'Winger', 'kwinger12@toplist.cz', 39);
insert into user (userId, firstName, lastName, email, therapistId) values (40, 'Garv', 'Lamdin', 'glamdin13@surveymonkey.com', 40);
insert into user (userId, firstName, lastName, email, therapistId) values (41, 'Mel', 'Seekings', 'mseekings14@odnoklassniki.ru', 41);
insert into user (userId, firstName, lastName, email, therapistId) values (42, 'Sybilla', 'Melarkey', 'smelarkey15@oakley.com', 42);
insert into user (userId, firstName, lastName, email, therapistId) values (43, 'Hope', 'Braidman', 'hbraidman16@sfgate.com', 43);
insert into user (userId, firstName, lastName, email, therapistId) values (44, 'Riobard', 'Meldon', 'rmeldon17@pinterest.com', 44);
insert into user (userId, firstName, lastName, email, therapistId) values (45, 'Olympie', 'Benitti', 'obenitti18@miitbeian.gov.cn', 45);
insert into user (userId, firstName, lastName, email, therapistId) values (46, 'Bernardina', 'Grindall', 'bgrindall19@ed.gov', 46);
insert into user (userId, firstName, lastName, email, therapistId) values (47, 'Randee', 'Lentsch', 'rlentsch1a@mapquest.com', 47);
insert into user (userId, firstName, lastName, email, therapistId) values (48, 'Sonia', 'Ruthven', 'sruthven1b@army.mil', 48);
insert into user (userId, firstName, lastName, email, therapistId) values (49, 'Idaline', 'Acreman', 'iacreman1c@webmd.com', 49);
insert into user (userId, firstName, lastName, email, therapistId) values (50, 'Joe', 'Laughtisse', 'jlaughtisse1d@reverbnation.com', 50);
insert into user (userId, firstName, lastName, email, therapistId) values (51, 'Letizia', 'Craighall', 'lcraighall1e@aboutads.info', 51);
insert into user (userId, firstName, lastName, email, therapistId) values (52, 'Stormi', 'Morrant', 'smorrant1f@amazon.co.jp', 52);
insert into user (userId, firstName, lastName, email, therapistId) values (53, 'Misti', 'Hollingshead', 'mhollingshead1g@scribd.com', 53);
insert into user (userId, firstName, lastName, email, therapistId) values (54, 'Jemmie', 'Monnelly', 'jmonnelly1h@sbwire.com', 54);
insert into user (userId, firstName, lastName, email, therapistId) values (55, 'Ede', 'Blaske', 'eblaske1i@omniture.com', 55);
insert into user (userId, firstName, lastName, email, therapistId) values (56, 'Dominick', 'Challicum', 'dchallicum1j@skype.com', 56);
insert into user (userId, firstName, lastName, email, therapistId) values (57, 'Mirabelle', 'Strute', 'mstrute1k@bluehost.com', 57);
insert into user (userId, firstName, lastName, email, therapistId) values (58, 'Jock', 'MacDaid', 'jmacdaid1l@google.nl', 58);
insert into user (userId, firstName, lastName, email, therapistId) values (59, 'Khalil', 'Barley', 'kbarley1m@bbb.org', 59);
insert into user (userId, firstName, lastName, email, therapistId) values (60, 'Karlotta', 'Rickertsen', 'krickertsen1n@google.es', 60);
insert into user (userId, firstName, lastName, email, therapistId) values (61, 'Thomasin', 'McGeown', 'tmcgeown1o@gmpg.org', 61);
insert into user (userId, firstName, lastName, email, therapistId) values (62, 'Karon', 'Else', 'kelse1p@google.co.jp', 62);
insert into user (userId, firstName, lastName, email, therapistId) values (63, 'Jarib', 'Schoffler', 'jschoffler1q@desdev.cn', 63);
insert into user (userId, firstName, lastName, email, therapistId) values (64, 'Gussi', 'Sayse', 'gsayse1r@google.cn', 64);
insert into user (userId, firstName, lastName, email, therapistId) values (65, 'Jobey', 'Du Fray', 'jdufray1s@scientificamerican.com', 65);
insert into user (userId, firstName, lastName, email, therapistId) values (66, 'Taber', 'Fotheringham', 'tfotheringham1t@smugmug.com', 66);
insert into user (userId, firstName, lastName, email, therapistId) values (67, 'Tonye', 'Whitehorn', 'twhitehorn1u@msn.com', 67);
insert into user (userId, firstName, lastName, email, therapistId) values (68, 'Edythe', 'Slegg', 'eslegg1v@infoseek.co.jp', 68);
insert into user (userId, firstName, lastName, email, therapistId) values (69, 'Claudina', 'McNair', 'cmcnair1w@cpanel.net', 69);
insert into user (userId, firstName, lastName, email, therapistId) values (70, 'Sile', 'Rowberry', 'srowberry1x@vk.com', 70);
insert into user (userId, firstName, lastName, email, therapistId) values (71, 'Sadie', 'Castellino', 'scastellino1y@imgur.com', 71);
insert into user (userId, firstName, lastName, email, therapistId) values (72, 'Jodie', 'Palin', 'jpalin1z@marketwatch.com', 72);
insert into user (userId, firstName, lastName, email, therapistId) values (73, 'Dody', 'Caves', 'dcaves20@eepurl.com', 73);
insert into user (userId, firstName, lastName, email, therapistId) values (74, 'Cymbre', 'Frost', 'cfrost21@yandex.ru', 74);
insert into user (userId, firstName, lastName, email, therapistId) values (75, 'Farris', 'Valdes', 'fvaldes22@creativecommons.org', 75);
insert into user (userId, firstName, lastName, email, therapistId) values (76, 'Marcela', 'Rackstraw', 'mrackstraw23@yelp.com', 76);
insert into user (userId, firstName, lastName, email, therapistId) values (77, 'Penni', 'Eliez', 'peliez24@oakley.com', 77);
insert into user (userId, firstName, lastName, email, therapistId) values (78, 'Allen', 'Skeete', 'askeete25@163.com', 78);
insert into user (userId, firstName, lastName, email, therapistId) values (79, 'Gayleen', 'Willoughway', 'gwilloughway26@wikia.com', 79);
insert into user (userId, firstName, lastName, email, therapistId) values (80, 'Janela', 'Meech', 'jmeech27@istockphoto.com', 80);
insert into user (userId, firstName, lastName, email, therapistId) values (81, 'Allyn', 'Cowdroy', 'acowdroy28@google.com', 81);
insert into user (userId, firstName, lastName, email, therapistId) values (82, 'Biddie', 'Corain', 'bcorain29@woothemes.com', 82);
insert into user (userId, firstName, lastName, email, therapistId) values (83, 'Edgard', 'Mathias', 'emathias2a@kickstarter.com', 83);
insert into user (userId, firstName, lastName, email, therapistId) values (84, 'Darcee', 'Danko', 'ddanko2b@blogtalkradio.com', 84);
insert into user (userId, firstName, lastName, email, therapistId) values (85, 'Damon', 'Bampkin', 'dbampkin2c@exblog.jp', 85);
insert into user (userId, firstName, lastName, email, therapistId) values (86, 'Misty', 'Beebis', 'mbeebis2d@mysql.com', 86);
insert into user (userId, firstName, lastName, email, therapistId) values (87, 'Salome', 'Grundell', 'sgrundell2e@friendfeed.com', 87);
insert into user (userId, firstName, lastName, email, therapistId) values (88, 'Meryl', 'Delahunty', 'mdelahunty2f@weibo.com', 88);
insert into user (userId, firstName, lastName, email, therapistId) values (89, 'Vivi', 'Sommerlie', 'vsommerlie2g@goo.ne.jp', 89);
insert into user (userId, firstName, lastName, email, therapistId) values (90, 'Kelly', 'Beynkn', 'kbeynkn2h@flickr.com', 90);
insert into user (userId, firstName, lastName, email, therapistId) values (91, 'Abdul', 'Ferbrache', 'aferbrache2i@dedecms.com', 91);
insert into user (userId, firstName, lastName, email, therapistId) values (92, 'Mada', 'McCarney', 'mmccarney2j@fda.gov', 92);
insert into user (userId, firstName, lastName, email, therapistId) values (93, 'Ortensia', 'Coulthard', 'ocoulthard2k@fastcompany.com', 93);
insert into user (userId, firstName, lastName, email, therapistId) values (94, 'Auroora', 'Dargavel', 'adargavel2l@elpais.com', 94);
insert into user (userId, firstName, lastName, email, therapistId) values (95, 'Florencia', 'Stubbs', 'fstubbs2m@google.pl', 95);
insert into user (userId, firstName, lastName, email, therapistId) values (96, 'Benito', 'Nekrews', 'bnekrews2n@wunderground.com', 96);
insert into user (userId, firstName, lastName, email, therapistId) values (97, 'Dana', 'Fendlow', 'dfendlow2o@etsy.com', 97);
insert into user (userId, firstName, lastName, email, therapistId) values (98, 'Aharon', 'Ianilli', 'aianilli2p@blogspot.com', 98);
insert into user (userId, firstName, lastName, email, therapistId) values (99, 'Jonie', 'Thirlwell', 'jthirlwell2q@furl.net', 99);
insert into user (userId, firstName, lastName, email, therapistId) values (100, 'Starr', 'McGunley', 'smcgunley2r@bloomberg.com', 100);
insert into user (userId, firstName, lastName, email, therapistId) values (101, 'Rosemary', 'Blackburne', 'rblackburne2s@harvard.edu', 101);
insert into user (userId, firstName, lastName, email, therapistId) values (102, 'Falito', 'Devers', 'fdevers2t@intel.com', 102);
insert into user (userId, firstName, lastName, email, therapistId) values (103, 'Dorine', 'Leavry', 'dleavry2u@tiny.cc', 103);
insert into user (userId, firstName, lastName, email, therapistId) values (104, 'Lou', 'Struthers', 'lstruthers2v@microsoft.com', 104);
insert into user (userId, firstName, lastName, email, therapistId) values (105, 'Humbert', 'Mayfield', 'hmayfield2w@acquirethisname.com', 105);
insert into user (userId, firstName, lastName, email, therapistId) values (106, 'Kathryn', 'Arkwright', 'karkwright2x@hao123.com', 106);
insert into user (userId, firstName, lastName, email, therapistId) values (107, 'Mable', 'Piola', 'mpiola2y@zimbio.com', 107);
insert into user (userId, firstName, lastName, email, therapistId) values (108, 'Allistir', 'Reynalds', 'areynalds2z@webnode.com', 108);
insert into user (userId, firstName, lastName, email, therapistId) values (109, 'Nicolina', 'Hugues', 'nhugues30@sciencedaily.com', 109);
insert into user (userId, firstName, lastName, email, therapistId) values (110, 'Bordy', 'Gothrup', 'bgothrup31@cbslocal.com', 110);
insert into user (userId, firstName, lastName, email, therapistId) values (111, 'Rafaellle', 'Rathmell', 'rrathmell32@yandex.ru', 111);
insert into user (userId, firstName, lastName, email, therapistId) values (112, 'Moritz', 'Sheppey', 'msheppey33@goo.ne.jp', 112);
insert into user (userId, firstName, lastName, email, therapistId) values (113, 'Kimberlyn', 'Prowting', 'kprowting34@bloglines.com', 113);
insert into user (userId, firstName, lastName, email, therapistId) values (114, 'Berkie', 'Claxson', 'bclaxson35@edublogs.org', 114);
insert into user (userId, firstName, lastName, email, therapistId) values (115, 'Weber', 'Planke', 'wplanke36@mlb.com', 115);
insert into user (userId, firstName, lastName, email, therapistId) values (116, 'Winifred', 'MacLure', 'wmaclure37@drupal.org', 116);
insert into user (userId, firstName, lastName, email, therapistId) values (117, 'Betteanne', 'Richfield', 'brichfield38@acquirethisname.com', 117);
insert into user (userId, firstName, lastName, email, therapistId) values (118, 'Huntlee', 'O''Feeny', 'hofeeny39@tripadvisor.com', 118);
insert into user (userId, firstName, lastName, email, therapistId) values (119, 'Mattie', 'Halling', 'mhalling3a@rambler.ru', 119);
insert into user (userId, firstName, lastName, email, therapistId) values (120, 'Travus', 'Manston', 'tmanston3b@infoseek.co.jp', 120);
insert into user (userId, firstName, lastName, email, therapistId) values (121, 'Ashely', 'Traylen', 'atraylen3c@psu.edu', 121);
insert into user (userId, firstName, lastName, email, therapistId) values (122, 'Janaye', 'Goodlett', 'jgoodlett3d@slideshare.net', 122);
insert into user (userId, firstName, lastName, email, therapistId) values (123, 'Natalie', 'Castleman', 'ncastleman3e@meetup.com', 123);
insert into user (userId, firstName, lastName, email, therapistId) values (124, 'Huntley', 'Noad', 'hnoad3f@webmd.com', 124);
insert into user (userId, firstName, lastName, email, therapistId) values (125, 'Olivette', 'Janks', 'ojanks3g@4shared.com', 125);
insert into user (userId, firstName, lastName, email, therapistId) values (126, 'Jessie', 'Slora', 'jslora3h@forbes.com', 126);
insert into user (userId, firstName, lastName, email, therapistId) values (127, 'Joyce', 'Cleyne', 'jcleyne3i@house.gov', 127);
insert into user (userId, firstName, lastName, email, therapistId) values (128, 'Maudie', 'Mallabar', 'mmallabar3j@acquirethisname.com', 128);
insert into user (userId, firstName, lastName, email, therapistId) values (129, 'Agnese', 'Laba', 'alaba3k@ft.com', 129);
insert into user (userId, firstName, lastName, email, therapistId) values (130, 'Arel', 'Phifer', 'aphifer3l@ibm.com', 130);
insert into user (userId, firstName, lastName, email, therapistId) values (131, 'Melodie', 'Phipps', 'mphipps3m@amazon.co.jp', 131);
insert into user (userId, firstName, lastName, email, therapistId) values (132, 'Leela', 'Astell', 'lastell3n@businesswire.com', 132);
insert into user (userId, firstName, lastName, email, therapistId) values (133, 'Engracia', 'Smidmore', 'esmidmore3o@altervista.org', 133);
insert into user (userId, firstName, lastName, email, therapistId) values (134, 'Efrem', 'Meedendorpe', 'emeedendorpe3p@people.com.cn', 134);
insert into user (userId, firstName, lastName, email, therapistId) values (135, 'Silvanus', 'Alleyne', 'salleyne3q@chronoengine.com', 135);
insert into user (userId, firstName, lastName, email, therapistId) values (136, 'Shepperd', 'Pargent', 'spargent3r@123-reg.co.uk', 136);
insert into user (userId, firstName, lastName, email, therapistId) values (137, 'Kelcie', 'McGhie', 'kmcghie3s@examiner.com', 137);
insert into user (userId, firstName, lastName, email, therapistId) values (138, 'Gisella', 'Gavigan', 'ggavigan3t@intel.com', 138);
insert into user (userId, firstName, lastName, email, therapistId) values (139, 'Stanislaus', 'Weinberg', 'sweinberg3u@linkedin.com', 139);
insert into user (userId, firstName, lastName, email, therapistId) values (140, 'Stavros', 'Demchen', 'sdemchen3v@stumbleupon.com', 140);
insert into user (userId, firstName, lastName, email, therapistId) values (141, 'Theodosia', 'Tansill', 'ttansill3w@devhub.com', 141);
insert into user (userId, firstName, lastName, email, therapistId) values (142, 'Noel', 'Rackley', 'nrackley3x@miibeian.gov.cn', 142);
insert into user (userId, firstName, lastName, email, therapistId) values (143, 'Pippo', 'Vedeneev', 'pvedeneev3y@census.gov', 143);
insert into user (userId, firstName, lastName, email, therapistId) values (144, 'Tomas', 'McNeillie', 'tmcneillie3z@seattletimes.com', 144);
insert into user (userId, firstName, lastName, email, therapistId) values (145, 'Corry', 'O'' Ronan', 'coronan40@guardian.co.uk', 145);
insert into user (userId, firstName, lastName, email, therapistId) values (146, 'Emmott', 'Warlock', 'ewarlock41@friendfeed.com', 146);
insert into user (userId, firstName, lastName, email, therapistId) values (147, 'Cori', 'Baxstar', 'cbaxstar42@is.gd', 147);
insert into user (userId, firstName, lastName, email, therapistId) values (148, 'Hedi', 'Cleugh', 'hcleugh43@privacy.gov.au', 148);
insert into user (userId, firstName, lastName, email, therapistId) values (149, 'Caddric', 'Overel', 'coverel44@jigsy.com', 149);
insert into user (userId, firstName, lastName, email, therapistId) values (150, 'Myrvyn', 'Francois', 'mfrancois45@ucoz.ru', 150);
insert into user (userId, firstName, lastName, email, therapistId) values (151, 'Katalin', 'Maddrah', 'kmaddrah46@google.co.jp', 151);
insert into user (userId, firstName, lastName, email, therapistId) values (152, 'Garald', 'Rooms', 'grooms47@vinaora.com', 152);
insert into user (userId, firstName, lastName, email, therapistId) values (153, 'Lauree', 'Manske', 'lmanske48@hibu.com', 153);
insert into user (userId, firstName, lastName, email, therapistId) values (154, 'Rosamond', 'Lynock', 'rlynock49@shinystat.com', 154);
insert into user (userId, firstName, lastName, email, therapistId) values (155, 'Webster', 'Domanek', 'wdomanek4a@freewebs.com', 155);
insert into user (userId, firstName, lastName, email, therapistId) values (156, 'Annabella', 'Corsar', 'acorsar4b@furl.net', 156);
insert into user (userId, firstName, lastName, email, therapistId) values (157, 'Birgitta', 'Manicomb', 'bmanicomb4c@seattletimes.com', 157);
insert into user (userId, firstName, lastName, email, therapistId) values (158, 'Bunny', 'Lanphere', 'blanphere4d@ebay.com', 158);
insert into user (userId, firstName, lastName, email, therapistId) values (159, 'Traver', 'Jellman', 'tjellman4e@amazon.de', 159);
insert into user (userId, firstName, lastName, email, therapistId) values (160, 'Rory', 'Byatt', 'rbyatt4f@eventbrite.com', 160);
insert into user (userId, firstName, lastName, email, therapistId) values (161, 'Clyve', 'Kemm', 'ckemm4g@dailymotion.com', 161);
insert into user (userId, firstName, lastName, email, therapistId) values (162, 'Enoch', 'Werny', 'ewerny4h@go.com', 162);
insert into user (userId, firstName, lastName, email, therapistId) values (163, 'Cliff', 'Diamant', 'cdiamant4i@ucsd.edu', 163);
insert into user (userId, firstName, lastName, email, therapistId) values (164, 'Valentijn', 'MacGown', 'vmacgown4j@google.co.uk', 164);
insert into user (userId, firstName, lastName, email, therapistId) values (165, 'Harli', 'Symonds', 'hsymonds4k@domainmarket.com', 165);
insert into user (userId, firstName, lastName, email, therapistId) values (166, 'Sheree', 'Allwood', 'sallwood4l@china.com.cn', 166);
insert into user (userId, firstName, lastName, email, therapistId) values (167, 'Leslie', 'Garey', 'lgarey4m@businessweek.com', 167);
insert into user (userId, firstName, lastName, email, therapistId) values (168, 'Garrett', 'Faircliff', 'gfaircliff4n@utexas.edu', 168);
insert into user (userId, firstName, lastName, email, therapistId) values (169, 'Shandie', 'Stoney', 'sstoney4o@usatoday.com', 169);
insert into user (userId, firstName, lastName, email, therapistId) values (170, 'Duane', 'Ramet', 'dramet4p@networksolutions.com', 170);
insert into user (userId, firstName, lastName, email, therapistId) values (171, 'Carlynn', 'Ardling', 'cardling4q@multiply.com', 171);
insert into user (userId, firstName, lastName, email, therapistId) values (172, 'Smith', 'Conboy', 'sconboy4r@plala.or.jp', 172);
insert into user (userId, firstName, lastName, email, therapistId) values (173, 'Orly', 'Bondley', 'obondley4s@bigcartel.com', 173);
insert into user (userId, firstName, lastName, email, therapistId) values (174, 'Happy', 'McKeeman', 'hmckeeman4t@stanford.edu', 174);
insert into user (userId, firstName, lastName, email, therapistId) values (175, 'Ricky', 'Fawcitt', 'rfawcitt4u@angelfire.com', 175);
insert into user (userId, firstName, lastName, email, therapistId) values (176, 'Ransell', 'Marfield', 'rmarfield4v@nature.com', 176);
insert into user (userId, firstName, lastName, email, therapistId) values (177, 'Renaud', 'Chinnock', 'rchinnock4w@chron.com', 177);
insert into user (userId, firstName, lastName, email, therapistId) values (178, 'Jewell', 'Pepperrall', 'jpepperrall4x@yahoo.com', 178);
insert into user (userId, firstName, lastName, email, therapistId) values (179, 'Brockie', 'Ryrie', 'bryrie4y@bravesites.com', 179);
insert into user (userId, firstName, lastName, email, therapistId) values (180, 'Wenona', 'Putman', 'wputman4z@foxnews.com', 180);
insert into user (userId, firstName, lastName, email, therapistId) values (181, 'Rhodia', 'Rittmeyer', 'rrittmeyer50@craigslist.org', 181);
insert into user (userId, firstName, lastName, email, therapistId) values (182, 'Rebeca', 'Woolis', 'rwoolis51@delicious.com', 182);
insert into user (userId, firstName, lastName, email, therapistId) values (183, 'Ode', 'Allmark', 'oallmark52@jimdo.com', 183);
insert into user (userId, firstName, lastName, email, therapistId) values (184, 'Alisun', 'Westover', 'awestover53@businesswire.com', 184);
insert into user (userId, firstName, lastName, email, therapistId) values (185, 'Nancey', 'Mayberry', 'nmayberry54@upenn.edu', 185);
insert into user (userId, firstName, lastName, email, therapistId) values (186, 'Kimberley', 'Maguire', 'kmaguire55@etsy.com', 186);
insert into user (userId, firstName, lastName, email, therapistId) values (187, 'Estevan', 'Luty', 'eluty56@4shared.com', 187);
insert into user (userId, firstName, lastName, email, therapistId) values (188, 'Tyne', 'Jest', 'tjest57@odnoklassniki.ru', 188);
insert into user (userId, firstName, lastName, email, therapistId) values (189, 'Martainn', 'Gilchrist', 'mgilchrist58@nationalgeographic.com', 189);
insert into user (userId, firstName, lastName, email, therapistId) values (190, 'Garfield', 'Labbez', 'glabbez59@ask.com', 190);
insert into user (userId, firstName, lastName, email, therapistId) values (191, 'Morissa', 'Bartels-Ellis', 'mbartelsellis5a@ebay.co.uk', 191);
insert into user (userId, firstName, lastName, email, therapistId) values (192, 'Donia', 'McGrae', 'dmcgrae5b@phpbb.com', 192);
insert into user (userId, firstName, lastName, email, therapistId) values (193, 'Bear', 'Bartzen', 'bbartzen5c@sakura.ne.jp', 193);
insert into user (userId, firstName, lastName, email, therapistId) values (194, 'Powell', 'Hudleston', 'phudleston5d@deliciousdays.com', 194);
insert into user (userId, firstName, lastName, email, therapistId) values (195, 'Crawford', 'Quarry', 'cquarry5e@redcross.org', 195);
insert into user (userId, firstName, lastName, email, therapistId) values (196, 'Zacharia', 'Gwyneth', 'zgwyneth5f@pen.io', 196);
insert into user (userId, firstName, lastName, email, therapistId) values (197, 'Tabatha', 'Happs', 'thapps5g@biblegateway.com', 197);
insert into user (userId, firstName, lastName, email, therapistId) values (198, 'Jeanelle', 'Bullier', 'jbullier5h@smh.com.au', 198);
insert into user (userId, firstName, lastName, email, therapistId) values (199, 'Bartlett', 'Finnimore', 'bfinnimore5i@nyu.edu', 199);
insert into user (userId, firstName, lastName, email, therapistId) values (200, 'Kellen', 'Kingsman', 'kkingsman5j@g.co', 200);
